-- MySQL dump 10.13  Distrib 5.6.21, for Win32 (x86)
--
-- Host: localhost    Database: cityguide
-- ------------------------------------------------------
-- Server version	5.6.21

/*!40101 SET @OLD_CHARACTER_SET_CLIENT=@@CHARACTER_SET_CLIENT */;
/*!40101 SET @OLD_CHARACTER_SET_RESULTS=@@CHARACTER_SET_RESULTS */;
/*!40101 SET @OLD_COLLATION_CONNECTION=@@COLLATION_CONNECTION */;
/*!40101 SET NAMES utf8 */;
/*!40103 SET @OLD_TIME_ZONE=@@TIME_ZONE */;
/*!40103 SET TIME_ZONE='+00:00' */;
/*!40014 SET @OLD_UNIQUE_CHECKS=@@UNIQUE_CHECKS, UNIQUE_CHECKS=0 */;
/*!40014 SET @OLD_FOREIGN_KEY_CHECKS=@@FOREIGN_KEY_CHECKS, FOREIGN_KEY_CHECKS=0 */;
/*!40101 SET @OLD_SQL_MODE=@@SQL_MODE, SQL_MODE='NO_AUTO_VALUE_ON_ZERO' */;
/*!40111 SET @OLD_SQL_NOTES=@@SQL_NOTES, SQL_NOTES=0 */;

--
-- Table structure for table `ads`
--

DROP TABLE IF EXISTS `ads`;
/*!40101 SET @saved_cs_client     = @@character_set_client */;
/*!40101 SET character_set_client = utf8 */;
CREATE TABLE `ads` (
  `id` int(11) NOT NULL AUTO_INCREMENT,
  `code` varchar(45) COLLATE utf8_unicode_ci DEFAULT NULL,
  `title` varchar(45) COLLATE utf8_unicode_ci DEFAULT NULL,
  `type` varchar(45) COLLATE utf8_unicode_ci DEFAULT NULL,
  `description` varchar(45) COLLATE utf8_unicode_ci DEFAULT NULL,
  `width` varchar(15) COLLATE utf8_unicode_ci DEFAULT NULL,
  `height` varchar(15) COLLATE utf8_unicode_ci DEFAULT NULL,
  `link` varchar(160) COLLATE utf8_unicode_ci DEFAULT NULL,
  `repository_id` int(11) DEFAULT NULL,
  `is_activated` tinyint(1) DEFAULT '1',
  `is_hardlocked` tinyint(1) DEFAULT '0',
  `is_random` tinyint(1) DEFAULT '0',
  PRIMARY KEY (`id`)
) ENGINE=InnoDB AUTO_INCREMENT=5 DEFAULT CHARSET=utf8 COLLATE=utf8_unicode_ci;
/*!40101 SET character_set_client = @saved_cs_client */;

--
-- Dumping data for table `ads`
--

INSERT INTO `ads` VALUES (1,'Leaderboard','Jira','2','Leaderboard banner 728x90','728','90','https://www.atlassian.com',235,1,0,1),(3,'0','Volkswagen Golf','1','Volkswagen Golf banner','0','0','http://en.wikipedia.org/wiki/Volkswagen_Golf',238,1,0,1),(4,NULL,'webtechcon','0','webtechcon',NULL,NULL,'http://webtechcon.de',239,1,0,1);

--
-- Table structure for table `affilate_packages`
--

DROP TABLE IF EXISTS `affilate_packages`;
/*!40101 SET @saved_cs_client     = @@character_set_client */;
/*!40101 SET character_set_client = utf8 */;
CREATE TABLE `affilate_packages` (
  `id_affilate_packages` int(11) NOT NULL AUTO_INCREMENT,
  `user_id` int(11) DEFAULT NULL,
  `treefield_id` int(11) DEFAULT NULL,
  `date_last_payment` datetime DEFAULT NULL,
  `date_expire` datetime DEFAULT NULL,
  `paid_total` decimal(9,2) DEFAULT NULL,
  `currency` varchar(45) COLLATE utf8_unicode_ci DEFAULT NULL,
  PRIMARY KEY (`id_affilate_packages`)
) ENGINE=InnoDB DEFAULT CHARSET=utf8 COLLATE=utf8_unicode_ci;
/*!40101 SET character_set_client = @saved_cs_client */;

--
-- Dumping data for table `affilate_packages`
--


--
-- Table structure for table `agency_agent`
--

DROP TABLE IF EXISTS `agency_agent`;
/*!40101 SET @saved_cs_client     = @@character_set_client */;
/*!40101 SET character_set_client = utf8 */;
CREATE TABLE `agency_agent` (
  `id` int(11) NOT NULL AUTO_INCREMENT,
  `agency_id` int(11) DEFAULT NULL,
  `agent_id` int(11) DEFAULT NULL,
  PRIMARY KEY (`id`)
) ENGINE=InnoDB DEFAULT CHARSET=utf8 COLLATE=utf8_unicode_ci;
/*!40101 SET character_set_client = @saved_cs_client */;

--
-- Dumping data for table `agency_agent`
--


--
-- Table structure for table `backup`
--

DROP TABLE IF EXISTS `backup`;
/*!40101 SET @saved_cs_client     = @@character_set_client */;
/*!40101 SET character_set_client = utf8 */;
CREATE TABLE `backup` (
  `id` int(11) NOT NULL AUTO_INCREMENT,
  `date_created` datetime DEFAULT NULL,
  `sql_file` varchar(160) COLLATE utf8_unicode_ci DEFAULT NULL,
  `zip_file` varchar(160) COLLATE utf8_unicode_ci DEFAULT NULL,
  `script_version` varchar(45) COLLATE utf8_unicode_ci DEFAULT NULL,
  PRIMARY KEY (`id`)
) ENGINE=InnoDB DEFAULT CHARSET=utf8 COLLATE=utf8_unicode_ci;
/*!40101 SET character_set_client = @saved_cs_client */;

--
-- Dumping data for table `backup`
--


--
-- Table structure for table `cacher`
--

DROP TABLE IF EXISTS `cacher`;
/*!40101 SET @saved_cs_client     = @@character_set_client */;
/*!40101 SET character_set_client = utf8 */;
CREATE TABLE `cacher` (
  `id` int(11) NOT NULL AUTO_INCREMENT,
  `index_hash` varchar(40) COLLATE utf8_unicode_ci DEFAULT NULL,
  `index_real` varchar(100) COLLATE utf8_unicode_ci DEFAULT NULL,
  `value` text COLLATE utf8_unicode_ci,
  `expire_date` datetime DEFAULT NULL,
  PRIMARY KEY (`id`),
  UNIQUE KEY `index_chars_UNIQUE` (`index_hash`)
) ENGINE=InnoDB AUTO_INCREMENT=32 DEFAULT CHARSET=utf8 COLLATE=utf8_unicode_ci;
/*!40101 SET character_set_client = @saved_cs_client */;

--
-- Dumping data for table `cacher`
--

INSERT INTO `cacher` VALUES (31,'90f296016d429eb3ab7fc87af6c9d08c','zagreb','s:1537:\"{\n   \"results\" : [\n      {\n         \"address_components\" : [\n            {\n               \"long_name\" : \"Zagreb\",\n               \"short_name\" : \"Zagreb\",\n               \"types\" : [ \"locality\", \"political\" ]\n            },\n            {\n               \"long_name\" : \"City of Zagreb\",\n               \"short_name\" : \"City of Zagreb\",\n               \"types\" : [ \"administrative_area_level_1\", \"political\" ]\n            },\n            {\n               \"long_name\" : \"Croatia\",\n               \"short_name\" : \"HR\",\n               \"types\" : [ \"country\", \"political\" ]\n            }\n         ],\n         \"formatted_address\" : \"Zagreb, Croatia\",\n         \"geometry\" : {\n            \"bounds\" : {\n               \"northeast\" : {\n                  \"lat\" : 45.9395392,\n                  \"lng\" : 16.1069727\n               },\n               \"southwest\" : {\n                  \"lat\" : 45.7408527,\n                  \"lng\" : 15.8216904\n               }\n            },\n            \"location\" : {\n               \"lat\" : 45.8150108,\n               \"lng\" : 15.981919\n            },\n            \"location_type\" : \"APPROXIMATE\",\n            \"viewport\" : {\n               \"northeast\" : {\n                  \"lat\" : 45.9395392,\n                  \"lng\" : 16.1069727\n               },\n               \"southwest\" : {\n                  \"lat\" : 45.7408527,\n                  \"lng\" : 15.8216904\n               }\n            }\n         },\n         \"place_id\" : \"ChIJOcwCyZLWZUcRisL7KJYkRTo\",\n         \"types\" : [ \"locality\", \"political\" ]\n      }\n   ],\n   \"status\" : \"OK\"\n}\n\";','2023-05-23 18:09:16');

--
-- Table structure for table `ci_sessions`
--

DROP TABLE IF EXISTS `ci_sessions`;
/*!40101 SET @saved_cs_client     = @@character_set_client */;
/*!40101 SET character_set_client = utf8 */;
CREATE TABLE `ci_sessions` (
  `session_id` varchar(40) COLLATE utf8_unicode_ci NOT NULL DEFAULT '0',
  `ip_address` varchar(45) COLLATE utf8_unicode_ci NOT NULL DEFAULT '0',
  `user_agent` varchar(120) COLLATE utf8_unicode_ci NOT NULL,
  `last_activity` int(10) unsigned NOT NULL DEFAULT '0',
  `user_data` text COLLATE utf8_unicode_ci NOT NULL,
  PRIMARY KEY (`session_id`),
  KEY `last_activity_idx` (`last_activity`)
) ENGINE=MyISAM DEFAULT CHARSET=utf8 COLLATE=utf8_unicode_ci;
/*!40101 SET character_set_client = @saved_cs_client */;

--
-- Dumping data for table `ci_sessions`
--


--
-- Table structure for table `conversions`
--

DROP TABLE IF EXISTS `conversions`;
/*!40101 SET @saved_cs_client     = @@character_set_client */;
/*!40101 SET character_set_client = utf8 */;
CREATE TABLE `conversions` (
  `id` int(11) NOT NULL,
  `currency_code` varchar(10) COLLATE utf8_unicode_ci DEFAULT NULL,
  `conversion_index` decimal(10,2) DEFAULT NULL,
  `currency_symbol` varchar(5) COLLATE utf8_unicode_ci DEFAULT NULL
) ENGINE=InnoDB DEFAULT CHARSET=utf8 COLLATE=utf8_unicode_ci;
/*!40101 SET character_set_client = @saved_cs_client */;

--
-- Dumping data for table `conversions`
--

INSERT INTO `conversions` VALUES (1,'HRK',1.00,NULL),(2,'EUR',7.50,''),(3,'USD',6.50,'$');

--
-- Table structure for table `custom_templates`
--

DROP TABLE IF EXISTS `custom_templates`;
/*!40101 SET @saved_cs_client     = @@character_set_client */;
/*!40101 SET character_set_client = utf8 */;
CREATE TABLE `custom_templates` (
  `id` int(11) NOT NULL AUTO_INCREMENT,
  `theme` varchar(150) COLLATE utf8_unicode_ci DEFAULT NULL,
  `template_name` varchar(150) COLLATE utf8_unicode_ci DEFAULT NULL,
  `type` varchar(45) COLLATE utf8_unicode_ci DEFAULT NULL COMMENT 'RIGHT|LEFT',
  `widgets_order` text COLLATE utf8_unicode_ci,
  PRIMARY KEY (`id`)
) ENGINE=InnoDB AUTO_INCREMENT=3 DEFAULT CHARSET=utf8 COLLATE=utf8_unicode_ci;
/*!40101 SET character_set_client = @saved_cs_client */;

--
-- Dumping data for table `custom_templates`
--

INSERT INTO `custom_templates` VALUES (1,'realocation','Custom Contact','RIGHT','{  \"header\": [  \"header_usermenu\", \"header_headertop\", \"header_menu\" ], \"top\": [  \"top_slogan\", \"top_companymap\" ], \"center\": [  \"center_defaultcontent\", \"center_contact\" ], \"right\": [  \"right_recentproperties\" ], \"bottom\": [ ], \"footer\": [  \"footer_rights\", \"footer_social\" ] }'),(2,'realsite','visual-test','RIGHT','{  \"header\": [  \"header_loginmenu\", \"header_mainmenu\" ], \"top\": [  \"top_slidercityguide\" ], \"center\": [  \"center_carouselrecentproperties\", \"center_defaultcontent\" ], \"right\": [  \"right_contact\" ], \"bottom\": [  \"bottom_choosecolor\", \"bottom_partners\" ], \"footer\": [  \"footer_allreserved\" ] }');

--
-- Table structure for table `dependent_field`
--

DROP TABLE IF EXISTS `dependent_field`;
/*!40101 SET @saved_cs_client     = @@character_set_client */;
/*!40101 SET character_set_client = utf8 */;
CREATE TABLE `dependent_field` (
  `id_dependent_field` int(11) NOT NULL AUTO_INCREMENT,
  `field_id` int(11) DEFAULT NULL COMMENT 'Dependent field/option id',
  `selected_index` int(11) DEFAULT NULL COMMENT 'Selected dropdown index',
  `selected_value` int(11) DEFAULT NULL COMMENT 'Dependent field value (not required)',
  `hidden_fields_list` text COLLATE utf8_unicode_ci COMMENT 'saparated with comma "1,2,3"',
  PRIMARY KEY (`id_dependent_field`)
) ENGINE=InnoDB DEFAULT CHARSET=utf8 COLLATE=utf8_unicode_ci;
/*!40101 SET character_set_client = @saved_cs_client */;

--
-- Dumping data for table `dependent_field`
--


--
-- Table structure for table `enquire`
--

DROP TABLE IF EXISTS `enquire`;
/*!40101 SET @saved_cs_client     = @@character_set_client */;
/*!40101 SET character_set_client = utf8 */;
CREATE TABLE `enquire` (
  `id` int(11) NOT NULL AUTO_INCREMENT,
  `property_id` int(11) DEFAULT NULL,
  `name_surname` varchar(45) COLLATE utf8_unicode_ci DEFAULT NULL,
  `phone` varchar(45) COLLATE utf8_unicode_ci DEFAULT NULL,
  `date` datetime DEFAULT NULL,
  `mail` varchar(45) COLLATE utf8_unicode_ci DEFAULT NULL,
  `message` text COLLATE utf8_unicode_ci,
  `readed` binary(1) DEFAULT '0',
  `address` text COLLATE utf8_unicode_ci,
  `fromdate` varchar(20) COLLATE utf8_unicode_ci DEFAULT NULL,
  `todate` varchar(20) COLLATE utf8_unicode_ci DEFAULT NULL,
  `last_reply` text COLLATE utf8_unicode_ci,
  `agent_id` int(11) DEFAULT NULL,
  `from_id` int(11) DEFAULT NULL,
  `to_id` int(11) DEFAULT NULL,
  `del_from` int(11) NOT NULL DEFAULT '0',
  `del_to` int(11) NOT NULL DEFAULT '0',
  PRIMARY KEY (`id`),
  KEY `fk_enquire_property1_idx` (`property_id`),
  CONSTRAINT `fk_enquire_property1` FOREIGN KEY (`property_id`) REFERENCES `property` (`id`) ON DELETE NO ACTION ON UPDATE NO ACTION
) ENGINE=InnoDB DEFAULT CHARSET=utf8 COLLATE=utf8_unicode_ci;
/*!40101 SET character_set_client = @saved_cs_client */;

--
-- Dumping data for table `enquire`
--


--
-- Table structure for table `favorites`
--

DROP TABLE IF EXISTS `favorites`;
/*!40101 SET @saved_cs_client     = @@character_set_client */;
/*!40101 SET character_set_client = utf8 */;
CREATE TABLE `favorites` (
  `id` int(11) NOT NULL AUTO_INCREMENT,
  `date_saved` datetime DEFAULT NULL,
  `lang_code` varchar(45) COLLATE utf8_unicode_ci DEFAULT 'en',
  `user_id` int(11) DEFAULT NULL,
  `property_id` int(11) DEFAULT NULL,
  `date_last_informed` datetime DEFAULT NULL,
  PRIMARY KEY (`id`)
) ENGINE=InnoDB DEFAULT CHARSET=utf8 COLLATE=utf8_unicode_ci;
/*!40101 SET character_set_client = @saved_cs_client */;

--
-- Dumping data for table `favorites`
--


--
-- Table structure for table `file`
--

DROP TABLE IF EXISTS `file`;
/*!40101 SET @saved_cs_client     = @@character_set_client */;
/*!40101 SET character_set_client = utf8 */;
CREATE TABLE `file` (
  `id` int(11) NOT NULL AUTO_INCREMENT,
  `order` int(11) DEFAULT NULL,
  `filename` varchar(200) COLLATE utf8_unicode_ci DEFAULT NULL,
  `filetype` varchar(45) COLLATE utf8_unicode_ci DEFAULT NULL,
  `repository_id` int(11) NOT NULL,
  `alt` varchar(100) COLLATE utf8_unicode_ci DEFAULT NULL,
  `description` text COLLATE utf8_unicode_ci,
  `title` varchar(255) COLLATE utf8_unicode_ci DEFAULT NULL,
  `link` varchar(255) COLLATE utf8_unicode_ci DEFAULT NULL,
  PRIMARY KEY (`id`),
  UNIQUE KEY `filename_UNIQUE` (`filename`),
  KEY `fk_file_repository1_idx` (`repository_id`),
  CONSTRAINT `fk_file_repository1` FOREIGN KEY (`repository_id`) REFERENCES `repository` (`id`) ON DELETE NO ACTION ON UPDATE NO ACTION
) ENGINE=InnoDB AUTO_INCREMENT=339 DEFAULT CHARSET=utf8 COLLATE=utf8_unicode_ci;
/*!40101 SET character_set_client = @saved_cs_client */;

--
-- Dumping data for table `file`
--

INSERT INTO `file` VALUES (1,1,'sandi.winter.jpg','image/jpeg',6,NULL,NULL,NULL,NULL),(2,2,'agent.jpg','image/jpeg',21,NULL,NULL,NULL,NULL),(64,30,'agent-lazo.jpg','image/jpeg',184,NULL,NULL,NULL,NULL),(65,31,'pero-agent.jpg','image/jpeg',185,NULL,NULL,NULL,NULL),(69,32,'162803672_8244db2362_o (1).jpg','image/jpeg',199,NULL,NULL,NULL,NULL),(70,33,'5388656350_fc498d8f1f_b (1).jpg','image/jpeg',199,NULL,NULL,NULL,NULL),(71,34,'5388051533_4e871bde69_b (1).jpg','image/jpeg',199,NULL,NULL,NULL,NULL),(91,1,'413539183_cc8e400d9d_o.jpg','image/jpeg',24,NULL,NULL,NULL,NULL),(92,2,'413539186_5b9d7a1390_o.jpg','image/jpeg',24,NULL,NULL,NULL,NULL),(93,3,'413539179_0f7a2d340c_o.jpg','image/jpeg',24,NULL,NULL,NULL,NULL),(94,4,'413539182_ca0a93549d_o.jpg','image/jpeg',24,NULL,NULL,NULL,NULL),(95,39,'5388658660_975a93b2ae_b (1).jpg','image/jpeg',207,NULL,NULL,NULL,NULL),(96,40,'5388053335_81ea378b09_b (1).jpg','image/jpeg',207,NULL,NULL,NULL,NULL),(97,41,'5388053637_ba77c0b486_b (1).jpg','image/jpeg',207,NULL,NULL,NULL,NULL),(98,42,'5388050721_b84cf3a0a3_b (1).jpg','image/jpeg',208,NULL,NULL,NULL,NULL),(99,43,'5388050983_0bf177bb8a_b (1).jpg','image/jpeg',208,NULL,NULL,NULL,NULL),(100,44,'5388050419_e3ef95b8eb_b (1).jpg','image/jpeg',209,NULL,NULL,NULL,NULL),(101,45,'576752732_a5c79cbb1f_o (1).jpg','image/jpeg',209,NULL,NULL,NULL,NULL),(102,46,'5388051239_00764065f2_b (1).jpg','image/jpeg',211,NULL,NULL,NULL,NULL),(103,47,'1199605400_2b897736d1_o (1).jpg','image/jpeg',211,NULL,NULL,NULL,NULL),(104,48,'501843272_9479110f60_b.jpg','image/jpeg',24,NULL,NULL,NULL,NULL),(105,1,'jira-728x90jpg.jpg','image/jpeg',235,NULL,NULL,NULL,NULL),(107,2,'feedingamerica_728x90.gif','image/gif',235,NULL,NULL,NULL,NULL),(109,49,'creative-banners-volkswagen-golf-australia-launch.jpg','image/jpeg',238,NULL,NULL,NULL,NULL),(110,50,'moki-preka-draudimas-180x150px-1.jpg','image/jpeg',239,NULL,NULL,NULL,NULL),(111,51,'wtc_promobutton2.jpg','image/jpeg',239,NULL,NULL,NULL,NULL),(112,52,'5388057701_5a618e8a9e_b (1).jpg','image/jpeg',240,NULL,NULL,NULL,NULL),(113,53,'5388058111_cbf80b7902_b (1).jpg','image/jpeg',240,NULL,NULL,NULL,NULL),(122,1,'wap-logo v2.png','image/png',241,NULL,NULL,NULL,NULL),(123,2,'Row-of-New-Ties-in-the-Shop.jpg','image/jpeg',241,NULL,NULL,NULL,NULL),(124,4,'aresol-flat-tire-repair.jpg','image/jpeg',241,NULL,NULL,NULL,NULL),(125,3,'Tampa-Tire-Repair.jpg','image/jpeg',241,NULL,NULL,NULL,NULL),(126,54,'logo-350.png','image/png',243,NULL,NULL,NULL,NULL),(127,55,'14504018.jpg','image/jpeg',243,NULL,NULL,NULL,NULL),(128,56,'780354570.jpg','image/jpeg',243,NULL,NULL,NULL,NULL),(129,57,'cropped-logo2.png','image/png',244,NULL,NULL,NULL,NULL),(130,58,'ar123766726859378.jpg','image/jpeg',244,NULL,NULL,NULL,NULL),(131,59,'original.jpg','image/jpeg',244,NULL,NULL,NULL,NULL),(132,60,'sellers-market.jpg','image/jpeg',244,NULL,NULL,NULL,NULL),(133,61,'CV-example-1.doc','application/msword',21,NULL,NULL,NULL,NULL),(134,62,'alogo3.png','image/png',185,NULL,NULL,NULL,NULL),(136,64,'apartment-sketch (1).pdf','application/pdf',244,NULL,NULL,NULL,NULL),(137,65,'cute-baby-wallpapers-4.jpg','image/jpeg',247,NULL,NULL,NULL,NULL),(140,66,'adzoo_728x90 (4).gif','image/gif',235,NULL,NULL,NULL,NULL),(150,67,'remax.png','image/png',21,NULL,NULL,NULL,NULL),(151,68,'alogo4.png','image/png',184,NULL,NULL,NULL,NULL),(188,73,'logo-field-gate-small (1).png','image/png',265,NULL,NULL,NULL,NULL),(191,76,'2 bed floor plan (1).png','image/png',269,NULL,NULL,NULL,NULL),(196,77,'simple-home-plan (1).png','image/png',272,NULL,NULL,NULL,NULL),(197,78,'3 bed floor plan.png','image/png',272,NULL,NULL,NULL,NULL),(201,81,'alogo2.png','image/png',270,NULL,NULL,NULL,NULL),(250,82,'2_bed_floor_plan.png','image/png',262,NULL,NULL,NULL,NULL),(251,83,'design_1.png','image/png',262,NULL,NULL,NULL,NULL),(256,85,'real_estate_banneragent.jpg','image/jpeg',281,NULL,NULL,NULL,NULL),(257,86,'bg_hero_repair_930px_x_250px.png','image/png',280,NULL,NULL,NULL,NULL),(260,87,'zoom.jpg','image/jpeg',196,NULL,NULL,NULL,NULL),(261,6,'arena.jpg','image/jpeg',22,NULL,NULL,NULL,NULL),(265,5,'center.jpg','image/jpeg',22,NULL,NULL,NULL,NULL),(266,4,'castle.jpg','image/jpeg',22,NULL,NULL,NULL,NULL),(267,88,'varazdin_park.jpg','image/jpeg',288,NULL,NULL,NULL,NULL),(268,2,'varazdin.jpg','image/jpeg',289,NULL,NULL,NULL,NULL),(269,1,'8922851.jpg','image/jpeg',289,NULL,NULL,NULL,NULL),(270,3,'dvorac.jpg','image/jpeg',289,NULL,NULL,NULL,NULL),(271,2,'kino_gaj.jpg','image/jpeg',290,NULL,NULL,NULL,NULL),(272,1,'kino_gaj_prije.jpg','image/jpeg',290,NULL,NULL,NULL,NULL),(273,1,'domenico.jpg','image/jpeg',291,NULL,NULL,NULL,NULL),(274,3,'domenico2.jpg','image/jpeg',291,NULL,NULL,NULL,NULL),(275,2,'domenico3.jpg','image/jpeg',291,NULL,NULL,NULL,NULL),(276,89,'fontana1.jpg','image/jpeg',292,NULL,NULL,NULL,NULL),(277,90,'fontana2.jpg','image/jpeg',292,NULL,NULL,NULL,NULL),(278,91,'dora1.jpg','image/jpeg',293,NULL,NULL,NULL,NULL),(279,92,'dora2.jpg','image/jpeg',293,NULL,NULL,NULL,NULL),(280,93,'1024px_stade_varteks.JPG','image/jpeg',294,NULL,NULL,NULL,NULL),(281,94,'nk_varteks_stadion.jpg','image/jpeg',294,NULL,NULL,NULL,NULL),(282,95,'foi_varazdin.jpg','image/jpeg',295,NULL,NULL,NULL,NULL),(283,96,'supernova.jpg','image/jpeg',296,NULL,NULL,NULL,NULL),(284,2,'mea_culpa_bar.jpg','image/jpeg',297,NULL,NULL,NULL,NULL),(286,1,'meaculpabar11.jpg','image/jpeg',297,NULL,NULL,NULL,NULL),(287,97,'korzo_varazdin.jpg','image/jpeg',298,NULL,NULL,NULL,NULL),(288,2,'grgurninski.jpg','image/jpeg',299,NULL,NULL,NULL,NULL),(289,1,'franjevacki_trg_varazdin.jpg','image/jpeg',299,NULL,NULL,NULL,NULL),(290,2,'hotel_turist_varazdin1.jpg','image/jpeg',300,NULL,NULL,NULL,NULL),(291,1,'hotel_turist2.jpg','image/jpeg',300,NULL,NULL,NULL,NULL),(292,98,'obvarazdin.jpg','image/jpeg',301,NULL,NULL,NULL,NULL),(293,99,'postaja_prometne_policije_varazdin.JPG','image/jpeg',302,NULL,NULL,NULL,NULL),(294,100,'ap_varazdin.jpg','image/jpeg',303,NULL,NULL,NULL,NULL),(295,101,'hz_varazdin.jpg','image/jpeg',304,NULL,NULL,NULL,NULL),(296,102,'stari_grad.jpg','image/jpeg',289,NULL,NULL,NULL,NULL),(297,103,'groblje_varazdin1.jpg','image/jpeg',305,NULL,NULL,NULL,NULL),(298,104,'groglje_varazdin.jpg','image/jpeg',305,NULL,NULL,NULL,NULL),(299,2,'angelus1.jpg','image/jpeg',306,NULL,NULL,NULL,NULL),(300,1,'restoranangelus.jpg','image/jpeg',306,NULL,NULL,NULL,NULL),(301,105,'slasticarnica_sest.jpg','image/jpeg',307,NULL,NULL,NULL,NULL),(302,106,'favicon.png','image/png',308,NULL,NULL,NULL,NULL),(303,107,'logo.png','image/png',284,NULL,NULL,NULL,NULL),(304,1,'empty.png','image/png',310,NULL,NULL,NULL,NULL),(305,2,'park.png','image/png',310,NULL,NULL,NULL,NULL),(306,3,'sights.png','image/png',310,NULL,NULL,NULL,NULL),(307,4,'restaurant.png','image/png',310,NULL,NULL,NULL,NULL),(308,5,'bakery.png','image/png',310,NULL,NULL,NULL,NULL),(309,6,'coffee.png','image/png',310,NULL,NULL,NULL,NULL),(310,7,'stadium.png','image/png',310,NULL,NULL,NULL,NULL),(311,8,'school.png','image/png',310,NULL,NULL,NULL,NULL),(312,9,'shopping_center.png','image/png',310,NULL,NULL,NULL,NULL),(314,11,'cinema.png','image/png',310,NULL,NULL,NULL,NULL),(315,12,'piazza.png','image/png',310,NULL,NULL,NULL,NULL),(316,13,'hotel.png','image/png',310,NULL,NULL,NULL,NULL),(317,14,'ambulance.png','image/png',310,NULL,NULL,NULL,NULL),(318,15,'police.png','image/png',310,NULL,NULL,NULL,NULL),(319,16,'d20f83ee69.png','image/png',310,NULL,NULL,NULL,NULL),(320,17,'train.png','image/png',310,NULL,NULL,NULL,NULL),(321,10,'37b51d194a.png','image/png',310,NULL,NULL,NULL,NULL),(323,5,'type_4.png','image/png',309,NULL,NULL,NULL,NULL),(324,6,'type_5.png','image/png',309,NULL,NULL,NULL,NULL),(325,7,'type_6.png','image/png',309,NULL,NULL,NULL,NULL),(326,8,'type_7.png','image/png',309,NULL,NULL,NULL,NULL),(327,4,'type_3.png','image/png',309,NULL,NULL,NULL,NULL),(328,9,'type_8.png','image/png',309,NULL,NULL,NULL,NULL),(329,11,'type_10.png','image/png',309,NULL,NULL,NULL,NULL),(330,10,'type_9.png','image/png',309,NULL,NULL,NULL,NULL),(331,12,'type_11.png','image/png',309,NULL,NULL,NULL,NULL),(332,14,'type_13.png','image/png',309,NULL,NULL,NULL,NULL),(333,15,'type_14.png','image/png',309,NULL,NULL,NULL,NULL),(334,13,'type_12.png','image/png',309,NULL,NULL,NULL,NULL),(335,16,'type_15.png','image/png',309,NULL,NULL,NULL,NULL),(336,1,'type_0.png','image/png',309,NULL,NULL,NULL,NULL),(337,2,'type_1.png','image/png',309,NULL,NULL,NULL,NULL),(338,3,'type_2.png','image/png',309,NULL,NULL,NULL,NULL);

--
-- Table structure for table `forms_search`
--

DROP TABLE IF EXISTS `forms_search`;
/*!40101 SET @saved_cs_client     = @@character_set_client */;
/*!40101 SET character_set_client = utf8 */;
CREATE TABLE `forms_search` (
  `id` int(11) NOT NULL AUTO_INCREMENT,
  `theme` varchar(150) COLLATE utf8_unicode_ci DEFAULT NULL,
  `form_name` varchar(150) COLLATE utf8_unicode_ci DEFAULT NULL,
  `type` varchar(45) COLLATE utf8_unicode_ci DEFAULT NULL,
  `fields_order_primary` text COLLATE utf8_unicode_ci COMMENT 'json data',
  `fields_order_secondary` text COLLATE utf8_unicode_ci COMMENT 'json data',
  PRIMARY KEY (`id`)
) ENGINE=InnoDB AUTO_INCREMENT=5 DEFAULT CHARSET=utf8 COLLATE=utf8_unicode_ci;
/*!40101 SET character_set_client = @saved_cs_client */;

--
-- Dumping data for table `forms_search`
--

INSERT INTO `forms_search` VALUES (1,'realocation','Standard search','MAIN','{  \"PRIMARY\": {  \"C_PURPOSE\":{\"direction\":\"NONE\", \"style\":\"\", \"class\":\"\", \"id\":\"NONE\", \"type\":\"C_PURPOSE\"} ,\"DROPDOWN_2\":{\"direction\":\"NONE\", \"style\":\"\", \"class\":\"\", \"id\":\"2\", \"type\":\"DROPDOWN\"} ,\"SMART_SEARCH\":{\"direction\":\"NONE\", \"style\":\"\", \"class\":\"\", \"id\":\"NONE\", \"type\":\"SMART_SEARCH\"} ,\"INPUTBOX_57_FROM\":{\"direction\":\"FROM\", \"style\":\"\", \"class\":\"col-sm-12\", \"id\":\"57\", \"type\":\"INPUTBOX\"} ,\"DATE_RANGE\":{\"direction\":\"NONE\", \"style\":\"\", \"class\":\"\", \"id\":\"NONE\", \"type\":\"DATE_RANGE\"} ,\"INPUTBOX_36_FROM\":{\"direction\":\"FROM\", \"style\":\"\", \"class\":\"\", \"id\":\"36\", \"type\":\"INPUTBOX\"} ,\"INPUTBOX_36_TO\":{\"direction\":\"TO\", \"style\":\"\", \"class\":\"\", \"id\":\"36\", \"type\":\"INPUTBOX\"} }, \"SECONDARY\": { } }',''),(2,'realocation','Horizontal search','MAIN','{  \"PRIMARY\": {  \"C_PURPOSE\":{\"direction\":\"NONE\", \"style\":\"\", \"class\":\"\", \"id\":\"NONE\", \"type\":\"C_PURPOSE\"} ,\"DROPDOWN_3\":{\"direction\":\"NONE\", \"style\":\"\", \"class\":\"col-md-3\", \"id\":\"3\", \"type\":\"DROPDOWN\"} ,\"DROPDOWN_2\":{\"direction\":\"NONE\", \"style\":\"\", \"class\":\"col-md-3\", \"id\":\"2\", \"type\":\"DROPDOWN\"} ,\"INPUTBOX_20\":{\"direction\":\"NONE\", \"style\":\"\", \"class\":\"col-md-3\", \"id\":\"20\", \"type\":\"INPUTBOX\"} ,\"INPUTBOX_58\":{\"direction\":\"NONE\", \"style\":\"\", \"class\":\"col-md-3\", \"id\":\"58\", \"type\":\"INPUTBOX\"} ,\"BREAKLINE\":{\"direction\":\"NONE\", \"style\":\"\", \"class\":\"\", \"id\":\"NONE\", \"type\":\"BREAKLINE\"} ,\"INPUTBOX_19\":{\"direction\":\"NONE\", \"style\":\"\", \"class\":\"col-md-3\", \"id\":\"19\", \"type\":\"INPUTBOX\"} }, \"SECONDARY\": { } }',NULL),(3,'bootstrap2-responsive','Bootstrap-search','MAIN','{  \"PRIMARY\": {  \"C_PURPOSE\":{\"direction\":\"NONE\", \"style\":\"\", \"class\":\"\", \"id\":\"NONE\", \"type\":\"C_PURPOSE\"} ,\"TREE_64\":{\"direction\":\"NONE\", \"style\":\"\", \"class\":\"\", \"id\":\"64\", \"type\":\"TREE\"} ,\"SMART_SEARCH\":{\"direction\":\"NONE\", \"style\":\"\", \"class\":\"\", \"id\":\"NONE\", \"type\":\"SMART_SEARCH\"} ,\"DROPDOWN_2\":{\"direction\":\"NONE\", \"style\":\"\", \"class\":\"\", \"id\":\"2\", \"type\":\"DROPDOWN\"} ,\"DROPDOWN_3\":{\"direction\":\"NONE\", \"style\":\"\", \"class\":\"\", \"id\":\"3\", \"type\":\"DROPDOWN\"} }, \"SECONDARY\": {  \"INPUTBOX_19\":{\"direction\":\"NONE\", \"style\":\"\", \"class\":\"\", \"id\":\"19\", \"type\":\"INPUTBOX\"} ,\"INPUTBOX_20\":{\"direction\":\"NONE\", \"style\":\"\", \"class\":\"\", \"id\":\"20\", \"type\":\"INPUTBOX\"} ,\"INPUTBOX_36_FROM\":{\"direction\":\"FROM\", \"style\":\"\", \"class\":\"\", \"id\":\"36\", \"type\":\"INPUTBOX\"} ,\"INPUTBOX_36_TO\":{\"direction\":\"TO\", \"style\":\"\", \"class\":\"\", \"id\":\"36\", \"type\":\"INPUTBOX\"} ,\"CHECKBOX_11\":{\"direction\":\"NONE\", \"style\":\"\", \"class\":\"\", \"id\":\"11\", \"type\":\"CHECKBOX\"} ,\"CHECKBOX_29\":{\"direction\":\"NONE\", \"style\":\"\", \"class\":\"\", \"id\":\"29\", \"type\":\"CHECKBOX\"} ,\"CHECKBOX_22\":{\"direction\":\"NONE\", \"style\":\"\", \"class\":\"\", \"id\":\"22\", \"type\":\"CHECKBOX\"} ,\"CHECKBOX_32\":{\"direction\":\"NONE\", \"style\":\"\", \"class\":\"\", \"id\":\"32\", \"type\":\"CHECKBOX\"} ,\"CHECKBOX_25\":{\"direction\":\"NONE\", \"style\":\"\", \"class\":\"\", \"id\":\"25\", \"type\":\"CHECKBOX\"} ,\"CHECKBOX_30\":{\"direction\":\"NONE\", \"style\":\"\", \"class\":\"\", \"id\":\"30\", \"type\":\"CHECKBOX\"} ,\"CHECKBOX_27\":{\"direction\":\"NONE\", \"style\":\"\", \"class\":\"\", \"id\":\"27\", \"type\":\"CHECKBOX\"} ,\"CHECKBOX_33\":{\"direction\":\"NONE\", \"style\":\"\", \"class\":\"\", \"id\":\"33\", \"type\":\"CHECKBOX\"} ,\"CHECKBOX_28\":{\"direction\":\"NONE\", \"style\":\"\", \"class\":\"\", \"id\":\"28\", \"type\":\"CHECKBOX\"} ,\"CHECKBOX_23\":{\"direction\":\"NONE\", \"style\":\"\", \"class\":\"\", \"id\":\"23\", \"type\":\"CHECKBOX\"} } }','0'),(4,'bootstrap4','Standard search','MAIN','{ \"PRIMARY\": { \"DROPDOWN\":{\"direction\":\"NONE\", \"style\":\"\", \"class\":\"col-lg-2\", \"id\":\"4\", \"type\":\"DROPDOWN\"} ,\"SMART_SEARCH\":{\"direction\":\"NONE\", \"style\":\"\", \"class\":\"col-lg-3\", \"id\":\"NONE\", \"type\":\"SMART_SEARCH\"} ,\"DROPDOWN_2\":{\"direction\":\"NONE\", \"style\":\"\", \"class\":\"col-lg-3\", \"id\":\"2\", \"type\":\"DROPDOWN\"} ,\"DROPDOWN_3\":{\"direction\":\"NONE\", \"style\":\"\", \"class\":\"col-lg-3\", \"id\":\"3\", \"type\":\"DROPDOWN\"} }, \"SECONDARY\": { \"INPUTBOX_19\":{\"direction\":\"NONE\", \"style\":\"\", \"class\":\"\", \"id\":\"19\", \"type\":\"INPUTBOX\"} ,\"INPUTBOX_20\":{\"direction\":\"NONE\", \"style\":\"\", \"class\":\"\", \"id\":\"20\", \"type\":\"INPUTBOX\"} ,\"INPUTBOX_36\":{\"direction\":\"NONE\", \"style\":\"\", \"class\":\"\", \"id\":\"36\", \"type\":\"INPUTBOX\"} ,\"INPUTBOX_59\":{\"direction\":\"NONE\", \"style\":\"\", \"class\":\"\", \"id\":\"59\", \"type\":\"INPUTBOX\"} ,\"CHECKBOX_24\":{\"direction\":\"NONE\", \"style\":\"\", \"class\":\"\", \"id\":\"24\", \"type\":\"CHECKBOX\"} ,\"CHECKBOX_28\":{\"direction\":\"NONE\", \"style\":\"\", \"class\":\"\", \"id\":\"28\", \"type\":\"CHECKBOX\"} ,\"CHECKBOX_31\":{\"direction\":\"NONE\", \"style\":\"\", \"class\":\"\", \"id\":\"31\", \"type\":\"CHECKBOX\"} ,\"CHECKBOX_30\":{\"direction\":\"NONE\", \"style\":\" \", \"class\":\"\", \"id\":\"30\", \"type\":\"CHECKBOX\"} ,\"CHECKBOX_33\":{\"direction\":\"NONE\", \"style\":\"\", \"class\":\"\", \"id\":\"33\", \"type\":\"CHECKBOX\"} ,\"CHECKBOX_25\":{\"direction\":\"NONE\", \"style\":\"\", \"class\":\"\", \"id\":\"25\", \"type\":\"CHECKBOX\"} ,\"CHECKBOX_29\":{\"direction\":\"NONE\", \"style\":\"\", \"class\":\"\", \"id\":\"29\", \"type\":\"CHECKBOX\"} ,\"CHECKBOX_32\":{\"direction\":\"NONE\", \"style\":\"\", \"class\":\"\", \"id\":\"32\", \"type\":\"CHECKBOX\"} ,\"CHECKBOX_23\":{\"direction\":\"NONE\", \"style\":\"\", \"class\":\"\", \"id\":\"23\", \"type\":\"CHECKBOX\"} ,\"CHECKBOX_11\":{\"direction\":\"NONE\", \"style\":\"\", \"class\":\"\", \"id\":\"11\", \"type\":\"CHECKBOX\"} } }','0');

--
-- Table structure for table `invoice`
--

DROP TABLE IF EXISTS `invoice`;
/*!40101 SET @saved_cs_client     = @@character_set_client */;
/*!40101 SET character_set_client = utf8 */;
CREATE TABLE `invoice` (
  `id_invoice` int(11) NOT NULL AUTO_INCREMENT,
  `invoice_num` varchar(100) COLLATE utf8_unicode_ci DEFAULT NULL,
  `date_created` datetime DEFAULT NULL,
  `user_id` int(11) DEFAULT NULL,
  `description` text COLLATE utf8_unicode_ci,
  `reference_id` int(11) DEFAULT NULL,
  `week` int(11) DEFAULT NULL,
  `price` decimal(10,2) DEFAULT NULL,
  `currency_code` varchar(45) COLLATE utf8_unicode_ci DEFAULT NULL,
  `is_confirmed` tinyint(1) DEFAULT NULL,
  `is_paid` tinyint(1) DEFAULT NULL,
  `is_activated` tinyint(1) DEFAULT NULL,
  `data_json` text COLLATE utf8_unicode_ci,
  PRIMARY KEY (`id_invoice`)
) ENGINE=InnoDB AUTO_INCREMENT=14 DEFAULT CHARSET=utf8 COLLATE=utf8_unicode_ci;
/*!40101 SET character_set_client = @saved_cs_client */;

--
-- Dumping data for table `invoice`
--

INSERT INTO `invoice` VALUES (11,'3_PAC_18_20.00_4','2015-04-02 15:08:31',18,'Package 3',3,4,20.00,'USD',1,0,1,'{\"settings\":{\"rating_enabled\":\"1\",\"address\":\"Ilica 345, HR-10000 Zagreb 1\",\"websitetitle\":\"Real estate point\",\"gps\":\"45.8129663, 15.976036000000022\",\"email\":\"sandi.winter@gmail.com\",\"email_alert\":\"0\",\"phone\":\"+385 (0)1 123 321\",\"fax\":\"+385 (0)1 123 322\",\"address_footer\":\"<b>Estate<\\/b>Point<br \\/>\\r\\nReal estate agency from Croatia<br \\/>\\r\\nIlica 345<br \\/>\\r\\nHR-10000 Zagreb\",\"noreply\":\"webform@my-website.com\",\"zoom\":\"8\",\"paypal_email\":\"sandi.winter@gmail.com\",\"listing_expiry_days\":\"0\",\"activation_price\":\"5\",\"featured_price\":\"10\",\"default_currency\":\"USD\",\"authorize_api_login_id\":\"593j9M9nPkgy\",\"authorize_api_hash_secret\":\"r564test\",\"authorize_api_transaction_key\":\"7p83CWXR3q5fq27t\",\"adsense728_90\":\"<script async src=\\\"\\/\\/pagead2.googlesyndication.com\\/pagead\\/js\\/adsbygoogle.js\\\"><\\/script>\\r\\n<!-- Real estate responsive -->\\r\\n<ins class=\\\"adsbygoogle\\\"\\r\\n     style=\\\"display:block\\\"\\r\\n     data-ad-client=\\\"ca-pub-6994200887384132\\\"\\r\\n     data-ad-slot=\\\"6454101571\\\"\\r\\n     data-ad-format=\\\"auto\\\"><\\/ins>\\r\\n<script>\\r\\n(adsbygoogle = window.adsbygoogle || []).push({});\\r\\n<\\/script>\",\"adsense160_600\":\"<script async src=\\\"\\/\\/pagead2.googlesyndication.com\\/pagead\\/js\\/adsbygoogle.js\\\"><\\/script>\\r\\n<!-- Real estate right -->\\r\\n<ins class=\\\"adsbygoogle\\\"\\r\\n     style=\\\"display:inline-block;width:160px;height:600px\\\"\\r\\n     data-ad-client=\\\"ca-pub-6994200887384132\\\"\\r\\n     data-ad-slot=\\\"7090863570\\\"><\\/ins>\\r\\n<script>\\r\\n(adsbygoogle = window.adsbygoogle || []).push({});\\r\\n<\\/script>\",\"reviews_enabled\":\"1\",\"reviews_public_visible_enabled\":\"1\",\"showroom_slideshow_enabled\":\"1\",\"withdrawal_details\":\"IBAN: HR43 2340009 3207462177<br\\/>\\r\\nSWIFT: PBZGHR2X\",\"booking_fee\":\"10\",\"template\":\"realia\",\"tracking\":\"<script type=\\\"text\\/javascript\\\">\\r\\n\\r\\n  var _gaq = _gaq || [];\\r\\n  _gaq.push([\'_setAccount\', \'UA-683342-5\']);\\r\\n  _gaq.push([\'_trackPageview\']);\\r\\n\\r\\n  (function() {\\r\\n    var ga = document.createElement(\'script\'); ga.type = \'text\\/javascript\'; ga.async = true;\\r\\n    ga.src = (\'https:\' == document.location.protocol ? \'https:\\/\\/ssl\' : \'http:\\/\\/www\') + \'.google-analytics.com\\/ga.js\';\\r\\n    var s = document.getElementsByTagName(\'script\')[0]; s.parentNode.insertBefore(ga, s);\\r\\n  })();\\r\\n\\r\\n<\\/script>\",\"facebook\":\"<!-- AddThis Button BEGIN -->\\r\\n<div class=\\\"addthis_toolbox addthis_default_style addthis_32x32_style\\\">\\r\\n<a class=\\\"addthis_button_facebook\\\">\\r\\n    <div class=\\\"custom-icon at15t_facebook\\\"> <\\/div>\\r\\n<\\/a>\\r\\n<a class=\\\"addthis_button_twitter\\\">\\r\\n    <div class=\\\"custom-icon at15t_twitter\\\"> <\\/div>\\r\\n<\\/a>\\r\\n<a class=\\\"addthis_button_google_plusone_share\\\">\\r\\n    <div class=\\\"custom-icon at15t_google_plusone_share\\\"> <\\/div>\\r\\n<\\/a>\\r\\n<\\/div>\\r\\n<script type=\\\"text\\/javascript\\\">var addthis_config = {\\\"data_track_addressbar\\\":false};<\\/script>\\r\\n<script type=\\\"text\\/javascript\\\" src=\\\"\\/\\/s7.addthis.com\\/js\\/300\\/addthis_widget.js#pubid=sandiwinter\\\"><\\/script>\\r\\n<!-- AddThis Button END -->\",\"facebook_jsdk\":\"<div id=\\\"fb-root\\\"><\\/div>\\r\\n<script>(function(d, s, id) {\\r\\n  var js, fjs = d.getElementsByTagName(s)[0];\\r\\n  if (d.getElementById(id)) return;\\r\\n  js = d.createElement(s); js.id = id;\\r\\n  js.src = \\\"\\/\\/connect.facebook.net\\/en_EN\\/sdk.js#xfbml=1&appId=349715428511591&version=v2.0\\\";\\r\\n  fjs.parentNode.insertBefore(js, fjs);\\r\\n}(document, \'script\', \'facebook-jssdk\'));<\\/script>\",\"facebook_comments\":\"<div class=\\\"fb-comments\\\" data-href=\\\"http:\\/\\/example.com\\/comments\\\" data-width=\\\"100%\\\" data-numposts=\\\"5\\\" data-colorscheme=\\\"light\\\"><\\/div>\",\"useful_links\":\"<ul class=\\\"menu nav\\\">\\r\\n                            <li class=\\\"first leaf\\\"><a href=\\\"#\\\">404 page<\\/a><\\/li>\\r\\n                            <li class=\\\"leaf\\\"><a href=\\\"#\\\">About us<\\/a><\\/li>\\r\\n                            <li class=\\\"leaf\\\"><a href=\\\"#\\\">Contact us<\\/a><\\/li>\\r\\n                            <li class=\\\"leaf\\\"><a href=\\\"#\\\">FAQ<\\/a><\\/li>\\r\\n                            <li class=\\\"leaf\\\"><a href=\\\"#\\\">Grid system<\\/a><\\/li>\\r\\n                            <li class=\\\"leaf\\\"><a href=\\\"#\\\">Our agents<\\/a><\\/li>\\r\\n                            <li class=\\\"last leaf\\\"><a href=\\\"#\\\">Typography<\\/a><\\/li>\\r\\n                        <\\/ul>\"},\"price\":\"20.00\",\"user\":{\"id\":\"18\",\"username\":\"user\",\"password\":\"f341be9a30\",\"name_surname\":\"Test user\",\"address\":\"Cyro trento 23\",\"description\":\"My description 2\",\"phone\":\"+385959055516\",\"mail\":\"sanljiljan@geniuscript.com\",\"last_login\":\"2015-04-02 13:59:01\",\"registration_date\":\"2014-01-26 12:23:26\",\"type\":\"USER\",\"language\":\"english\",\"repository_id\":\"196\",\"activated\":\"1\",\"qa_id\":\"0\",\"package_id\":\"3\",\"package_last_payment\":\"2015-08-04 12:29:02\",\"facebook_id\":\"0\",\"mail_verified\":\"0\",\"phone_verified\":\"0\",\"image_user_filename\":null,\"image_agency_filename\":null,\"company_name\":\"My real estate ltd\",\"zip_city\":\"21000\",\"prename_name\":\"Prename\",\"vat_number\":\"0945621378\"},\"lang_code\":\"en\",\"invoice_num\":\"3_PAC_18_20.00_4\",\"description\":\"Package 3\",\"reference_id\":\"3\",\"reference_code\":\"PAC\",\"currency_code\":\"USD\"}'),(13,'3_PAC_18_20.00_4','2015-04-02 15:13:45',18,'Package 3',3,4,20.00,'USD',1,1,1,'{\"settings\":{\"rating_enabled\":\"1\",\"address\":\"Ilica 345, HR-10000 Zagreb 1\",\"websitetitle\":\"Real estate point\",\"gps\":\"45.8129663, 15.976036000000022\",\"email\":\"sandi.winter@gmail.com\",\"email_alert\":\"0\",\"phone\":\"+385 (0)1 123 321\",\"fax\":\"+385 (0)1 123 322\",\"address_footer\":\"<b>Estate<\\/b>Point<br \\/>\\r\\nReal estate agency from Croatia<br \\/>\\r\\nIlica 345<br \\/>\\r\\nHR-10000 Zagreb\",\"noreply\":\"webform@my-website.com\",\"zoom\":\"8\",\"paypal_email\":\"sandi.winter@gmail.com\",\"listing_expiry_days\":\"0\",\"activation_price\":\"5\",\"featured_price\":\"10\",\"default_currency\":\"USD\",\"authorize_api_login_id\":\"593j9M9nPkgy\",\"authorize_api_hash_secret\":\"r564test\",\"authorize_api_transaction_key\":\"7p83CWXR3q5fq27t\",\"adsense728_90\":\"<script async src=\\\"\\/\\/pagead2.googlesyndication.com\\/pagead\\/js\\/adsbygoogle.js\\\"><\\/script>\\r\\n<!-- Real estate responsive -->\\r\\n<ins class=\\\"adsbygoogle\\\"\\r\\n     style=\\\"display:block\\\"\\r\\n     data-ad-client=\\\"ca-pub-6994200887384132\\\"\\r\\n     data-ad-slot=\\\"6454101571\\\"\\r\\n     data-ad-format=\\\"auto\\\"><\\/ins>\\r\\n<script>\\r\\n(adsbygoogle = window.adsbygoogle || []).push({});\\r\\n<\\/script>\",\"adsense160_600\":\"<script async src=\\\"\\/\\/pagead2.googlesyndication.com\\/pagead\\/js\\/adsbygoogle.js\\\"><\\/script>\\r\\n<!-- Real estate right -->\\r\\n<ins class=\\\"adsbygoogle\\\"\\r\\n     style=\\\"display:inline-block;width:160px;height:600px\\\"\\r\\n     data-ad-client=\\\"ca-pub-6994200887384132\\\"\\r\\n     data-ad-slot=\\\"7090863570\\\"><\\/ins>\\r\\n<script>\\r\\n(adsbygoogle = window.adsbygoogle || []).push({});\\r\\n<\\/script>\",\"reviews_enabled\":\"1\",\"reviews_public_visible_enabled\":\"1\",\"showroom_slideshow_enabled\":\"1\",\"withdrawal_details\":\"IBAN: HR43 2340009 3207462177<br\\/>\\r\\nSWIFT: PBZGHR2X\",\"booking_fee\":\"10\",\"template\":\"realia\",\"tracking\":\"<script type=\\\"text\\/javascript\\\">\\r\\n\\r\\n  var _gaq = _gaq || [];\\r\\n  _gaq.push([\'_setAccount\', \'UA-683342-5\']);\\r\\n  _gaq.push([\'_trackPageview\']);\\r\\n\\r\\n  (function() {\\r\\n    var ga = document.createElement(\'script\'); ga.type = \'text\\/javascript\'; ga.async = true;\\r\\n    ga.src = (\'https:\' == document.location.protocol ? \'https:\\/\\/ssl\' : \'http:\\/\\/www\') + \'.google-analytics.com\\/ga.js\';\\r\\n    var s = document.getElementsByTagName(\'script\')[0]; s.parentNode.insertBefore(ga, s);\\r\\n  })();\\r\\n\\r\\n<\\/script>\",\"facebook\":\"<!-- AddThis Button BEGIN -->\\r\\n<div class=\\\"addthis_toolbox addthis_default_style addthis_32x32_style\\\">\\r\\n<a class=\\\"addthis_button_facebook\\\">\\r\\n    <div class=\\\"custom-icon at15t_facebook\\\"> <\\/div>\\r\\n<\\/a>\\r\\n<a class=\\\"addthis_button_twitter\\\">\\r\\n    <div class=\\\"custom-icon at15t_twitter\\\"> <\\/div>\\r\\n<\\/a>\\r\\n<a class=\\\"addthis_button_google_plusone_share\\\">\\r\\n    <div class=\\\"custom-icon at15t_google_plusone_share\\\"> <\\/div>\\r\\n<\\/a>\\r\\n<\\/div>\\r\\n<script type=\\\"text\\/javascript\\\">var addthis_config = {\\\"data_track_addressbar\\\":false};<\\/script>\\r\\n<script type=\\\"text\\/javascript\\\" src=\\\"\\/\\/s7.addthis.com\\/js\\/300\\/addthis_widget.js#pubid=sandiwinter\\\"><\\/script>\\r\\n<!-- AddThis Button END -->\",\"facebook_jsdk\":\"<div id=\\\"fb-root\\\"><\\/div>\\r\\n<script>(function(d, s, id) {\\r\\n  var js, fjs = d.getElementsByTagName(s)[0];\\r\\n  if (d.getElementById(id)) return;\\r\\n  js = d.createElement(s); js.id = id;\\r\\n  js.src = \\\"\\/\\/connect.facebook.net\\/en_EN\\/sdk.js#xfbml=1&appId=349715428511591&version=v2.0\\\";\\r\\n  fjs.parentNode.insertBefore(js, fjs);\\r\\n}(document, \'script\', \'facebook-jssdk\'));<\\/script>\",\"facebook_comments\":\"<div class=\\\"fb-comments\\\" data-href=\\\"http:\\/\\/example.com\\/comments\\\" data-width=\\\"100%\\\" data-numposts=\\\"5\\\" data-colorscheme=\\\"light\\\"><\\/div>\",\"useful_links\":\"<ul class=\\\"menu nav\\\">\\r\\n                            <li class=\\\"first leaf\\\"><a href=\\\"#\\\">404 page<\\/a><\\/li>\\r\\n                            <li class=\\\"leaf\\\"><a href=\\\"#\\\">About us<\\/a><\\/li>\\r\\n                            <li class=\\\"leaf\\\"><a href=\\\"#\\\">Contact us<\\/a><\\/li>\\r\\n                            <li class=\\\"leaf\\\"><a href=\\\"#\\\">FAQ<\\/a><\\/li>\\r\\n                            <li class=\\\"leaf\\\"><a href=\\\"#\\\">Grid system<\\/a><\\/li>\\r\\n                            <li class=\\\"leaf\\\"><a href=\\\"#\\\">Our agents<\\/a><\\/li>\\r\\n                            <li class=\\\"last leaf\\\"><a href=\\\"#\\\">Typography<\\/a><\\/li>\\r\\n                        <\\/ul>\"},\"price\":\"20.00\",\"user\":{\"id\":\"18\",\"username\":\"user\",\"password\":\"f341be9a30\",\"name_surname\":\"Test user\",\"address\":\"Cyro trento 23\",\"description\":\"My description 2\",\"phone\":\"+385959055516\",\"mail\":\"sanljiljan@geniuscript.com\",\"last_login\":\"2015-04-02 13:59:01\",\"registration_date\":\"2014-01-26 12:23:26\",\"type\":\"USER\",\"language\":\"english\",\"repository_id\":\"196\",\"activated\":\"1\",\"qa_id\":\"0\",\"package_id\":\"3\",\"package_last_payment\":\"2015-09-03 12:29:02\",\"facebook_id\":\"0\",\"mail_verified\":\"0\",\"phone_verified\":\"0\",\"image_user_filename\":null,\"image_agency_filename\":null,\"company_name\":\"My real estate ltd\",\"zip_city\":\"21000\",\"prename_name\":\"Prename\",\"vat_number\":\"0945621378\"},\"lang_code\":\"en\",\"invoice_num\":\"3_PAC_18_20.00_4\",\"description\":\"Package 3\",\"reference_id\":\"3\",\"reference_code\":\"PAC\",\"currency_code\":\"USD\"}');

--
-- Table structure for table `language`
--

DROP TABLE IF EXISTS `language`;
/*!40101 SET @saved_cs_client     = @@character_set_client */;
/*!40101 SET character_set_client = utf8 */;
CREATE TABLE `language` (
  `id` int(11) NOT NULL AUTO_INCREMENT,
  `code` varchar(45) COLLATE utf8_unicode_ci DEFAULT NULL,
  `language` varchar(45) COLLATE utf8_unicode_ci DEFAULT NULL,
  `is_default` tinyint(1) DEFAULT '0',
  `is_locked` tinyint(1) DEFAULT '0',
  `is_frontend` tinyint(1) DEFAULT '1',
  `is_rtl` tinyint(1) DEFAULT '0',
  `currency_default` varchar(10) COLLATE utf8_unicode_ci DEFAULT 'USD',
  `domain` varchar(100) COLLATE utf8_unicode_ci DEFAULT '',
  `is_hidden_submission` tinyint(1) DEFAULT '0',
  `facebook_lang_code` varchar(32) COLLATE utf8_unicode_ci DEFAULT NULL,
  PRIMARY KEY (`id`),
  UNIQUE KEY `code_UNIQUE` (`code`)
) ENGINE=InnoDB AUTO_INCREMENT=3 DEFAULT CHARSET=utf8 COLLATE=utf8_unicode_ci;
/*!40101 SET character_set_client = @saved_cs_client */;

--
-- Dumping data for table `language`
--

INSERT INTO `language` VALUES (1,'en','english',1,1,1,0,'USD','',0,NULL),(2,'hr','croatian',0,0,1,0,'EUR','',1,NULL);

--
-- Table structure for table `map_report`
--

DROP TABLE IF EXISTS `map_report`;
/*!40101 SET @saved_cs_client     = @@character_set_client */;
/*!40101 SET character_set_client = utf8 */;
CREATE TABLE `map_report` (
  `id_mapreport` int(11) NOT NULL AUTO_INCREMENT,
  `lat` decimal(9,6) DEFAULT NULL,
  `lng` decimal(9,6) DEFAULT NULL,
  `address` varchar(160) COLLATE utf8_unicode_ci DEFAULT NULL,
  `outcome` varchar(45) COLLATE utf8_unicode_ci DEFAULT NULL COMMENT 'NOT_SOLD,SOLD\n',
  `price` int(11) DEFAULT NULL,
  `area` int(11) DEFAULT NULL,
  `date_removed` datetime DEFAULT NULL,
  `date_submited` varchar(45) COLLATE utf8_unicode_ci DEFAULT NULL,
  `purpose` varchar(45) COLLATE utf8_unicode_ci DEFAULT NULL,
  `type` varchar(45) COLLATE utf8_unicode_ci DEFAULT NULL,
  `property_json` text COLLATE utf8_unicode_ci COMMENT 'complete json details in english or default language',
  `id_old` int(11) DEFAULT NULL,
  `user_id_remover` int(11) DEFAULT NULL,
  `user_id_agent` int(11) DEFAULT NULL,
  PRIMARY KEY (`id_mapreport`)
) ENGINE=InnoDB AUTO_INCREMENT=7 DEFAULT CHARSET=utf8 COLLATE=utf8_unicode_ci;
/*!40101 SET character_set_client = @saved_cs_client */;

--
-- Dumping data for table `map_report`
--

INSERT INTO `map_report` VALUES (1,46.378570,16.079735,'Veliki lovrečan','NOT_SOLD',150,60,'2014-03-18 22:16:28','2014-03-07 20:12:14','Sale','House','{\"id\":\"29\",\"gps\":\"46.3785703, 16.0797348\",\"lat\":\"46.378570\",\"lng\":\"16.079735\",\"date\":\"2014-03-07 20:12:14\",\"date_modified\":\"2014-12-28 18:59:23\",\"address\":\"Veliki lovre\\u010dan\",\"type\":null,\"repository_id\":\"195\",\"is_featured\":\"0\",\"search_values\":\"id: 29Veliki lovre\\u010dan My property new house   Sale House Vara\\u017edinska Cestica   50-100m2 60 D 2 2 5    Agent  50 20 SKIP_ON_EMPTY   SKIP_ON_EMPTY       trueAir conditioning trueCable TV  trueBalcony        700 700    Moja nekretnina novo house   Prodaja Ku\\u0107a Vara\\u017edinska Cestica   50-100m2 60 D 2 2 5    Agent    SKIP_ON_EMPTY   SKIP_ON_EMPTY       trueKlimatizacija trueKabelska TV  trueBalkon        700 700   \",\"is_activated\":\"0\",\"activation_paid_date\":null,\"featured_paid_date\":null,\"counter_views\":\"0\",\"image_filename\":null,\"image_repository\":null,\"option10_1\":\"My property\",\"option8_1\":\"Lorem ipsum dolor sit amet, consectetur adipiscing elit. Sed vulputate \\r\\nnec neque gravida rhoncus. Donec sit amet blandit mauris, sed bibendum \\r\\nrisus.\",\"option17_1\":\"<p>\\r\\nLorem ipsum dolor sit amet, consectetur adipiscing elit. Sed vulputate \\r\\nnec neque gravida rhoncus. Donec sit amet blandit mauris, sed bibendum \\r\\nrisus. Cras ut urna semper, facilisis augue sed, imperdiet nulla. Duis \\r\\ntristique tellus tortor, dapibus gravida sem sodales id. Nullam quis \\r\\nconvallis libero, vitae pulvinar nisi.<\\/p><p><span style=\\\"font-weight: bold;\\\">Nam eget est facilisis, porta mi \\r\\nac, ultricies enim. Proin nisi diam, eleifend ac eleifend in, dapibus in\\r\\n orci. Vestibulum elementum lectus non nisl venenatis, tempus molestie \\r\\nnisi tempus. Pellentesque facilisis nibh nec purus blandit, id aliquam \\r\\nlorem fermentum.\\r\\n<\\/span><\\/p>\\r\\n<p>\\r\\n<span style=\\\"font-style: italic;\\\">Ut erat lacus, sagittis ac leo eu, molestie mattis libero. Nam sit amet \\r\\nmassa et magna porttitor eleifend a aliquam nunc. Pellentesque a est a \\r\\naugue dignissim tristique eu nec augue. Integer pretium sollicitudin \\r\\ntellus, quis hendrerit nunc accumsan et. Fusce bibendum a neque vel \\r\\nfringilla. Vivamus viverra enim at purus gravida, in elementum neque \\r\\neleifend. Curabitur sodales dapibus urna, at mattis lacus eleifend non. \\r\\nDonec ultricies porta orci eu congue. Nulla sodales arcu a libero \\r\\naliquet, nec aliquam ante sagittis.<\\/span><\\/p>\",\"option38_1\":\"new\",\"option6_1\":\"house\",\"option56_1\":\"\",\"option1_1\":\"0\",\"option4_1\":\"Sale\",\"option2_1\":\"House\",\"option5_1\":\"Vara\\u017edinska\",\"option7_1\":\"Cestica\",\"option40_1\":\"\",\"option64_1\":\"\",\"option3_1\":\"50-100m2\",\"option57_1\":\"60\",\"option39_1\":\"D\",\"option19_1\":\"2\",\"option20_1\":\"2\",\"option58_1\":\"5\",\"option36_1\":\"\",\"option55_1\":\"\",\"option37_1\":\"\",\"option54_1\":\"Agent\",\"option53_1\":\"\",\"option59_1\":\"50\",\"option60_1\":\"20\",\"option66_1\":\"0\",\"option67_1\":\"\",\"option68_1\":\"\",\"option69_1\":\"\",\"option70_1\":\"\",\"option71_1\":\"\",\"option72_1\":\"\",\"option73_1\":\"\",\"option21_1\":\"0\",\"option22_1\":\"true\",\"option23_1\":\"true\",\"option24_1\":\"0\",\"option25_1\":\"0\",\"option28_1\":\"0\",\"option29_1\":\"0\",\"option31_1\":\"0\",\"option52_1\":\"0\",\"option11_1\":\"true\",\"option30_1\":\"0\",\"option27_1\":\"0\",\"option33_1\":\"0\",\"option32_1\":\"0\",\"option43_1\":\"0\",\"option44_1\":\"\",\"option45_1\":\"\",\"option46_1\":\"\",\"option47_1\":\"\",\"option48_1\":\"\",\"option49_1\":\"\",\"option50_1\":\"700\",\"option51_1\":\"700\",\"option9_1\":\"0\",\"option12_1\":\"\",\"option42_1\":\"0\",\"option10_2\":\"Moja nekretnina\",\"option8_2\":\"Lorem ipsum dolor sit amet, consectetur adipiscing elit. Sed vulputate \\r\\nnec neque gravida rhoncus. Donec sit amet blandit mauris, sed bibendum \\r\\nrisus.\",\"option17_2\":\"<p>\\r\\nLorem ipsum dolor sit amet, consectetur adipiscing elit. Sed vulputate \\r\\nnec neque gravida rhoncus. Donec sit amet blandit mauris, sed bibendum \\r\\nrisus. Cras ut urna semper, facilisis augue sed, imperdiet nulla. Duis \\r\\ntristique tellus tortor, dapibus gravida sem sodales id. Nullam quis \\r\\nconvallis libero, vitae pulvinar nisi.<\\/p><p><span style=\\\"font-weight: bold;\\\">Nam eget est facilisis, porta mi \\r\\nac, ultricies enim. Proin nisi diam, eleifend ac eleifend in, dapibus in\\r\\n orci. Vestibulum elementum lectus non nisl venenatis, tempus molestie \\r\\nnisi tempus. Pellentesque facilisis nibh nec purus blandit, id aliquam \\r\\nlorem fermentum.\\r\\n<\\/span><\\/p>\\r\\n<p>\\r\\n<span style=\\\"font-style: italic;\\\">Ut erat lacus, sagittis ac leo eu, molestie mattis libero. Nam sit amet \\r\\nmassa et magna porttitor eleifend a aliquam nunc. Pellentesque a est a \\r\\naugue dignissim tristique eu nec augue. Integer pretium sollicitudin \\r\\ntellus, quis hendrerit nunc accumsan et. Fusce bibendum a neque vel \\r\\nfringilla. Vivamus viverra enim at purus gravida, in elementum neque \\r\\neleifend. Curabitur sodales dapibus urna, at mattis lacus eleifend non. \\r\\nDonec ultricies porta orci eu congue. Nulla sodales arcu a libero \\r\\naliquet, nec aliquam ante sagittis.<\\/span><\\/p>\",\"option38_2\":\"novo\",\"option6_2\":\"house\",\"option56_2\":\"\",\"option1_2\":\"0\",\"option4_2\":\"Prodaja\",\"option2_2\":\"Ku\\u0107a\",\"option5_2\":\"Vara\\u017edinska\",\"option7_2\":\"Cestica\",\"option40_2\":\"\",\"option64_2\":\"\",\"option3_2\":\"50-100m2\",\"option57_2\":\"60\",\"option39_2\":\"D\",\"option19_2\":\"2\",\"option20_2\":\"2\",\"option58_2\":\"5\",\"option36_2\":\"\",\"option55_2\":\"\",\"option37_2\":\"\",\"option54_2\":\"Agent\",\"option53_2\":\"\",\"option59_2\":\"\",\"option60_2\":\"\",\"option66_2\":\"0\",\"option67_2\":\"\",\"option68_2\":\"\",\"option69_2\":\"\",\"option70_2\":\"\",\"option71_2\":\"\",\"option72_2\":\"\",\"option73_2\":\"\",\"option21_2\":\"0\",\"option22_2\":\"true\",\"option23_2\":\"true\",\"option24_2\":\"0\",\"option25_2\":\"0\",\"option28_2\":\"0\",\"option29_2\":\"0\",\"option31_2\":\"0\",\"option52_2\":\"0\",\"option11_2\":\"true\",\"option30_2\":\"0\",\"option27_2\":\"0\",\"option33_2\":\"0\",\"option32_2\":\"0\",\"option43_2\":\"0\",\"option44_2\":\"\",\"option45_2\":\"\",\"option46_2\":\"\",\"option47_2\":\"\",\"option48_2\":\"\",\"option49_2\":\"\",\"option50_2\":\"700\",\"option51_2\":\"700\",\"option9_2\":\"0\",\"option12_2\":\"\",\"option42_2\":\"0\",\"agent\":\"18\",\"slug_1\":\"\",\"slug_2\":\"\"}',NULL,NULL,NULL),(2,46.373121,16.127040,'Cestica','SOLD',100,40,'2014-03-18 22:17:28','2014-01-07 13:32:50','Rent','Apartment','{\"id\":\"30\",\"gps\":\"46.3731205, 16.1270403\",\"lat\":\"46.373121\",\"lng\":\"16.127040\",\"date\":\"2015-01-07 13:32:50\",\"date_modified\":\"2015-02-22 15:04:06\",\"address\":\"Cestica\",\"type\":null,\"repository_id\":\"197\",\"is_featured\":\"0\",\"search_values\":\"id: 30Cestica Bjelovar estate empty apartment   Rent Apartment Bjelovarska Bjelovar  Less than 50m2 40 - 3 3 7 90,000.00   Agent - 70 20 262 Manitoba - Winnipeg -  FieldGate properties 264 1234567890 http:\\/\\/www.google.com http:\\/\\/www.facebook.com http:\\/\\/www.twitter.com 0-24  trueAir conditioning trueComputer trueHeating trueInternet trueMicrowave  trueBalcony trueGrill truePool trueParking  600 600 600 600        bjelovar-estate-1-en Bjelovar nekretnina empty apartment   Najam Stan Bjelovarska Bjelovar  Manje od 50m2 40 - 3 3 7 90,000.00   Agent - 70 20 263 Manitoba - Winnipeg -  FieldGate properties 2 265 1234567890 http:\\/\\/www.google.com http:\\/\\/www.facebook.com http:\\/\\/www.twitter.com 0-24  trueKlimatizacija trueRa\\u010dunalo trueGrijanje trueInternet trueMikrovalna  trueBalkon trueRo\\u0161tilj trueBazen trueParking  600 600 600 600        bjelovar-nekretnina\",\"is_activated\":\"1\",\"activation_paid_date\":null,\"featured_paid_date\":null,\"counter_views\":\"197\",\"image_filename\":\"431262903_9d77804a5b_o (1).jpg\",\"image_repository\":\"[\\\"431262903_9d77804a5b_o (1).jpg\\\",\\\"431267985_286ac5c8cd_o (1).jpg\\\"]\",\"option10_1\":\"Bjelovar estate\",\"option8_1\":\"Lorem ipsum dolor sit amet, consectetur adipiscing elit. Sed vulputate \\r\\nnec neque gravida rhoncus. Donec sit amet blandit mauris, sed bibendum \\r\\nrisus.\",\"option17_1\":\"<p>\\r\\nLorem ipsum dolor sit amet, consectetur adipiscing elit. Sed vulputate \\r\\nnec neque gravida rhoncus. Donec sit amet blandit mauris, sed bibendum \\r\\nrisus. Cras ut urna semper, facilisis augue sed, imperdiet nulla. Duis \\r\\ntristique tellus tortor, dapibus gravida sem sodales id. Nullam quis \\r\\nconvallis libero, vitae pulvinar nisi.<\\/p><p><span style=\\\"font-weight: bold;\\\">Nam eget est facilisis, porta mi \\r\\nac, ultricies enim. Proin nisi diam, eleifend ac eleifend in, dapibus in\\r\\n orci. Vestibulum elementum lectus non nisl venenatis, tempus molestie \\r\\nnisi tempus. Pellentesque facilisis nibh nec purus blandit, id aliquam \\r\\nlorem fermentum.\\r\\n<\\/span><\\/p>\\r\\n<p>\\r\\n<span style=\\\"font-style: italic;\\\">Ut erat lacus, sagittis ac leo eu, molestie mattis libero. Nam sit amet \\r\\nmassa et magna porttitor eleifend a aliquam nunc. Pellentesque a est a \\r\\naugue dignissim tristique eu nec augue. Integer pretium sollicitudin \\r\\ntellus, quis hendrerit nunc accumsan et. Fusce bibendum a neque vel \\r\\nfringilla. Vivamus viverra enim at purus gravida, in elementum neque \\r\\neleifend. Curabitur sodales dapibus urna, at mattis lacus eleifend non. \\r\\nDonec ultricies porta orci eu congue. Nulla sodales arcu a libero \\r\\naliquet, nec aliquam ante sagittis.<\\/span><\\/p>\",\"option38_1\":\"empty\",\"option6_1\":\"apartment\",\"option56_1\":\"\",\"option1_1\":\"0\",\"option4_1\":\"Rent\",\"option2_1\":\"Apartment\",\"option5_1\":\"Bjelovarska\",\"option7_1\":\"Bjelovar\",\"option40_1\":\"\",\"option3_1\":\"Less than 50m2\",\"option57_1\":\"40\",\"option39_1\":\"-\",\"option19_1\":\"3\",\"option20_1\":\"3\",\"option58_1\":\"7\",\"option36_1\":\"90,000.00\",\"option55_1\":\"\",\"option37_1\":\"\",\"option54_1\":\"Agent\",\"option53_1\":\"-\",\"option59_1\":\"70\",\"option60_1\":\"20\",\"option65_1\":\"262\",\"option64_1\":\"Manitoba - Winnipeg -\",\"option66_1\":\"0\",\"option67_1\":\"FieldGate properties\",\"option74_1\":\"264\",\"option68_1\":\"1234567890\",\"option69_1\":\"http:\\/\\/www.google.com\",\"option70_1\":\"http:\\/\\/www.facebook.com\",\"option71_1\":\"http:\\/\\/www.twitter.com\",\"option72_1\":\"345 Dixon Road\\r\\nToronto Ontario M9R 15G\\r\\n(Dixon &amp; Kipling)\",\"option73_1\":\"0-24\",\"option21_1\":\"0\",\"option22_1\":\"true\",\"option23_1\":\"0\",\"option24_1\":\"true\",\"option25_1\":\"0\",\"option28_1\":\"true\",\"option29_1\":\"true\",\"option31_1\":\"true\",\"option52_1\":\"0\",\"option11_1\":\"true\",\"option30_1\":\"0\",\"option27_1\":\"true\",\"option33_1\":\"true\",\"option32_1\":\"true\",\"option43_1\":\"0\",\"option44_1\":\"600\",\"option45_1\":\"600\",\"option46_1\":\"600\",\"option47_1\":\"600\",\"option48_1\":\"\",\"option49_1\":\"\",\"option50_1\":\"\",\"option51_1\":\"\",\"option9_1\":\"0\",\"option12_1\":\"\",\"option42_1\":\"0\",\"option10_2\":\"Bjelovar nekretnina\",\"option8_2\":\"Lorem ipsum dolor sit amet, consectetur adipiscing elit. Sed vulputate \\r\\nnec neque gravida rhoncus. Donec sit amet blandit mauris, sed bibendum \\r\\nrisus.\",\"option17_2\":\"<p>\\r\\nLorem ipsum dolor sit amet, consectetur adipiscing elit. Sed vulputate \\r\\nnec neque gravida rhoncus. Donec sit amet blandit mauris, sed bibendum \\r\\nrisus. Cras ut urna semper, facilisis augue sed, imperdiet nulla. Duis \\r\\ntristique tellus tortor, dapibus gravida sem sodales id. Nullam quis \\r\\nconvallis libero, vitae pulvinar nisi.<\\/p><p><span style=\\\"font-weight: bold;\\\">Nam eget est facilisis, porta mi \\r\\nac, ultricies enim. Proin nisi diam, eleifend ac eleifend in, dapibus in\\r\\n orci. Vestibulum elementum lectus non nisl venenatis, tempus molestie \\r\\nnisi tempus. Pellentesque facilisis nibh nec purus blandit, id aliquam \\r\\nlorem fermentum.\\r\\n<\\/span><\\/p>\\r\\n<p>\\r\\n<span style=\\\"font-style: italic;\\\">Ut erat lacus, sagittis ac leo eu, molestie mattis libero. Nam sit amet \\r\\nmassa et magna porttitor eleifend a aliquam nunc. Pellentesque a est a \\r\\naugue dignissim tristique eu nec augue. Integer pretium sollicitudin \\r\\ntellus, quis hendrerit nunc accumsan et. Fusce bibendum a neque vel \\r\\nfringilla. Vivamus viverra enim at purus gravida, in elementum neque \\r\\neleifend. Curabitur sodales dapibus urna, at mattis lacus eleifend non. \\r\\nDonec ultricies porta orci eu congue. Nulla sodales arcu a libero \\r\\naliquet, nec aliquam ante sagittis.<\\/span><\\/p>\",\"option38_2\":\"empty\",\"option6_2\":\"apartment\",\"option56_2\":\"\",\"option1_2\":\"0\",\"option4_2\":\"Najam\",\"option2_2\":\"Stan\",\"option5_2\":\"Bjelovarska\",\"option7_2\":\"Bjelovar\",\"option40_2\":\"\",\"option3_2\":\"Manje od 50m2\",\"option57_2\":\"40\",\"option39_2\":\"-\",\"option19_2\":\"3\",\"option20_2\":\"3\",\"option58_2\":\"7\",\"option36_2\":\"90,000.00\",\"option55_2\":\"\",\"option37_2\":\"\",\"option54_2\":\"Agent\",\"option53_2\":\"-\",\"option59_2\":\"70\",\"option60_2\":\"20\",\"option65_2\":\"263\",\"option64_2\":\"Manitoba - Winnipeg -\",\"option66_2\":\"0\",\"option67_2\":\"FieldGate properties 2\",\"option74_2\":\"265\",\"option68_2\":\"1234567890\",\"option69_2\":\"http:\\/\\/www.google.com\",\"option70_2\":\"http:\\/\\/www.facebook.com\",\"option71_2\":\"http:\\/\\/www.twitter.com\",\"option72_2\":\"My company description<br>\",\"option73_2\":\"0-24\",\"option21_2\":\"0\",\"option22_2\":\"true\",\"option23_2\":\"0\",\"option24_2\":\"true\",\"option25_2\":\"0\",\"option28_2\":\"true\",\"option29_2\":\"true\",\"option31_2\":\"true\",\"option52_2\":\"0\",\"option11_2\":\"true\",\"option30_2\":\"0\",\"option27_2\":\"true\",\"option33_2\":\"true\",\"option32_2\":\"true\",\"option43_2\":\"0\",\"option44_2\":\"600\",\"option45_2\":\"600\",\"option46_2\":\"600\",\"option47_2\":\"600\",\"option48_2\":\"\",\"option49_2\":\"\",\"option50_2\":\"\",\"option51_2\":\"\",\"option9_2\":\"0\",\"option12_2\":\"\",\"option42_2\":\"0\",\"agent\":\"18\",\"slug_1\":\"bjelovar-estate-1-en\",\"slug_2\":\"bjelovar-nekretnina\"}',NULL,NULL,NULL),(3,46.378570,16.079735,'Veliki lovrečan','SOLD',200,60,'2015-03-18 22:17:35','2014-03-07 20:12:14','Sale','House','{\"id\":\"29\",\"gps\":\"46.3785703, 16.0797348\",\"lat\":\"46.378570\",\"lng\":\"16.079735\",\"date\":\"2014-03-07 20:12:14\",\"date_modified\":\"2014-12-28 18:59:23\",\"address\":\"Veliki lovre\\u010dan\",\"type\":null,\"repository_id\":\"195\",\"is_featured\":\"0\",\"search_values\":\"id: 29Veliki lovre\\u010dan My property new house   Sale House Vara\\u017edinska Cestica   50-100m2 60 D 2 2 5    Agent  50 20 SKIP_ON_EMPTY   SKIP_ON_EMPTY       trueAir conditioning trueCable TV  trueBalcony        700 700    Moja nekretnina novo house   Prodaja Ku\\u0107a Vara\\u017edinska Cestica   50-100m2 60 D 2 2 5    Agent    SKIP_ON_EMPTY   SKIP_ON_EMPTY       trueKlimatizacija trueKabelska TV  trueBalkon        700 700   \",\"is_activated\":\"0\",\"activation_paid_date\":null,\"featured_paid_date\":null,\"counter_views\":\"0\",\"image_filename\":null,\"image_repository\":null,\"option10_1\":\"My property\",\"option8_1\":\"Lorem ipsum dolor sit amet, consectetur adipiscing elit. Sed vulputate \\r\\nnec neque gravida rhoncus. Donec sit amet blandit mauris, sed bibendum \\r\\nrisus.\",\"option17_1\":\"<p>\\r\\nLorem ipsum dolor sit amet, consectetur adipiscing elit. Sed vulputate \\r\\nnec neque gravida rhoncus. Donec sit amet blandit mauris, sed bibendum \\r\\nrisus. Cras ut urna semper, facilisis augue sed, imperdiet nulla. Duis \\r\\ntristique tellus tortor, dapibus gravida sem sodales id. Nullam quis \\r\\nconvallis libero, vitae pulvinar nisi.<\\/p><p><span style=\\\"font-weight: bold;\\\">Nam eget est facilisis, porta mi \\r\\nac, ultricies enim. Proin nisi diam, eleifend ac eleifend in, dapibus in\\r\\n orci. Vestibulum elementum lectus non nisl venenatis, tempus molestie \\r\\nnisi tempus. Pellentesque facilisis nibh nec purus blandit, id aliquam \\r\\nlorem fermentum.\\r\\n<\\/span><\\/p>\\r\\n<p>\\r\\n<span style=\\\"font-style: italic;\\\">Ut erat lacus, sagittis ac leo eu, molestie mattis libero. Nam sit amet \\r\\nmassa et magna porttitor eleifend a aliquam nunc. Pellentesque a est a \\r\\naugue dignissim tristique eu nec augue. Integer pretium sollicitudin \\r\\ntellus, quis hendrerit nunc accumsan et. Fusce bibendum a neque vel \\r\\nfringilla. Vivamus viverra enim at purus gravida, in elementum neque \\r\\neleifend. Curabitur sodales dapibus urna, at mattis lacus eleifend non. \\r\\nDonec ultricies porta orci eu congue. Nulla sodales arcu a libero \\r\\naliquet, nec aliquam ante sagittis.<\\/span><\\/p>\",\"option38_1\":\"new\",\"option6_1\":\"house\",\"option56_1\":\"\",\"option1_1\":\"0\",\"option4_1\":\"Sale\",\"option2_1\":\"House\",\"option5_1\":\"Vara\\u017edinska\",\"option7_1\":\"Cestica\",\"option40_1\":\"\",\"option64_1\":\"\",\"option3_1\":\"50-100m2\",\"option57_1\":\"60\",\"option39_1\":\"D\",\"option19_1\":\"2\",\"option20_1\":\"2\",\"option58_1\":\"5\",\"option36_1\":\"\",\"option55_1\":\"\",\"option37_1\":\"\",\"option54_1\":\"Agent\",\"option53_1\":\"\",\"option59_1\":\"50\",\"option60_1\":\"20\",\"option66_1\":\"0\",\"option67_1\":\"\",\"option68_1\":\"\",\"option69_1\":\"\",\"option70_1\":\"\",\"option71_1\":\"\",\"option72_1\":\"\",\"option73_1\":\"\",\"option21_1\":\"0\",\"option22_1\":\"true\",\"option23_1\":\"true\",\"option24_1\":\"0\",\"option25_1\":\"0\",\"option28_1\":\"0\",\"option29_1\":\"0\",\"option31_1\":\"0\",\"option52_1\":\"0\",\"option11_1\":\"true\",\"option30_1\":\"0\",\"option27_1\":\"0\",\"option33_1\":\"0\",\"option32_1\":\"0\",\"option43_1\":\"0\",\"option44_1\":\"\",\"option45_1\":\"\",\"option46_1\":\"\",\"option47_1\":\"\",\"option48_1\":\"\",\"option49_1\":\"\",\"option50_1\":\"700\",\"option51_1\":\"700\",\"option9_1\":\"0\",\"option12_1\":\"\",\"option42_1\":\"0\",\"option10_2\":\"Moja nekretnina\",\"option8_2\":\"Lorem ipsum dolor sit amet, consectetur adipiscing elit. Sed vulputate \\r\\nnec neque gravida rhoncus. Donec sit amet blandit mauris, sed bibendum \\r\\nrisus.\",\"option17_2\":\"<p>\\r\\nLorem ipsum dolor sit amet, consectetur adipiscing elit. Sed vulputate \\r\\nnec neque gravida rhoncus. Donec sit amet blandit mauris, sed bibendum \\r\\nrisus. Cras ut urna semper, facilisis augue sed, imperdiet nulla. Duis \\r\\ntristique tellus tortor, dapibus gravida sem sodales id. Nullam quis \\r\\nconvallis libero, vitae pulvinar nisi.<\\/p><p><span style=\\\"font-weight: bold;\\\">Nam eget est facilisis, porta mi \\r\\nac, ultricies enim. Proin nisi diam, eleifend ac eleifend in, dapibus in\\r\\n orci. Vestibulum elementum lectus non nisl venenatis, tempus molestie \\r\\nnisi tempus. Pellentesque facilisis nibh nec purus blandit, id aliquam \\r\\nlorem fermentum.\\r\\n<\\/span><\\/p>\\r\\n<p>\\r\\n<span style=\\\"font-style: italic;\\\">Ut erat lacus, sagittis ac leo eu, molestie mattis libero. Nam sit amet \\r\\nmassa et magna porttitor eleifend a aliquam nunc. Pellentesque a est a \\r\\naugue dignissim tristique eu nec augue. Integer pretium sollicitudin \\r\\ntellus, quis hendrerit nunc accumsan et. Fusce bibendum a neque vel \\r\\nfringilla. Vivamus viverra enim at purus gravida, in elementum neque \\r\\neleifend. Curabitur sodales dapibus urna, at mattis lacus eleifend non. \\r\\nDonec ultricies porta orci eu congue. Nulla sodales arcu a libero \\r\\naliquet, nec aliquam ante sagittis.<\\/span><\\/p>\",\"option38_2\":\"novo\",\"option6_2\":\"house\",\"option56_2\":\"\",\"option1_2\":\"0\",\"option4_2\":\"Prodaja\",\"option2_2\":\"Ku\\u0107a\",\"option5_2\":\"Vara\\u017edinska\",\"option7_2\":\"Cestica\",\"option40_2\":\"\",\"option64_2\":\"\",\"option3_2\":\"50-100m2\",\"option57_2\":\"60\",\"option39_2\":\"D\",\"option19_2\":\"2\",\"option20_2\":\"2\",\"option58_2\":\"5\",\"option36_2\":\"\",\"option55_2\":\"\",\"option37_2\":\"\",\"option54_2\":\"Agent\",\"option53_2\":\"\",\"option59_2\":\"\",\"option60_2\":\"\",\"option66_2\":\"0\",\"option67_2\":\"\",\"option68_2\":\"\",\"option69_2\":\"\",\"option70_2\":\"\",\"option71_2\":\"\",\"option72_2\":\"\",\"option73_2\":\"\",\"option21_2\":\"0\",\"option22_2\":\"true\",\"option23_2\":\"true\",\"option24_2\":\"0\",\"option25_2\":\"0\",\"option28_2\":\"0\",\"option29_2\":\"0\",\"option31_2\":\"0\",\"option52_2\":\"0\",\"option11_2\":\"true\",\"option30_2\":\"0\",\"option27_2\":\"0\",\"option33_2\":\"0\",\"option32_2\":\"0\",\"option43_2\":\"0\",\"option44_2\":\"\",\"option45_2\":\"\",\"option46_2\":\"\",\"option47_2\":\"\",\"option48_2\":\"\",\"option49_2\":\"\",\"option50_2\":\"700\",\"option51_2\":\"700\",\"option9_2\":\"0\",\"option12_2\":\"\",\"option42_2\":\"0\",\"agent\":\"18\",\"slug_1\":\"\",\"slug_2\":\"\"}',NULL,NULL,NULL),(4,46.373121,16.127040,'Cestica','SOLD',300,40,'2015-03-18 22:17:42','2015-01-07 13:32:50','Rent','Apartment','{\"id\":\"30\",\"gps\":\"46.3731205, 16.1270403\",\"lat\":\"46.373121\",\"lng\":\"16.127040\",\"date\":\"2015-01-07 13:32:50\",\"date_modified\":\"2015-02-22 15:04:06\",\"address\":\"Cestica\",\"type\":null,\"repository_id\":\"197\",\"is_featured\":\"0\",\"search_values\":\"id: 30Cestica Bjelovar estate empty apartment   Rent Apartment Bjelovarska Bjelovar  Less than 50m2 40 - 3 3 7 90,000.00   Agent - 70 20 262 Manitoba - Winnipeg -  FieldGate properties 264 1234567890 http:\\/\\/www.google.com http:\\/\\/www.facebook.com http:\\/\\/www.twitter.com 0-24  trueAir conditioning trueComputer trueHeating trueInternet trueMicrowave  trueBalcony trueGrill truePool trueParking  600 600 600 600        bjelovar-estate-1-en Bjelovar nekretnina empty apartment   Najam Stan Bjelovarska Bjelovar  Manje od 50m2 40 - 3 3 7 90,000.00   Agent - 70 20 263 Manitoba - Winnipeg -  FieldGate properties 2 265 1234567890 http:\\/\\/www.google.com http:\\/\\/www.facebook.com http:\\/\\/www.twitter.com 0-24  trueKlimatizacija trueRa\\u010dunalo trueGrijanje trueInternet trueMikrovalna  trueBalkon trueRo\\u0161tilj trueBazen trueParking  600 600 600 600        bjelovar-nekretnina\",\"is_activated\":\"1\",\"activation_paid_date\":null,\"featured_paid_date\":null,\"counter_views\":\"197\",\"image_filename\":\"431262903_9d77804a5b_o (1).jpg\",\"image_repository\":\"[\\\"431262903_9d77804a5b_o (1).jpg\\\",\\\"431267985_286ac5c8cd_o (1).jpg\\\"]\",\"option10_1\":\"Bjelovar estate\",\"option8_1\":\"Lorem ipsum dolor sit amet, consectetur adipiscing elit. Sed vulputate \\r\\nnec neque gravida rhoncus. Donec sit amet blandit mauris, sed bibendum \\r\\nrisus.\",\"option17_1\":\"<p>\\r\\nLorem ipsum dolor sit amet, consectetur adipiscing elit. Sed vulputate \\r\\nnec neque gravida rhoncus. Donec sit amet blandit mauris, sed bibendum \\r\\nrisus. Cras ut urna semper, facilisis augue sed, imperdiet nulla. Duis \\r\\ntristique tellus tortor, dapibus gravida sem sodales id. Nullam quis \\r\\nconvallis libero, vitae pulvinar nisi.<\\/p><p><span style=\\\"font-weight: bold;\\\">Nam eget est facilisis, porta mi \\r\\nac, ultricies enim. Proin nisi diam, eleifend ac eleifend in, dapibus in\\r\\n orci. Vestibulum elementum lectus non nisl venenatis, tempus molestie \\r\\nnisi tempus. Pellentesque facilisis nibh nec purus blandit, id aliquam \\r\\nlorem fermentum.\\r\\n<\\/span><\\/p>\\r\\n<p>\\r\\n<span style=\\\"font-style: italic;\\\">Ut erat lacus, sagittis ac leo eu, molestie mattis libero. Nam sit amet \\r\\nmassa et magna porttitor eleifend a aliquam nunc. Pellentesque a est a \\r\\naugue dignissim tristique eu nec augue. Integer pretium sollicitudin \\r\\ntellus, quis hendrerit nunc accumsan et. Fusce bibendum a neque vel \\r\\nfringilla. Vivamus viverra enim at purus gravida, in elementum neque \\r\\neleifend. Curabitur sodales dapibus urna, at mattis lacus eleifend non. \\r\\nDonec ultricies porta orci eu congue. Nulla sodales arcu a libero \\r\\naliquet, nec aliquam ante sagittis.<\\/span><\\/p>\",\"option38_1\":\"empty\",\"option6_1\":\"apartment\",\"option56_1\":\"\",\"option1_1\":\"0\",\"option4_1\":\"Rent\",\"option2_1\":\"Apartment\",\"option5_1\":\"Bjelovarska\",\"option7_1\":\"Bjelovar\",\"option40_1\":\"\",\"option3_1\":\"Less than 50m2\",\"option57_1\":\"40\",\"option39_1\":\"-\",\"option19_1\":\"3\",\"option20_1\":\"3\",\"option58_1\":\"7\",\"option36_1\":\"90,000.00\",\"option55_1\":\"\",\"option37_1\":\"\",\"option54_1\":\"Agent\",\"option53_1\":\"-\",\"option59_1\":\"70\",\"option60_1\":\"20\",\"option65_1\":\"262\",\"option64_1\":\"Manitoba - Winnipeg -\",\"option66_1\":\"0\",\"option67_1\":\"FieldGate properties\",\"option74_1\":\"264\",\"option68_1\":\"1234567890\",\"option69_1\":\"http:\\/\\/www.google.com\",\"option70_1\":\"http:\\/\\/www.facebook.com\",\"option71_1\":\"http:\\/\\/www.twitter.com\",\"option72_1\":\"345 Dixon Road\\r\\nToronto Ontario M9R 15G\\r\\n(Dixon &amp; Kipling)\",\"option73_1\":\"0-24\",\"option21_1\":\"0\",\"option22_1\":\"true\",\"option23_1\":\"0\",\"option24_1\":\"true\",\"option25_1\":\"0\",\"option28_1\":\"true\",\"option29_1\":\"true\",\"option31_1\":\"true\",\"option52_1\":\"0\",\"option11_1\":\"true\",\"option30_1\":\"0\",\"option27_1\":\"true\",\"option33_1\":\"true\",\"option32_1\":\"true\",\"option43_1\":\"0\",\"option44_1\":\"600\",\"option45_1\":\"600\",\"option46_1\":\"600\",\"option47_1\":\"600\",\"option48_1\":\"\",\"option49_1\":\"\",\"option50_1\":\"\",\"option51_1\":\"\",\"option9_1\":\"0\",\"option12_1\":\"\",\"option42_1\":\"0\",\"option10_2\":\"Bjelovar nekretnina\",\"option8_2\":\"Lorem ipsum dolor sit amet, consectetur adipiscing elit. Sed vulputate \\r\\nnec neque gravida rhoncus. Donec sit amet blandit mauris, sed bibendum \\r\\nrisus.\",\"option17_2\":\"<p>\\r\\nLorem ipsum dolor sit amet, consectetur adipiscing elit. Sed vulputate \\r\\nnec neque gravida rhoncus. Donec sit amet blandit mauris, sed bibendum \\r\\nrisus. Cras ut urna semper, facilisis augue sed, imperdiet nulla. Duis \\r\\ntristique tellus tortor, dapibus gravida sem sodales id. Nullam quis \\r\\nconvallis libero, vitae pulvinar nisi.<\\/p><p><span style=\\\"font-weight: bold;\\\">Nam eget est facilisis, porta mi \\r\\nac, ultricies enim. Proin nisi diam, eleifend ac eleifend in, dapibus in\\r\\n orci. Vestibulum elementum lectus non nisl venenatis, tempus molestie \\r\\nnisi tempus. Pellentesque facilisis nibh nec purus blandit, id aliquam \\r\\nlorem fermentum.\\r\\n<\\/span><\\/p>\\r\\n<p>\\r\\n<span style=\\\"font-style: italic;\\\">Ut erat lacus, sagittis ac leo eu, molestie mattis libero. Nam sit amet \\r\\nmassa et magna porttitor eleifend a aliquam nunc. Pellentesque a est a \\r\\naugue dignissim tristique eu nec augue. Integer pretium sollicitudin \\r\\ntellus, quis hendrerit nunc accumsan et. Fusce bibendum a neque vel \\r\\nfringilla. Vivamus viverra enim at purus gravida, in elementum neque \\r\\neleifend. Curabitur sodales dapibus urna, at mattis lacus eleifend non. \\r\\nDonec ultricies porta orci eu congue. Nulla sodales arcu a libero \\r\\naliquet, nec aliquam ante sagittis.<\\/span><\\/p>\",\"option38_2\":\"empty\",\"option6_2\":\"apartment\",\"option56_2\":\"\",\"option1_2\":\"0\",\"option4_2\":\"Najam\",\"option2_2\":\"Stan\",\"option5_2\":\"Bjelovarska\",\"option7_2\":\"Bjelovar\",\"option40_2\":\"\",\"option3_2\":\"Manje od 50m2\",\"option57_2\":\"40\",\"option39_2\":\"-\",\"option19_2\":\"3\",\"option20_2\":\"3\",\"option58_2\":\"7\",\"option36_2\":\"90,000.00\",\"option55_2\":\"\",\"option37_2\":\"\",\"option54_2\":\"Agent\",\"option53_2\":\"-\",\"option59_2\":\"70\",\"option60_2\":\"20\",\"option65_2\":\"263\",\"option64_2\":\"Manitoba - Winnipeg -\",\"option66_2\":\"0\",\"option67_2\":\"FieldGate properties 2\",\"option74_2\":\"265\",\"option68_2\":\"1234567890\",\"option69_2\":\"http:\\/\\/www.google.com\",\"option70_2\":\"http:\\/\\/www.facebook.com\",\"option71_2\":\"http:\\/\\/www.twitter.com\",\"option72_2\":\"My company description<br>\",\"option73_2\":\"0-24\",\"option21_2\":\"0\",\"option22_2\":\"true\",\"option23_2\":\"0\",\"option24_2\":\"true\",\"option25_2\":\"0\",\"option28_2\":\"true\",\"option29_2\":\"true\",\"option31_2\":\"true\",\"option52_2\":\"0\",\"option11_2\":\"true\",\"option30_2\":\"0\",\"option27_2\":\"true\",\"option33_2\":\"true\",\"option32_2\":\"true\",\"option43_2\":\"0\",\"option44_2\":\"600\",\"option45_2\":\"600\",\"option46_2\":\"600\",\"option47_2\":\"600\",\"option48_2\":\"\",\"option49_2\":\"\",\"option50_2\":\"\",\"option51_2\":\"\",\"option9_2\":\"0\",\"option12_2\":\"\",\"option42_2\":\"0\",\"agent\":\"18\",\"slug_1\":\"bjelovar-estate-1-en\",\"slug_2\":\"bjelovar-nekretnina\"}',NULL,NULL,NULL),(5,46.373121,16.127040,'Cestica','SOLD',100,40,'2015-03-18 22:17:59','2015-01-07 13:32:50','Rent','Apartment','{\"id\":\"30\",\"gps\":\"46.3731205, 16.1270403\",\"lat\":\"46.373121\",\"lng\":\"16.127040\",\"date\":\"2015-01-07 13:32:50\",\"date_modified\":\"2015-02-22 15:04:06\",\"address\":\"Cestica\",\"type\":null,\"repository_id\":\"197\",\"is_featured\":\"0\",\"search_values\":\"id: 30Cestica Bjelovar estate empty apartment   Rent Apartment Bjelovarska Bjelovar  Less than 50m2 40 - 3 3 7 90,000.00   Agent - 70 20 262 Manitoba - Winnipeg -  FieldGate properties 264 1234567890 http:\\/\\/www.google.com http:\\/\\/www.facebook.com http:\\/\\/www.twitter.com 0-24  trueAir conditioning trueComputer trueHeating trueInternet trueMicrowave  trueBalcony trueGrill truePool trueParking  600 600 600 600        bjelovar-estate-1-en Bjelovar nekretnina empty apartment   Najam Stan Bjelovarska Bjelovar  Manje od 50m2 40 - 3 3 7 90,000.00   Agent - 70 20 263 Manitoba - Winnipeg -  FieldGate properties 2 265 1234567890 http:\\/\\/www.google.com http:\\/\\/www.facebook.com http:\\/\\/www.twitter.com 0-24  trueKlimatizacija trueRa\\u010dunalo trueGrijanje trueInternet trueMikrovalna  trueBalkon trueRo\\u0161tilj trueBazen trueParking  600 600 600 600        bjelovar-nekretnina\",\"is_activated\":\"1\",\"activation_paid_date\":null,\"featured_paid_date\":null,\"counter_views\":\"197\",\"image_filename\":\"431262903_9d77804a5b_o (1).jpg\",\"image_repository\":\"[\\\"431262903_9d77804a5b_o (1).jpg\\\",\\\"431267985_286ac5c8cd_o (1).jpg\\\"]\",\"option10_1\":\"Bjelovar estate\",\"option8_1\":\"Lorem ipsum dolor sit amet, consectetur adipiscing elit. Sed vulputate \\r\\nnec neque gravida rhoncus. Donec sit amet blandit mauris, sed bibendum \\r\\nrisus.\",\"option17_1\":\"<p>\\r\\nLorem ipsum dolor sit amet, consectetur adipiscing elit. Sed vulputate \\r\\nnec neque gravida rhoncus. Donec sit amet blandit mauris, sed bibendum \\r\\nrisus. Cras ut urna semper, facilisis augue sed, imperdiet nulla. Duis \\r\\ntristique tellus tortor, dapibus gravida sem sodales id. Nullam quis \\r\\nconvallis libero, vitae pulvinar nisi.<\\/p><p><span style=\\\"font-weight: bold;\\\">Nam eget est facilisis, porta mi \\r\\nac, ultricies enim. Proin nisi diam, eleifend ac eleifend in, dapibus in\\r\\n orci. Vestibulum elementum lectus non nisl venenatis, tempus molestie \\r\\nnisi tempus. Pellentesque facilisis nibh nec purus blandit, id aliquam \\r\\nlorem fermentum.\\r\\n<\\/span><\\/p>\\r\\n<p>\\r\\n<span style=\\\"font-style: italic;\\\">Ut erat lacus, sagittis ac leo eu, molestie mattis libero. Nam sit amet \\r\\nmassa et magna porttitor eleifend a aliquam nunc. Pellentesque a est a \\r\\naugue dignissim tristique eu nec augue. Integer pretium sollicitudin \\r\\ntellus, quis hendrerit nunc accumsan et. Fusce bibendum a neque vel \\r\\nfringilla. Vivamus viverra enim at purus gravida, in elementum neque \\r\\neleifend. Curabitur sodales dapibus urna, at mattis lacus eleifend non. \\r\\nDonec ultricies porta orci eu congue. Nulla sodales arcu a libero \\r\\naliquet, nec aliquam ante sagittis.<\\/span><\\/p>\",\"option38_1\":\"empty\",\"option6_1\":\"apartment\",\"option56_1\":\"\",\"option1_1\":\"0\",\"option4_1\":\"Rent\",\"option2_1\":\"Apartment\",\"option5_1\":\"Bjelovarska\",\"option7_1\":\"Bjelovar\",\"option40_1\":\"\",\"option3_1\":\"Less than 50m2\",\"option57_1\":\"40\",\"option39_1\":\"-\",\"option19_1\":\"3\",\"option20_1\":\"3\",\"option58_1\":\"7\",\"option36_1\":\"90,000.00\",\"option55_1\":\"\",\"option37_1\":\"\",\"option54_1\":\"Agent\",\"option53_1\":\"-\",\"option59_1\":\"70\",\"option60_1\":\"20\",\"option65_1\":\"262\",\"option64_1\":\"Manitoba - Winnipeg -\",\"option66_1\":\"0\",\"option67_1\":\"FieldGate properties\",\"option74_1\":\"264\",\"option68_1\":\"1234567890\",\"option69_1\":\"http:\\/\\/www.google.com\",\"option70_1\":\"http:\\/\\/www.facebook.com\",\"option71_1\":\"http:\\/\\/www.twitter.com\",\"option72_1\":\"345 Dixon Road\\r\\nToronto Ontario M9R 15G\\r\\n(Dixon &amp; Kipling)\",\"option73_1\":\"0-24\",\"option21_1\":\"0\",\"option22_1\":\"true\",\"option23_1\":\"0\",\"option24_1\":\"true\",\"option25_1\":\"0\",\"option28_1\":\"true\",\"option29_1\":\"true\",\"option31_1\":\"true\",\"option52_1\":\"0\",\"option11_1\":\"true\",\"option30_1\":\"0\",\"option27_1\":\"true\",\"option33_1\":\"true\",\"option32_1\":\"true\",\"option43_1\":\"0\",\"option44_1\":\"600\",\"option45_1\":\"600\",\"option46_1\":\"600\",\"option47_1\":\"600\",\"option48_1\":\"\",\"option49_1\":\"\",\"option50_1\":\"\",\"option51_1\":\"\",\"option9_1\":\"0\",\"option12_1\":\"\",\"option42_1\":\"0\",\"option10_2\":\"Bjelovar nekretnina\",\"option8_2\":\"Lorem ipsum dolor sit amet, consectetur adipiscing elit. Sed vulputate \\r\\nnec neque gravida rhoncus. Donec sit amet blandit mauris, sed bibendum \\r\\nrisus.\",\"option17_2\":\"<p>\\r\\nLorem ipsum dolor sit amet, consectetur adipiscing elit. Sed vulputate \\r\\nnec neque gravida rhoncus. Donec sit amet blandit mauris, sed bibendum \\r\\nrisus. Cras ut urna semper, facilisis augue sed, imperdiet nulla. Duis \\r\\ntristique tellus tortor, dapibus gravida sem sodales id. Nullam quis \\r\\nconvallis libero, vitae pulvinar nisi.<\\/p><p><span style=\\\"font-weight: bold;\\\">Nam eget est facilisis, porta mi \\r\\nac, ultricies enim. Proin nisi diam, eleifend ac eleifend in, dapibus in\\r\\n orci. Vestibulum elementum lectus non nisl venenatis, tempus molestie \\r\\nnisi tempus. Pellentesque facilisis nibh nec purus blandit, id aliquam \\r\\nlorem fermentum.\\r\\n<\\/span><\\/p>\\r\\n<p>\\r\\n<span style=\\\"font-style: italic;\\\">Ut erat lacus, sagittis ac leo eu, molestie mattis libero. Nam sit amet \\r\\nmassa et magna porttitor eleifend a aliquam nunc. Pellentesque a est a \\r\\naugue dignissim tristique eu nec augue. Integer pretium sollicitudin \\r\\ntellus, quis hendrerit nunc accumsan et. Fusce bibendum a neque vel \\r\\nfringilla. Vivamus viverra enim at purus gravida, in elementum neque \\r\\neleifend. Curabitur sodales dapibus urna, at mattis lacus eleifend non. \\r\\nDonec ultricies porta orci eu congue. Nulla sodales arcu a libero \\r\\naliquet, nec aliquam ante sagittis.<\\/span><\\/p>\",\"option38_2\":\"empty\",\"option6_2\":\"apartment\",\"option56_2\":\"\",\"option1_2\":\"0\",\"option4_2\":\"Najam\",\"option2_2\":\"Stan\",\"option5_2\":\"Bjelovarska\",\"option7_2\":\"Bjelovar\",\"option40_2\":\"\",\"option3_2\":\"Manje od 50m2\",\"option57_2\":\"40\",\"option39_2\":\"-\",\"option19_2\":\"3\",\"option20_2\":\"3\",\"option58_2\":\"7\",\"option36_2\":\"90,000.00\",\"option55_2\":\"\",\"option37_2\":\"\",\"option54_2\":\"Agent\",\"option53_2\":\"-\",\"option59_2\":\"70\",\"option60_2\":\"20\",\"option65_2\":\"263\",\"option64_2\":\"Manitoba - Winnipeg -\",\"option66_2\":\"0\",\"option67_2\":\"FieldGate properties 2\",\"option74_2\":\"265\",\"option68_2\":\"1234567890\",\"option69_2\":\"http:\\/\\/www.google.com\",\"option70_2\":\"http:\\/\\/www.facebook.com\",\"option71_2\":\"http:\\/\\/www.twitter.com\",\"option72_2\":\"My company description<br>\",\"option73_2\":\"0-24\",\"option21_2\":\"0\",\"option22_2\":\"true\",\"option23_2\":\"0\",\"option24_2\":\"true\",\"option25_2\":\"0\",\"option28_2\":\"true\",\"option29_2\":\"true\",\"option31_2\":\"true\",\"option52_2\":\"0\",\"option11_2\":\"true\",\"option30_2\":\"0\",\"option27_2\":\"true\",\"option33_2\":\"true\",\"option32_2\":\"true\",\"option43_2\":\"0\",\"option44_2\":\"600\",\"option45_2\":\"600\",\"option46_2\":\"600\",\"option47_2\":\"600\",\"option48_2\":\"\",\"option49_2\":\"\",\"option50_2\":\"\",\"option51_2\":\"\",\"option9_2\":\"0\",\"option12_2\":\"\",\"option42_2\":\"0\",\"agent\":\"18\",\"slug_1\":\"bjelovar-estate-1-en\",\"slug_2\":\"bjelovar-nekretnina\"}',NULL,NULL,NULL),(6,46.378570,16.079735,'Veliki lovrečan','SOLD',100,60,'2015-03-21 11:49:54','2014-03-07 20:12:14','Sale','House','{\"id\":\"29\",\"gps\":\"46.3785703, 16.0797348\",\"lat\":\"46.378570\",\"lng\":\"16.079735\",\"date\":\"2014-03-07 20:12:14\",\"date_modified\":\"2014-12-28 18:59:23\",\"address\":\"Veliki lovre\\u010dan\",\"type\":null,\"repository_id\":\"195\",\"is_featured\":\"0\",\"search_values\":\"id: 29Veliki lovre\\u010dan My property new house   Sale House Vara\\u017edinska Cestica   50-100m2 60 D 2 2 5    Agent  50 20 SKIP_ON_EMPTY   SKIP_ON_EMPTY       trueAir conditioning trueCable TV  trueBalcony        700 700    Moja nekretnina novo house   Prodaja Ku\\u0107a Vara\\u017edinska Cestica   50-100m2 60 D 2 2 5    Agent    SKIP_ON_EMPTY   SKIP_ON_EMPTY       trueKlimatizacija trueKabelska TV  trueBalkon        700 700   \",\"is_activated\":\"0\",\"activation_paid_date\":null,\"featured_paid_date\":null,\"counter_views\":\"0\",\"image_filename\":null,\"image_repository\":null,\"option10_1\":\"My property\",\"option8_1\":\"Lorem ipsum dolor sit amet, consectetur adipiscing elit. Sed vulputate \\r\\nnec neque gravida rhoncus. Donec sit amet blandit mauris, sed bibendum \\r\\nrisus.\",\"option17_1\":\"<p>\\r\\nLorem ipsum dolor sit amet, consectetur adipiscing elit. Sed vulputate \\r\\nnec neque gravida rhoncus. Donec sit amet blandit mauris, sed bibendum \\r\\nrisus. Cras ut urna semper, facilisis augue sed, imperdiet nulla. Duis \\r\\ntristique tellus tortor, dapibus gravida sem sodales id. Nullam quis \\r\\nconvallis libero, vitae pulvinar nisi.<\\/p><p><span style=\\\"font-weight: bold;\\\">Nam eget est facilisis, porta mi \\r\\nac, ultricies enim. Proin nisi diam, eleifend ac eleifend in, dapibus in\\r\\n orci. Vestibulum elementum lectus non nisl venenatis, tempus molestie \\r\\nnisi tempus. Pellentesque facilisis nibh nec purus blandit, id aliquam \\r\\nlorem fermentum.\\r\\n<\\/span><\\/p>\\r\\n<p>\\r\\n<span style=\\\"font-style: italic;\\\">Ut erat lacus, sagittis ac leo eu, molestie mattis libero. Nam sit amet \\r\\nmassa et magna porttitor eleifend a aliquam nunc. Pellentesque a est a \\r\\naugue dignissim tristique eu nec augue. Integer pretium sollicitudin \\r\\ntellus, quis hendrerit nunc accumsan et. Fusce bibendum a neque vel \\r\\nfringilla. Vivamus viverra enim at purus gravida, in elementum neque \\r\\neleifend. Curabitur sodales dapibus urna, at mattis lacus eleifend non. \\r\\nDonec ultricies porta orci eu congue. Nulla sodales arcu a libero \\r\\naliquet, nec aliquam ante sagittis.<\\/span><\\/p>\",\"option38_1\":\"new\",\"option6_1\":\"house\",\"option56_1\":\"\",\"option1_1\":\"0\",\"option4_1\":\"Sale\",\"option2_1\":\"House\",\"option5_1\":\"Vara\\u017edinska\",\"option7_1\":\"Cestica\",\"option40_1\":\"\",\"option64_1\":\"\",\"option3_1\":\"50-100m2\",\"option57_1\":\"60\",\"option39_1\":\"D\",\"option19_1\":\"2\",\"option20_1\":\"2\",\"option58_1\":\"5\",\"option36_1\":\"\",\"option55_1\":\"\",\"option37_1\":\"\",\"option54_1\":\"Agent\",\"option53_1\":\"\",\"option59_1\":\"50\",\"option60_1\":\"20\",\"option66_1\":\"0\",\"option67_1\":\"\",\"option68_1\":\"\",\"option69_1\":\"\",\"option70_1\":\"\",\"option71_1\":\"\",\"option72_1\":\"\",\"option73_1\":\"\",\"option21_1\":\"0\",\"option22_1\":\"true\",\"option23_1\":\"true\",\"option24_1\":\"0\",\"option25_1\":\"0\",\"option28_1\":\"0\",\"option29_1\":\"0\",\"option31_1\":\"0\",\"option52_1\":\"0\",\"option11_1\":\"true\",\"option30_1\":\"0\",\"option27_1\":\"0\",\"option33_1\":\"0\",\"option32_1\":\"0\",\"option43_1\":\"0\",\"option44_1\":\"\",\"option45_1\":\"\",\"option46_1\":\"\",\"option47_1\":\"\",\"option48_1\":\"\",\"option49_1\":\"\",\"option50_1\":\"700\",\"option51_1\":\"700\",\"option9_1\":\"0\",\"option12_1\":\"\",\"option42_1\":\"0\",\"option10_2\":\"Moja nekretnina\",\"option8_2\":\"Lorem ipsum dolor sit amet, consectetur adipiscing elit. Sed vulputate \\r\\nnec neque gravida rhoncus. Donec sit amet blandit mauris, sed bibendum \\r\\nrisus.\",\"option17_2\":\"<p>\\r\\nLorem ipsum dolor sit amet, consectetur adipiscing elit. Sed vulputate \\r\\nnec neque gravida rhoncus. Donec sit amet blandit mauris, sed bibendum \\r\\nrisus. Cras ut urna semper, facilisis augue sed, imperdiet nulla. Duis \\r\\ntristique tellus tortor, dapibus gravida sem sodales id. Nullam quis \\r\\nconvallis libero, vitae pulvinar nisi.<\\/p><p><span style=\\\"font-weight: bold;\\\">Nam eget est facilisis, porta mi \\r\\nac, ultricies enim. Proin nisi diam, eleifend ac eleifend in, dapibus in\\r\\n orci. Vestibulum elementum lectus non nisl venenatis, tempus molestie \\r\\nnisi tempus. Pellentesque facilisis nibh nec purus blandit, id aliquam \\r\\nlorem fermentum.\\r\\n<\\/span><\\/p>\\r\\n<p>\\r\\n<span style=\\\"font-style: italic;\\\">Ut erat lacus, sagittis ac leo eu, molestie mattis libero. Nam sit amet \\r\\nmassa et magna porttitor eleifend a aliquam nunc. Pellentesque a est a \\r\\naugue dignissim tristique eu nec augue. Integer pretium sollicitudin \\r\\ntellus, quis hendrerit nunc accumsan et. Fusce bibendum a neque vel \\r\\nfringilla. Vivamus viverra enim at purus gravida, in elementum neque \\r\\neleifend. Curabitur sodales dapibus urna, at mattis lacus eleifend non. \\r\\nDonec ultricies porta orci eu congue. Nulla sodales arcu a libero \\r\\naliquet, nec aliquam ante sagittis.<\\/span><\\/p>\",\"option38_2\":\"novo\",\"option6_2\":\"house\",\"option56_2\":\"\",\"option1_2\":\"0\",\"option4_2\":\"Prodaja\",\"option2_2\":\"Ku\\u0107a\",\"option5_2\":\"Vara\\u017edinska\",\"option7_2\":\"Cestica\",\"option40_2\":\"\",\"option64_2\":\"\",\"option3_2\":\"50-100m2\",\"option57_2\":\"60\",\"option39_2\":\"D\",\"option19_2\":\"2\",\"option20_2\":\"2\",\"option58_2\":\"5\",\"option36_2\":\"\",\"option55_2\":\"\",\"option37_2\":\"\",\"option54_2\":\"Agent\",\"option53_2\":\"\",\"option59_2\":\"\",\"option60_2\":\"\",\"option66_2\":\"0\",\"option67_2\":\"\",\"option68_2\":\"\",\"option69_2\":\"\",\"option70_2\":\"\",\"option71_2\":\"\",\"option72_2\":\"\",\"option73_2\":\"\",\"option21_2\":\"0\",\"option22_2\":\"true\",\"option23_2\":\"true\",\"option24_2\":\"0\",\"option25_2\":\"0\",\"option28_2\":\"0\",\"option29_2\":\"0\",\"option31_2\":\"0\",\"option52_2\":\"0\",\"option11_2\":\"true\",\"option30_2\":\"0\",\"option27_2\":\"0\",\"option33_2\":\"0\",\"option32_2\":\"0\",\"option43_2\":\"0\",\"option44_2\":\"\",\"option45_2\":\"\",\"option46_2\":\"\",\"option47_2\":\"\",\"option48_2\":\"\",\"option49_2\":\"\",\"option50_2\":\"700\",\"option51_2\":\"700\",\"option9_2\":\"0\",\"option12_2\":\"\",\"option42_2\":\"0\",\"agent\":\"18\",\"slug_1\":\"\",\"slug_2\":\"\"}',29,18,18);

--
-- Table structure for table `masking`
--

DROP TABLE IF EXISTS `masking`;
/*!40101 SET @saved_cs_client     = @@character_set_client */;
/*!40101 SET character_set_client = utf8 */;
CREATE TABLE `masking` (
  `id` int(11) NOT NULL AUTO_INCREMENT,
  `date_submit` datetime DEFAULT NULL,
  `visitor_type` varchar(45) COLLATE utf8_unicode_ci DEFAULT NULL,
  `name` varchar(45) COLLATE utf8_unicode_ci DEFAULT NULL,
  `phone` varchar(45) COLLATE utf8_unicode_ci DEFAULT NULL,
  `email` varchar(45) COLLATE utf8_unicode_ci DEFAULT NULL,
  `allow_contact` tinyint(1) DEFAULT '0',
  `agent_id` int(11) DEFAULT NULL,
  `property_id` int(11) DEFAULT NULL,
  PRIMARY KEY (`id`)
) ENGINE=InnoDB AUTO_INCREMENT=3 DEFAULT CHARSET=utf8 COLLATE=utf8_unicode_ci;
/*!40101 SET character_set_client = @saved_cs_client */;

--
-- Dumping data for table `masking`
--

INSERT INTO `masking` VALUES (2,'2015-07-01 00:00:00','individual','tester','09123213','test@gmail.com',1,9,18);

--
-- Table structure for table `option`
--

DROP TABLE IF EXISTS `option`;
/*!40101 SET @saved_cs_client     = @@character_set_client */;
/*!40101 SET character_set_client = utf8 */;
CREATE TABLE `option` (
  `id` int(11) NOT NULL AUTO_INCREMENT,
  `parent_id` int(11) DEFAULT NULL,
  `order` int(11) DEFAULT NULL,
  `type` varchar(45) COLLATE utf8_unicode_ci DEFAULT NULL,
  `visible` tinyint(1) DEFAULT '0',
  `is_locked` tinyint(1) DEFAULT '0',
  `is_frontend` tinyint(1) DEFAULT '1',
  `is_hardlocked` tinyint(1) DEFAULT '0',
  `is_required` tinyint(1) DEFAULT '0',
  `is_quickvisible` tinyint(1) DEFAULT NULL,
  `max_length` int(11) DEFAULT NULL,
  `repository_id` int(11) DEFAULT NULL,
  `image_filename` varchar(160) COLLATE utf8_unicode_ci DEFAULT NULL,
  `image_gallery` text COLLATE utf8_unicode_ci,
  PRIMARY KEY (`id`)
) ENGINE=InnoDB AUTO_INCREMENT=79 DEFAULT CHARSET=utf8 COLLATE=utf8_unicode_ci;
/*!40101 SET character_set_client = @saved_cs_client */;

--
-- Dumping data for table `option`
--

INSERT INTO `option` VALUES (1,0,8,'CATEGORY',0,0,1,1,0,NULL,NULL,NULL,NULL,NULL),(2,1,10,'DROPDOWN',1,1,1,1,0,NULL,NULL,309,'type_0.png','type_0.png,type_1.png,type_2.png,type_3.png,type_4.png,type_5.png,type_6.png,type_7.png,type_8.png,type_9.png,type_10.png,type_11.png,type_12.png,type_13.png,type_14.png,type_15.png,'),(3,1,14,'DROPDOWN',0,1,1,0,0,NULL,NULL,NULL,NULL,NULL),(4,1,9,'DROPDOWN',1,1,1,1,0,NULL,NULL,NULL,NULL,NULL),(5,1,11,'INPUTBOX',0,1,1,1,0,NULL,NULL,NULL,NULL,NULL),(6,0,6,'DROPDOWN',0,1,1,1,0,NULL,NULL,310,'empty.png','empty.png,park.png,sights.png,restaurant.png,bakery.png,coffee.png,stadium.png,school.png,shopping_center.png,37b51d194a.png,cinema.png,piazza.png,hotel.png,ambulance.png,police.png,d20f83ee69.png,train.png,'),(7,1,12,'INPUTBOX',1,1,1,1,0,NULL,NULL,NULL,NULL,NULL),(8,0,3,'TEXTAREA',0,1,1,1,0,NULL,0,NULL,NULL,NULL),(9,0,37,'CATEGORY',0,1,0,0,0,NULL,NULL,NULL,NULL,NULL),(10,0,1,'INPUTBOX',1,1,1,1,1,NULL,50,NULL,NULL,NULL),(12,9,38,'INPUTBOX',0,1,1,0,0,NULL,NULL,NULL,NULL,NULL),(17,0,4,'TEXTAREA',0,1,1,1,0,NULL,NULL,NULL,NULL,NULL),(21,0,27,'CATEGORY',0,1,1,1,0,NULL,NULL,NULL,NULL,NULL),(26,21,18,'CHECKBOX',0,1,1,0,0,NULL,NULL,NULL,NULL,NULL),(27,52,29,'CHECKBOX',0,1,1,0,0,NULL,NULL,NULL,NULL,NULL),(32,52,30,'CHECKBOX',0,1,1,0,0,NULL,NULL,NULL,NULL,NULL),(34,0,4,'INPUTBOX',0,1,1,0,0,NULL,NULL,NULL,NULL,NULL),(35,0,26,'INPUTBOX',0,1,1,0,0,NULL,NULL,NULL,NULL,NULL),(36,1,15,'INPUTBOX',0,1,1,1,0,NULL,NULL,NULL,NULL,NULL),(37,1,16,'INPUTBOX',0,1,1,1,0,NULL,NULL,NULL,NULL,NULL),(38,0,5,'DROPDOWN',0,1,0,1,0,NULL,NULL,NULL,NULL,NULL),(40,1,13,'INPUTBOX',0,1,1,1,0,NULL,0,NULL,NULL,NULL),(41,1,16,'CHECKBOX',0,0,0,0,0,NULL,NULL,NULL,NULL,NULL),(42,0,39,'CATEGORY',0,1,0,0,0,NULL,NULL,NULL,NULL,NULL),(43,0,31,'CATEGORY',0,1,1,1,0,NULL,NULL,NULL,NULL,NULL),(44,43,32,'INPUTBOX',0,1,1,0,0,NULL,NULL,311,NULL,''),(45,43,33,'INPUTBOX',0,1,1,0,0,NULL,NULL,NULL,NULL,NULL),(46,43,34,'INPUTBOX',0,1,1,0,0,NULL,NULL,NULL,NULL,NULL),(47,43,35,'INPUTBOX',0,1,1,0,0,NULL,NULL,NULL,NULL,NULL),(48,43,36,'INPUTBOX',0,1,1,0,0,NULL,NULL,NULL,NULL,NULL),(52,0,28,'CATEGORY',0,1,1,1,0,NULL,NULL,NULL,NULL,NULL),(54,1,17,'DROPDOWN',0,1,1,1,0,NULL,NULL,NULL,NULL,NULL),(56,0,7,'DROPDOWN',0,1,0,1,0,NULL,NULL,NULL,NULL,NULL),(64,0,27,'TREE',0,1,1,0,0,NULL,NULL,NULL,NULL,NULL),(66,0,18,'CATEGORY',0,1,0,0,0,NULL,NULL,NULL,NULL,NULL),(67,66,19,'INPUTBOX',0,1,0,0,0,NULL,NULL,NULL,NULL,NULL),(68,66,21,'INPUTBOX',0,1,0,0,0,NULL,NULL,NULL,NULL,NULL),(69,66,22,'INPUTBOX',0,1,0,0,0,NULL,NULL,NULL,NULL,NULL),(70,66,23,'INPUTBOX',0,1,0,0,0,NULL,NULL,NULL,NULL,NULL),(71,66,24,'INPUTBOX',0,1,0,0,0,NULL,NULL,NULL,NULL,NULL),(72,66,25,'TEXTAREA',0,1,0,0,0,NULL,NULL,NULL,NULL,NULL),(73,66,26,'INPUTBOX',0,1,0,0,0,NULL,NULL,NULL,NULL,NULL),(74,66,20,'UPLOAD',0,1,0,0,0,NULL,NULL,NULL,NULL,NULL),(75,1,26,'INPUTBOX',0,0,1,0,0,NULL,NULL,NULL,NULL,NULL),(78,0,2,'INPUTBOX',0,1,1,0,0,NULL,NULL,NULL,NULL,NULL);

--
-- Table structure for table `option_lang`
--

DROP TABLE IF EXISTS `option_lang`;
/*!40101 SET @saved_cs_client     = @@character_set_client */;
/*!40101 SET character_set_client = utf8 */;
CREATE TABLE `option_lang` (
  `id_option_lang` int(11) NOT NULL AUTO_INCREMENT,
  `option_id` int(11) NOT NULL,
  `language_id` int(11) NOT NULL,
  `option` varchar(100) COLLATE utf8_unicode_ci DEFAULT NULL,
  `values` text COLLATE utf8_unicode_ci,
  `prefix` varchar(25) COLLATE utf8_unicode_ci DEFAULT NULL,
  `suffix` varchar(25) COLLATE utf8_unicode_ci DEFAULT NULL,
  `hint` varchar(100) COLLATE utf8_unicode_ci DEFAULT NULL,
  PRIMARY KEY (`id_option_lang`),
  UNIQUE KEY `id_UNIQUE` (`id_option_lang`),
  KEY `fk_option_lang_language1_idx` (`language_id`),
  KEY `fk_option_lang_option1_idx` (`option_id`),
  CONSTRAINT `fk_option_lang_language1` FOREIGN KEY (`language_id`) REFERENCES `language` (`id`) ON DELETE NO ACTION ON UPDATE NO ACTION,
  CONSTRAINT `fk_option_lang_option1` FOREIGN KEY (`option_id`) REFERENCES `option` (`id`) ON DELETE NO ACTION ON UPDATE NO ACTION
) ENGINE=InnoDB AUTO_INCREMENT=590 DEFAULT CHARSET=utf8 COLLATE=utf8_unicode_ci;
/*!40101 SET character_set_client = @saved_cs_client */;

--
-- Dumping data for table `option_lang`
--

INSERT INTO `option_lang` VALUES (62,7,2,'Grad','',NULL,NULL,NULL),(63,7,1,'City','',NULL,NULL,NULL),(102,27,1,'Grill','',NULL,NULL,NULL),(103,27,2,'Roštilj','',NULL,NULL,NULL),(112,32,1,'Parking','',NULL,NULL,NULL),(113,32,2,'Parking','',NULL,NULL,NULL),(180,1,1,'Overview','',NULL,'',NULL),(181,1,2,'Osnovni podaci','',NULL,'',NULL),(228,42,1,'Hidden amenities','',NULL,'',NULL),(229,42,2,'Sakrivene značajke','',NULL,'',NULL),(255,9,1,'Multimedia','',NULL,'',NULL),(256,9,2,'Multimedia','',NULL,'',NULL),(267,12,1,'Embed video code','',NULL,'',NULL),(268,12,2,'Integrirani video kod','',NULL,'',NULL),(271,38,1,'Badget','empty,new,sold,action',NULL,'',NULL),(272,38,2,'Oznaka','empty,novo,prodano,akcija',NULL,'',NULL),(275,43,1,'Distances','','','',NULL),(276,43,2,'Udaljenosti','','','',NULL),(279,45,1,'Train','','','m',NULL),(280,45,2,'Vlak','','','m',NULL),(281,46,1,'Metro','','','m',NULL),(282,46,2,'Podzemna','','','m',NULL),(283,47,1,'Bus','','','m',NULL),(284,47,2,'autobus','','','m',NULL),(285,48,1,'Pharmacies','','','m',NULL),(286,48,2,'Ljekarna','','','m',NULL),(293,21,1,'Indoor amenities','','','',NULL),(294,21,2,'Pogodnosti unutrašnjosti','','','',NULL),(295,52,1,'Outdoor amenities','','','',NULL),(296,52,2,'Vanjske pogodnosti','','','',NULL),(303,17,1,'Description long','','','',NULL),(304,17,2,'Sadržaj dulji','','','',NULL),(315,54,1,'Ownership','Agent,Owner,Builder','','',NULL),(316,54,2,'Vlasništvo','Agent,Vlasnik,Izvođač','','',NULL),(317,37,1,'Rent price (excl.)','','$','',NULL),(318,37,2,'Cijena najma','','','€',NULL),(323,56,1,'Pro rating',',1,2,3,4,5','','',NULL),(324,56,2,'Pro ocjena',',1,2,3,4,5','','',NULL),(379,64,1,'Neighbourhood','','','',NULL),(380,64,2,'Neighbourhood','','','',NULL),(403,66,1,'Company','','','',NULL),(404,66,2,'Tvrtka','','','',NULL),(405,73,1,'Office hours','','','',NULL),(406,73,2,'Radno vrijeme','','','',NULL),(407,72,1,'Company description','','','',NULL),(408,72,2,'Opis tvrtke','','','',NULL),(409,71,1,'Twitter link','','','',NULL),(410,71,2,'Twitter link','','','',NULL),(411,70,1,'Facebook link','','','',NULL),(412,70,2,'Facebook link','','','',NULL),(413,69,1,'Website','','','',NULL),(414,69,2,'Web stranice','','','',NULL),(415,68,1,'Phone number','','','',NULL),(416,68,2,'Telefon','','','',NULL),(417,74,1,'Company logo 60x60px','','','',NULL),(418,74,2,'Logo tvrtke','','','',NULL),(419,67,1,'Company name','','','',NULL),(420,67,2,'Naziv tvrtke','','','',NULL),(445,36,1,'Sale price','','$','',NULL),(446,36,2,'Prodajna cijena','','','€',NULL),(489,40,1,'Zip code','','','',NULL),(490,40,2,'Poštanski broj','','','',NULL),(497,8,1,'Description short','','','',NULL),(498,8,2,'Opis ukratko','','','',NULL),(527,5,1,'County','','','',NULL),(528,5,2,'Županija','','','',NULL),(531,3,1,'Area','Less than 50m2,50-100m2,More than 100m2','','',NULL),(532,3,2,'Površina','Manje od 50m2,50-100m2,Više od 100m2','','',NULL),(533,4,1,'Purpose','Fun,Learning,Food and drink,Excursion,Sport,Shopping,Sleeping,Emergency,Transport','','',NULL),(534,4,2,'Namjena','Zabava,Učenje,Hrana i piće,Izleti,Sport,Shopping,Spavanje,Prva pomoć,Prijevoz','','',NULL),(561,10,1,'Property name','','','',NULL),(562,10,2,'Naziv nekretnine','','','',NULL),(565,78,1,'Keywords','','','',NULL),(576,6,1,'Marker','empty,park,sights,restaurant,bakery,coffee,stadium,school,shopping_center,bar,cinema,piazza,hotel,ambulance,police,bus,train','','','Map pin/marker icon'),(577,6,2,'Marker','empty,park,sights,restaurant,bakery,coffee,stadium,school,shopping_center,bar,cinema,piazza,hotel,ambulance,police,bus,train','','','Map pin/marker icon'),(584,2,1,'Type','Park,Sights,Restaurant,Bakery,Coffee bar,Stadium,School,Shopping center,Bar,Cinema,Piazza,Hotel,Ambulance,Police,Bus station,Train station','','',''),(585,2,2,'Vrsta','Park,Znamenitost,Restoran,Slastičarna,Kafić,Stadion,Škola,Shopping center,Klub,Kino,Trg,Hotel,Ambulanta,Policija,Autobus,Vlak','','',''),(588,44,1,'Center','','','m',''),(589,44,2,'Centar','','','m','');

--
-- Table structure for table `packages`
--

DROP TABLE IF EXISTS `packages`;
/*!40101 SET @saved_cs_client     = @@character_set_client */;
/*!40101 SET character_set_client = utf8 */;
CREATE TABLE `packages` (
  `id` int(11) NOT NULL AUTO_INCREMENT,
  `date_created` datetime DEFAULT NULL,
  `date_modified` datetime DEFAULT NULL,
  `package_name` varchar(60) COLLATE utf8_unicode_ci DEFAULT NULL COMMENT 'FREE\nBASIC\nPREMIUM\n',
  `package_price` decimal(10,2) DEFAULT NULL,
  `package_days` int(11) DEFAULT '0',
  `num_listing_limit` int(11) DEFAULT '0',
  `currency_code` varchar(45) COLLATE utf8_unicode_ci DEFAULT 'USD',
  `show_private_listings` tinyint(1) DEFAULT '1',
  `user_type` varchar(45) COLLATE utf8_unicode_ci DEFAULT '' COMMENT 'USER|AGENT',
  `auto_activation` tinyint(1) DEFAULT '0',
  `num_images_limit` int(11) DEFAULT '1000',
  `num_amenities_limit` int(11) DEFAULT '1000',
  `num_featured_limit` int(11) DEFAULT '0',
  PRIMARY KEY (`id`)
) ENGINE=InnoDB AUTO_INCREMENT=4 DEFAULT CHARSET=utf8 COLLATE=utf8_unicode_ci;
/*!40101 SET character_set_client = @saved_cs_client */;

--
-- Dumping data for table `packages`
--

INSERT INTO `packages` VALUES (1,'2014-06-05 21:19:57','2015-04-15 15:17:41','Free',0.00,0,1,'USD',1,'',0,5,5,0),(2,'2014-06-05 21:19:57','2015-06-19 19:30:59','Basic',10.00,30,10,'USD',1,'',1,1000,1000,0),(3,'2014-06-05 21:19:57','2015-04-15 15:17:56','Premium',20.00,30,40,'USD',1,'',1,1000,1000,1);

--
-- Table structure for table `page`
--

DROP TABLE IF EXISTS `page`;
/*!40101 SET @saved_cs_client     = @@character_set_client */;
/*!40101 SET character_set_client = utf8 */;
CREATE TABLE `page` (
  `id` int(11) NOT NULL AUTO_INCREMENT,
  `parent_id` int(11) DEFAULT NULL,
  `order` int(11) DEFAULT NULL,
  `type` varchar(45) COLLATE utf8_unicode_ci NOT NULL DEFAULT '',
  `date` datetime DEFAULT NULL,
  `date_publish` datetime DEFAULT NULL,
  `template` varchar(100) COLLATE utf8_unicode_ci DEFAULT NULL,
  `template_header` varchar(100) COLLATE utf8_unicode_ci DEFAULT NULL,
  `template_footer` varchar(100) COLLATE utf8_unicode_ci DEFAULT NULL,
  `slug` varchar(160) COLLATE utf8_unicode_ci DEFAULT NULL,
  `repository_id` int(11) DEFAULT NULL,
  `is_visible` tinyint(1) DEFAULT '1',
  `is_private` tinyint(1) DEFAULT '0',
  `image_filename` varchar(200) COLLATE utf8_unicode_ci DEFAULT NULL,
  PRIMARY KEY (`id`)
) ENGINE=InnoDB AUTO_INCREMENT=170 DEFAULT CHARSET=utf8 COLLATE=utf8_unicode_ci;
/*!40101 SET character_set_client = @saved_cs_client */;

--
-- Dumping data for table `page`
--

INSERT INTO `page` VALUES (1,0,2,'PAGE',NULL,NULL,'page_homepage-categories','','',NULL,40,1,0,NULL),(4,0,15,'PAGE',NULL,NULL,'page_contact','','',NULL,25,1,0,NULL),(5,0,5,'PAGE','2013-12-12 16:01:35',NULL,'page_agents',NULL,NULL,NULL,24,1,0,'413539183_cc8e400d9d_o.jpg'),(6,0,1,'PAGE','2013-12-29 12:06:05',NULL,'page_homepage-cityguide','','',NULL,182,1,0,NULL),(142,5,6,'PAGE','2014-01-04 22:19:49',NULL,'page_news',NULL,NULL,NULL,183,1,0,NULL),(143,5,8,'PAGE','2014-02-10 10:54:19',NULL,'page_customsearch',NULL,NULL,NULL,199,1,0,'162803672_8244db2362_o (1).jpg'),(145,0,3,'PAGE','2014-03-02 11:55:40',NULL,'page_fullscreen',NULL,NULL,NULL,201,1,0,NULL),(146,5,9,'','2014-03-15 18:18:13',NULL,'page_page',NULL,NULL,NULL,202,1,0,NULL),(147,0,4,'PAGE','2014-04-05 10:33:02',NULL,'page_featured',NULL,NULL,NULL,203,1,0,NULL),(151,0,2,'MODULE_NEWS_CATEGORY','2014-04-06 16:07:03',NULL,NULL,NULL,NULL,NULL,NULL,1,0,NULL),(152,0,1,'MODULE_NEWS_CATEGORY','2014-04-06 16:21:32',NULL,NULL,NULL,NULL,NULL,NULL,1,0,NULL),(154,152,13,'MODULE_NEWS_POST','2014-04-06 20:01:32','2014-04-09 19:57:33','page_page',NULL,NULL,NULL,207,1,0,'5388658660_975a93b2ae_b (1).jpg'),(155,151,1,'MODULE_NEWS_POST','2014-04-06 20:13:51','2014-04-08 20:13:05','page_news',NULL,NULL,NULL,208,1,0,'5388050721_b84cf3a0a3_b (1).jpg'),(156,157,12,'ARTICLE','2014-04-08 17:59:20','2014-04-08 17:59:20','page_page',NULL,NULL,NULL,209,1,0,'5388050419_e3ef95b8eb_b (1).jpg'),(157,5,10,'PAGE','2014-04-08 22:08:34',NULL,'page_articles',NULL,NULL,NULL,210,1,0,NULL),(158,157,11,'ARTICLE','2014-04-08 22:30:56','2014-04-08 22:30:56','page_page',NULL,NULL,NULL,211,1,0,'5388051239_00764065f2_b (1).jpg'),(159,151,1,'MODULE_NEWS_POST','2014-04-15 18:37:33','2014-04-15 18:36:57','page_page',NULL,NULL,NULL,240,1,0,'5388057701_5a618e8a9e_b (1).jpg'),(162,5,13,'PAGE','2014-05-20 19:05:57',NULL,'page_page',NULL,NULL,NULL,246,0,0,NULL),(163,5,14,'PAGE','2014-06-30 18:24:25',NULL,'page_page',NULL,NULL,NULL,248,1,1,NULL),(169,5,7,'PAGE','2014-08-01 19:02:31','2014-08-01 19:02:31','page_agents-list',NULL,NULL,NULL,255,1,0,NULL);

--
-- Table structure for table `page_lang`
--

DROP TABLE IF EXISTS `page_lang`;
/*!40101 SET @saved_cs_client     = @@character_set_client */;
/*!40101 SET character_set_client = utf8 */;
CREATE TABLE `page_lang` (
  `id_page_lang` int(11) NOT NULL AUTO_INCREMENT,
  `page_id` int(11) NOT NULL,
  `language_id` int(11) NOT NULL,
  `title` varchar(160) COLLATE utf8_unicode_ci DEFAULT NULL,
  `navigation_title` varchar(160) COLLATE utf8_unicode_ci DEFAULT NULL,
  `body` text COLLATE utf8_unicode_ci,
  `description` text COLLATE utf8_unicode_ci,
  `keywords` varchar(200) COLLATE utf8_unicode_ci DEFAULT NULL,
  `slug` varchar(100) COLLATE utf8_unicode_ci DEFAULT NULL,
  PRIMARY KEY (`id_page_lang`),
  KEY `fk_page_language1` (`language_id`),
  KEY `fk_page_lang_page1_idx` (`page_id`),
  CONSTRAINT `fk_page_lang_page1` FOREIGN KEY (`page_id`) REFERENCES `page` (`id`) ON DELETE NO ACTION ON UPDATE NO ACTION,
  CONSTRAINT `fk_page_language10` FOREIGN KEY (`language_id`) REFERENCES `language` (`id`) ON DELETE NO ACTION ON UPDATE NO ACTION
) ENGINE=InnoDB AUTO_INCREMENT=613 DEFAULT CHARSET=utf8 COLLATE=utf8_unicode_ci;
/*!40101 SET character_set_client = @saved_cs_client */;

--
-- Dumping data for table `page_lang`
--

INSERT INTO `page_lang` VALUES (261,146,1,'Google link','Google link','http://www.google.com','This is just a link example, so you need enter your link to keywords with \'http\'','http://www.google.com',NULL),(262,146,2,'Google link','Google link','http://www.google.com','This is just a link example, so you need enter your link to keywords with \'http\'','http://www.google.com',NULL),(285,152,1,'My blog',NULL,NULL,NULL,NULL,NULL),(286,152,2,'Moj blog',NULL,NULL,NULL,NULL,NULL),(301,151,1,'Top news',NULL,NULL,NULL,NULL,NULL),(302,151,2,'Top vijesti',NULL,NULL,NULL,NULL,NULL),(311,157,1,'Articles','Articles','','','',NULL),(312,157,2,'Članci','Članci','','','',NULL),(319,156,1,'Article test','Article test','<p>\r\nLorem ipsum dolor sit amet, consectetur adipiscing elit. Suspendisse \r\nsollicitudin commodo cursus. Nunc varius accumsan ultrices. Quisque \r\nhendrerit mi id ullamcorper pretium. Lorem ipsum dolor sit amet, \r\nconsectetur adipiscing elit. Nam ac metus vitae nibh aliquet adipiscing \r\nquis at nibh. Nullam lacinia magna sed enim ullamcorper rutrum. Proin \r\nquis vulputate est. Duis vitae purus vel mauris rutrum bibendum eu sit \r\namet erat. Vestibulum accumsan dapibus mauris, faucibus vehicula ipsum \r\ntempor pharetra. Sed porta, purus sit amet sollicitudin vestibulum, leo \r\nneque fringilla mauris, quis semper odio ante non arcu. Suspendisse \r\nporttitor mollis nisi, eu imperdiet eros condimentum at. Nunc tempor \r\nsodales suscipit.\r\n</p>\r\n<p>\r\n<span style=\"font-weight: bold;\">Sed sed mollis nunc. Interdum et malesuada fames ac ante ipsum primis in\r\n faucibus. Proin luctus semper eros, quis egestas leo. Pellentesque \r\nrisus felis, vulputate eu massa et, rhoncus molestie dui. Vivamus \r\nmalesuada dui nec cursus lobortis. Donec augue tortor, accumsan id lacus\r\n quis, suscipit ullamcorper dolor. Nunc ullamcorper elit suscipit, \r\nmollis tortor in, pharetra purus. Sed dapibus dolor mauris, quis \r\nelementum arcu auctor id. Maecenas eget orci in lacus vestibulum \r\nvehicula. Pellentesque et felis eget diam hendrerit ultricies. Quisque \r\nsit amet tellus odio. Nulla pharetra turpis non turpis molestie, \r\nsuscipit tincidunt nisl lobortis. In eget porttitor libero. Proin non \r\nbibendum nisi, vitae volutpat nisl. Vivamus pretium scelerisque risus, \r\nnon tristique arcu cursus eu. Cras velit lacus, venenatis ut mi \r\nmalesuada, dapibus viverra nisi.\r\n</span></p>\r\n<p>\r\n<span style=\"font-style: italic;\">Aliquam dapibus lorem vitae leo euismod commodo. Cras porttitor leo \r\neleifend velit malesuada pretium. Praesent ac auctor purus. Mauris \r\nligula ligula, hendrerit at justo in, molestie viverra sapien. In \r\nplacerat sem risus, a convallis massa viverra nec. Vestibulum ante ipsum\r\n primis in faucibus orci luctus et ultrices posuere cubilia Curae; \r\nPraesent ac justo in orci aliquet lacinia ut vitae nibh. Quisque pretium\r\n quam nibh, imperdiet pulvinar ligula dictum id. In a auctor arcu. Fusce\r\n feugiat purus eget odio congue, mollis iaculis nulla tincidunt. Sed nec\r\n massa vulputate, pretium nisi malesuada, lacinia ligula.\r\n</span></p>\r\n<p>\r\nVestibulum eget tempor mauris. Praesent tincidunt enim eu massa \r\ntristique, pellentesque faucibus ipsum pharetra. Sed pulvinar convallis \r\ntortor eget placerat. Duis mattis tempus sollicitudin. Praesent eu porta\r\n libero, sed consectetur risus. Cum sociis natoque penatibus et magnis \r\ndis parturient montes, nascetur ridiculus mus. Duis vulputate, arcu nec \r\ntincidunt lacinia, mi velit malesuada sapien, a commodo lacus lacus sit \r\namet nisl. Donec rhoncus lectus sit amet sem dictum interdum. Vivamus \r\nlobortis tortor fringilla est gravida ultricies. Integer ut mauris quam.\r\n</p>','Lorem ipsum dolor sit amet, consectetur adipiscing elit. Suspendisse sollicitudin commodo cursus. Nunc varius accumsan ultrices. Quisque hendrerit mi id ullamcorper pretium. Lorem ipsum dolor sit amet, consectetur adipiscing elit.','Article test',NULL),(320,156,2,'Test članak','Test članak','<p>\r\nLorem ipsum dolor sit amet, consectetur adipiscing elit. Suspendisse \r\nsollicitudin commodo cursus. Nunc varius accumsan ultrices. Quisque \r\nhendrerit mi id ullamcorper pretium. Lorem ipsum dolor sit amet, \r\nconsectetur adipiscing elit. Nam ac metus vitae nibh aliquet adipiscing \r\nquis at nibh. Nullam lacinia magna sed enim ullamcorper rutrum. Proin \r\nquis vulputate est. Duis vitae purus vel mauris rutrum bibendum eu sit \r\namet erat. Vestibulum accumsan dapibus mauris, faucibus vehicula ipsum \r\ntempor pharetra. Sed porta, purus sit amet sollicitudin vestibulum, leo \r\nneque fringilla mauris, quis semper odio ante non arcu. Suspendisse \r\nporttitor mollis nisi, eu imperdiet eros condimentum at. Nunc tempor \r\nsodales suscipit.\r\n</p>\r\n<p>\r\n<span style=\"font-weight: bold;\">Sed sed mollis nunc. Interdum et malesuada fames ac ante ipsum primis in\r\n faucibus. Proin luctus semper eros, quis egestas leo. Pellentesque \r\nrisus felis, vulputate eu massa et, rhoncus molestie dui. Vivamus \r\nmalesuada dui nec cursus lobortis. Donec augue tortor, accumsan id lacus\r\n quis, suscipit ullamcorper dolor. Nunc ullamcorper elit suscipit, \r\nmollis tortor in, pharetra purus. Sed dapibus dolor mauris, quis \r\nelementum arcu auctor id. Maecenas eget orci in lacus vestibulum \r\nvehicula. Pellentesque et felis eget diam hendrerit ultricies. Quisque \r\nsit amet tellus odio. Nulla pharetra turpis non turpis molestie, \r\nsuscipit tincidunt nisl lobortis. In eget porttitor libero. Proin non \r\nbibendum nisi, vitae volutpat nisl. Vivamus pretium scelerisque risus, \r\nnon tristique arcu cursus eu. Cras velit lacus, venenatis ut mi \r\nmalesuada, dapibus viverra nisi.\r\n</span></p>\r\n<p>\r\n<span style=\"font-style: italic;\">Aliquam dapibus lorem vitae leo euismod commodo. Cras porttitor leo \r\neleifend velit malesuada pretium. Praesent ac auctor purus. Mauris \r\nligula ligula, hendrerit at justo in, molestie viverra sapien. In \r\nplacerat sem risus, a convallis massa viverra nec. Vestibulum ante ipsum\r\n primis in faucibus orci luctus et ultrices posuere cubilia Curae; \r\nPraesent ac justo in orci aliquet lacinia ut vitae nibh. Quisque pretium\r\n quam nibh, imperdiet pulvinar ligula dictum id. In a auctor arcu. Fusce\r\n feugiat purus eget odio congue, mollis iaculis nulla tincidunt. Sed nec\r\n massa vulputate, pretium nisi malesuada, lacinia ligula.\r\n</span></p>\r\n<p>\r\nVestibulum eget tempor mauris. Praesent tincidunt enim eu massa \r\ntristique, pellentesque faucibus ipsum pharetra. Sed pulvinar convallis \r\ntortor eget placerat. Duis mattis tempus sollicitudin. Praesent eu porta\r\n libero, sed consectetur risus. Cum sociis natoque penatibus et magnis \r\ndis parturient montes, nascetur ridiculus mus. Duis vulputate, arcu nec \r\ntincidunt lacinia, mi velit malesuada sapien, a commodo lacus lacus sit \r\namet nisl. Donec rhoncus lectus sit amet sem dictum interdum. Vivamus \r\nlobortis tortor fringilla est gravida ultricies. Integer ut mauris quam.\r\n</p>','Lorem ipsum dolor sit amet, consectetur adipiscing elit. Suspendisse sollicitudin commodo cursus. Nunc varius accumsan ultrices. Quisque hendrerit mi id ullamcorper pretium. Lorem ipsum dolor sit amet, consectetur adipiscing elit.','Test članak',NULL),(321,158,1,'Test article 2','Test article 2','<p>\r\nLorem ipsum dolor sit amet, consectetur adipiscing elit. Suspendisse \r\nsollicitudin commodo cursus. Nunc varius accumsan ultrices. Quisque \r\nhendrerit mi id ullamcorper pretium. Lorem ipsum dolor sit amet, \r\nconsectetur adipiscing elit. Nam ac metus vitae nibh aliquet adipiscing \r\nquis at nibh. Nullam lacinia magna sed enim ullamcorper rutrum. Proin \r\nquis vulputate est. Duis vitae purus vel mauris rutrum bibendum eu sit \r\namet erat. Vestibulum accumsan dapibus mauris, faucibus vehicula ipsum \r\ntempor pharetra. Sed porta, purus sit amet sollicitudin vestibulum, leo \r\nneque fringilla mauris, quis semper odio ante non arcu. Suspendisse \r\nporttitor mollis nisi, eu imperdiet eros condimentum at. Nunc tempor \r\nsodales suscipit.\r\n</p>\r\n<p>\r\n<span style=\"font-weight: bold;\">Sed sed mollis nunc. Interdum et malesuada fames ac ante ipsum primis in\r\n faucibus. Proin luctus semper eros, quis egestas leo. Pellentesque \r\nrisus felis, vulputate eu massa et, rhoncus molestie dui. Vivamus \r\nmalesuada dui nec cursus lobortis. Donec augue tortor, accumsan id lacus\r\n quis, suscipit ullamcorper dolor. Nunc ullamcorper elit suscipit, \r\nmollis tortor in, pharetra purus. Sed dapibus dolor mauris, quis \r\nelementum arcu auctor id. Maecenas eget orci in lacus vestibulum \r\nvehicula. Pellentesque et felis eget diam hendrerit ultricies. Quisque \r\nsit amet tellus odio. Nulla pharetra turpis non turpis molestie, \r\nsuscipit tincidunt nisl lobortis. In eget porttitor libero. Proin non \r\nbibendum nisi, vitae volutpat nisl. Vivamus pretium scelerisque risus, \r\nnon tristique arcu cursus eu. Cras velit lacus, venenatis ut mi \r\nmalesuada, dapibus viverra nisi.\r\n</span></p>\r\n<p>\r\n<span style=\"font-style: italic;\">Aliquam dapibus lorem vitae leo euismod commodo. Cras porttitor leo \r\neleifend velit malesuada pretium. Praesent ac auctor purus. Mauris \r\nligula ligula, hendrerit at justo in, molestie viverra sapien. In \r\nplacerat sem risus, a convallis massa viverra nec. Vestibulum ante ipsum\r\n primis in faucibus orci luctus et ultrices posuere cubilia Curae; \r\nPraesent ac justo in orci aliquet lacinia ut vitae nibh. Quisque pretium\r\n quam nibh, imperdiet pulvinar ligula dictum id. In a auctor arcu. Fusce\r\n feugiat purus eget odio congue, mollis iaculis nulla tincidunt. Sed nec\r\n massa vulputate, pretium nisi malesuada, lacinia ligula.\r\n</span></p>\r\n<p>\r\nVestibulum eget tempor mauris. Praesent tincidunt enim eu massa \r\ntristique, pellentesque faucibus ipsum pharetra. Sed pulvinar convallis \r\ntortor eget placerat. Duis mattis tempus sollicitudin. Praesent eu porta\r\n libero, sed consectetur risus. Cum sociis natoque penatibus et magnis \r\ndis parturient montes, nascetur ridiculus mus. Duis vulputate, arcu nec \r\ntincidunt lacinia, mi velit malesuada sapien, a commodo lacus lacus sit \r\namet nisl. Donec rhoncus lectus sit amet sem dictum interdum. Vivamus \r\nlobortis tortor fringilla est gravida ultricies. Integer ut mauris quam.\r\n</p>','Lorem ipsum dolor sit amet, consectetur adipiscing elit. Suspendisse sollicitudin commodo cursus. Nunc varius accumsan ultrices. Quisque hendrerit mi id ullamcorper pretium. Lorem ipsum dolor sit amet, consectetur adipiscing elit.','Test article 2',NULL),(322,158,2,'Test članak 2','Test članak 2','<p>\r\nLorem ipsum dolor sit amet, consectetur adipiscing elit. Suspendisse \r\nsollicitudin commodo cursus. Nunc varius accumsan ultrices. Quisque \r\nhendrerit mi id ullamcorper pretium. Lorem ipsum dolor sit amet, \r\nconsectetur adipiscing elit. Nam ac metus vitae nibh aliquet adipiscing \r\nquis at nibh. Nullam lacinia magna sed enim ullamcorper rutrum. Proin \r\nquis vulputate est. Duis vitae purus vel mauris rutrum bibendum eu sit \r\namet erat. Vestibulum accumsan dapibus mauris, faucibus vehicula ipsum \r\ntempor pharetra. Sed porta, purus sit amet sollicitudin vestibulum, leo \r\nneque fringilla mauris, quis semper odio ante non arcu. Suspendisse \r\nporttitor mollis nisi, eu imperdiet eros condimentum at. Nunc tempor \r\nsodales suscipit.\r\n</p>\r\n<p>\r\n<span style=\"font-weight: bold;\">Sed sed mollis nunc. Interdum et malesuada fames ac ante ipsum primis in\r\n faucibus. Proin luctus semper eros, quis egestas leo. Pellentesque \r\nrisus felis, vulputate eu massa et, rhoncus molestie dui. Vivamus \r\nmalesuada dui nec cursus lobortis. Donec augue tortor, accumsan id lacus\r\n quis, suscipit ullamcorper dolor. Nunc ullamcorper elit suscipit, \r\nmollis tortor in, pharetra purus. Sed dapibus dolor mauris, quis \r\nelementum arcu auctor id. Maecenas eget orci in lacus vestibulum \r\nvehicula. Pellentesque et felis eget diam hendrerit ultricies. Quisque \r\nsit amet tellus odio. Nulla pharetra turpis non turpis molestie, \r\nsuscipit tincidunt nisl lobortis. In eget porttitor libero. Proin non \r\nbibendum nisi, vitae volutpat nisl. Vivamus pretium scelerisque risus, \r\nnon tristique arcu cursus eu. Cras velit lacus, venenatis ut mi \r\nmalesuada, dapibus viverra nisi.\r\n</span></p>\r\n<p>\r\n<span style=\"font-style: italic;\">Aliquam dapibus lorem vitae leo euismod commodo. Cras porttitor leo \r\neleifend velit malesuada pretium. Praesent ac auctor purus. Mauris \r\nligula ligula, hendrerit at justo in, molestie viverra sapien. In \r\nplacerat sem risus, a convallis massa viverra nec. Vestibulum ante ipsum\r\n primis in faucibus orci luctus et ultrices posuere cubilia Curae; \r\nPraesent ac justo in orci aliquet lacinia ut vitae nibh. Quisque pretium\r\n quam nibh, imperdiet pulvinar ligula dictum id. In a auctor arcu. Fusce\r\n feugiat purus eget odio congue, mollis iaculis nulla tincidunt. Sed nec\r\n massa vulputate, pretium nisi malesuada, lacinia ligula.\r\n</span></p>\r\n<p>\r\nVestibulum eget tempor mauris. Praesent tincidunt enim eu massa \r\ntristique, pellentesque faucibus ipsum pharetra. Sed pulvinar convallis \r\ntortor eget placerat. Duis mattis tempus sollicitudin. Praesent eu porta\r\n libero, sed consectetur risus. Cum sociis natoque penatibus et magnis \r\ndis parturient montes, nascetur ridiculus mus. Duis vulputate, arcu nec \r\ntincidunt lacinia, mi velit malesuada sapien, a commodo lacus lacus sit \r\namet nisl. Donec rhoncus lectus sit amet sem dictum interdum. Vivamus \r\nlobortis tortor fringilla est gravida ultricies. Integer ut mauris quam.\r\n</p>','Lorem ipsum dolor sit amet, consectetur adipiscing elit. Suspendisse sollicitudin commodo cursus. Nunc varius accumsan ultrices. Quisque hendrerit mi id ullamcorper pretium. Lorem ipsum dolor sit amet, consectetur adipiscing elit.','Test članak 2',NULL),(325,159,1,'Test news category 2','Test news category 2','<p>\r\nLorem ipsum dolor sit amet, consectetur adipiscing elit. Suspendisse \r\nsollicitudin commodo cursus. Nunc varius accumsan ultrices. Quisque \r\nhendrerit mi id ullamcorper pretium. Lorem ipsum dolor sit amet, \r\nconsectetur adipiscing elit. Nam ac metus vitae nibh aliquet adipiscing \r\nquis at nibh. Nullam lacinia magna sed enim ullamcorper rutrum. Proin \r\nquis vulputate est. Duis vitae purus vel mauris rutrum bibendum eu sit \r\namet erat. Vestibulum accumsan dapibus mauris, faucibus vehicula ipsum \r\ntempor pharetra. Sed porta, purus sit amet sollicitudin vestibulum, leo \r\nneque fringilla mauris, quis semper odio ante non arcu. Suspendisse \r\nporttitor mollis nisi, eu imperdiet eros condimentum at. Nunc tempor \r\nsodales suscipit.\r\n</p>\r\n<p>\r\n<span style=\"font-weight: bold;\">Sed sed mollis nunc. Interdum et malesuada fames ac ante ipsum primis in\r\n faucibus. Proin luctus semper eros, quis egestas leo. Pellentesque \r\nrisus felis, vulputate eu massa et, rhoncus molestie dui. Vivamus \r\nmalesuada dui nec cursus lobortis. Donec augue tortor, accumsan id lacus\r\n quis, suscipit ullamcorper dolor. Nunc ullamcorper elit suscipit, \r\nmollis tortor in, pharetra purus. Sed dapibus dolor mauris, quis \r\nelementum arcu auctor id. Maecenas eget orci in lacus vestibulum \r\nvehicula. Pellentesque et felis eget diam hendrerit ultricies. Quisque \r\nsit amet tellus odio. Nulla pharetra turpis non turpis molestie, \r\nsuscipit tincidunt nisl lobortis. In eget porttitor libero. Proin non \r\nbibendum nisi, vitae volutpat nisl. Vivamus pretium scelerisque risus, \r\nnon tristique arcu cursus eu. Cras velit lacus, venenatis ut mi \r\nmalesuada, dapibus viverra nisi.\r\n</span></p>\r\n<p>\r\n<span style=\"font-style: italic;\">Aliquam dapibus lorem vitae leo euismod commodo. Cras porttitor leo \r\neleifend velit malesuada pretium. Praesent ac auctor purus. Mauris \r\nligula ligula, hendrerit at justo in, molestie viverra sapien. In \r\nplacerat sem risus, a convallis massa viverra nec. Vestibulum ante ipsum\r\n primis in faucibus orci luctus et ultrices posuere cubilia Curae; \r\nPraesent ac justo in orci aliquet lacinia ut vitae nibh. Quisque pretium\r\n quam nibh, imperdiet pulvinar ligula dictum id. In a auctor arcu. Fusce\r\n feugiat purus eget odio congue, mollis iaculis nulla tincidunt. Sed nec\r\n massa vulputate, pretium nisi malesuada, lacinia ligula.\r\n</span></p>\r\n<p>\r\nVestibulum eget tempor mauris. Praesent tincidunt enim eu massa \r\ntristique, pellentesque faucibus ipsum pharetra. Sed pulvinar convallis \r\ntortor eget placerat. Duis mattis tempus sollicitudin. Praesent eu porta\r\n libero, sed consectetur risus. Cum sociis natoque penatibus et magnis \r\ndis parturient montes, nascetur ridiculus mus. Duis vulputate, arcu nec \r\ntincidunt lacinia, mi velit malesuada sapien, a commodo lacus lacus sit \r\namet nisl. Donec rhoncus lectus sit amet sem dictum interdum. Vivamus \r\nlobortis tortor fringilla est gravida ultricies. Integer ut mauris quam.\r\n</p>','Lorem ipsum dolor sit amet, consectetur adipiscing elit. Suspendisse sollicitudin commodo cursus. Nunc varius accumsan ultrices. Quisque hendrerit mi id ullamcorper pretium. Lorem ipsum dolor sit amet, consectetur adipiscing elit.','Test news category 2',NULL),(326,159,2,'Test news category 2','Test news category 2','<p>\r\nLorem ipsum dolor sit amet, consectetur adipiscing elit. Suspendisse \r\nsollicitudin commodo cursus. Nunc varius accumsan ultrices. Quisque \r\nhendrerit mi id ullamcorper pretium. Lorem ipsum dolor sit amet, \r\nconsectetur adipiscing elit. Nam ac metus vitae nibh aliquet adipiscing \r\nquis at nibh. Nullam lacinia magna sed enim ullamcorper rutrum. Proin \r\nquis vulputate est. Duis vitae purus vel mauris rutrum bibendum eu sit \r\namet erat. Vestibulum accumsan dapibus mauris, faucibus vehicula ipsum \r\ntempor pharetra. Sed porta, purus sit amet sollicitudin vestibulum, leo \r\nneque fringilla mauris, quis semper odio ante non arcu. Suspendisse \r\nporttitor mollis nisi, eu imperdiet eros condimentum at. Nunc tempor \r\nsodales suscipit.\r\n</p>\r\n<p>\r\n<span style=\"font-weight: bold;\">Sed sed mollis nunc. Interdum et malesuada fames ac ante ipsum primis in\r\n faucibus. Proin luctus semper eros, quis egestas leo. Pellentesque \r\nrisus felis, vulputate eu massa et, rhoncus molestie dui. Vivamus \r\nmalesuada dui nec cursus lobortis. Donec augue tortor, accumsan id lacus\r\n quis, suscipit ullamcorper dolor. Nunc ullamcorper elit suscipit, \r\nmollis tortor in, pharetra purus. Sed dapibus dolor mauris, quis \r\nelementum arcu auctor id. Maecenas eget orci in lacus vestibulum \r\nvehicula. Pellentesque et felis eget diam hendrerit ultricies. Quisque \r\nsit amet tellus odio. Nulla pharetra turpis non turpis molestie, \r\nsuscipit tincidunt nisl lobortis. In eget porttitor libero. Proin non \r\nbibendum nisi, vitae volutpat nisl. Vivamus pretium scelerisque risus, \r\nnon tristique arcu cursus eu. Cras velit lacus, venenatis ut mi \r\nmalesuada, dapibus viverra nisi.\r\n</span></p>\r\n<p>\r\n<span style=\"font-style: italic;\">Aliquam dapibus lorem vitae leo euismod commodo. Cras porttitor leo \r\neleifend velit malesuada pretium. Praesent ac auctor purus. Mauris \r\nligula ligula, hendrerit at justo in, molestie viverra sapien. In \r\nplacerat sem risus, a convallis massa viverra nec. Vestibulum ante ipsum\r\n primis in faucibus orci luctus et ultrices posuere cubilia Curae; \r\nPraesent ac justo in orci aliquet lacinia ut vitae nibh. Quisque pretium\r\n quam nibh, imperdiet pulvinar ligula dictum id. In a auctor arcu. Fusce\r\n feugiat purus eget odio congue, mollis iaculis nulla tincidunt. Sed nec\r\n massa vulputate, pretium nisi malesuada, lacinia ligula.\r\n</span></p>\r\n<p>\r\nVestibulum eget tempor mauris. Praesent tincidunt enim eu massa \r\ntristique, pellentesque faucibus ipsum pharetra. Sed pulvinar convallis \r\ntortor eget placerat. Duis mattis tempus sollicitudin. Praesent eu porta\r\n libero, sed consectetur risus. Cum sociis natoque penatibus et magnis \r\ndis parturient montes, nascetur ridiculus mus. Duis vulputate, arcu nec \r\ntincidunt lacinia, mi velit malesuada sapien, a commodo lacus lacus sit \r\namet nisl. Donec rhoncus lectus sit amet sem dictum interdum. Vivamus \r\nlobortis tortor fringilla est gravida ultricies. Integer ut mauris quam.\r\n</p>','Lorem ipsum dolor sit amet, consectetur adipiscing elit. Suspendisse sollicitudin commodo cursus. Nunc varius accumsan ultrices. Quisque hendrerit mi id ullamcorper pretium. Lorem ipsum dolor sit amet, consectetur adipiscing elit.','Test news category 2',NULL),(337,162,1,'Hidden page example','Hidden page example','Hidden page example','Hidden page example','Hidden page example',NULL),(338,162,2,'Primjer skrivene stranice','Primjer skrivene stranice','Primjer skrivene stranice','Primjer skrivene stranice','Primjer skrivene stranice',NULL),(345,163,1,'Private page','Private page','Private page, only visible for logged users.<br>','Private page','Private page',NULL),(346,163,2,'Privatna stranica','Privatna stranica','Privatna stranica, vidljiva samo prijavljenim posjetiteljima.<br>','Privatna stranica','Privatna stranica',NULL),(365,155,1,'Test news category','Test news category','<p>\r\nLorem ipsum dolor sit amet, consectetur adipiscing elit. Suspendisse \r\nsollicitudin commodo cursus. Nunc varius accumsan ultrices. Quisque \r\nhendrerit mi id ullamcorper pretium. Lorem ipsum dolor sit amet, \r\nconsectetur adipiscing elit. Nam ac metus vitae nibh aliquet adipiscing \r\nquis at nibh. Nullam lacinia magna sed enim ullamcorper rutrum. Proin \r\nquis vulputate est. Duis vitae purus vel mauris rutrum bibendum eu sit \r\namet erat. Vestibulum accumsan dapibus mauris, faucibus vehicula ipsum \r\ntempor pharetra. Sed porta, purus sit amet sollicitudin vestibulum, leo \r\nneque fringilla mauris, quis semper odio ante non arcu. Suspendisse \r\nporttitor mollis nisi, eu imperdiet eros condimentum at. Nunc tempor \r\nsodales suscipit.\r\n</p>\r\n<p>\r\n<span style=\"font-weight: bold;\">Sed sed mollis nunc. Interdum et malesuada fames ac ante ipsum primis in\r\n faucibus. Proin luctus semper eros, quis egestas leo. Pellentesque \r\nrisus felis, vulputate eu massa et, rhoncus molestie dui. Vivamus \r\nmalesuada dui nec cursus lobortis. Donec augue tortor, accumsan id lacus\r\n quis, suscipit ullamcorper dolor. Nunc ullamcorper elit suscipit, \r\nmollis tortor in, pharetra purus. Sed dapibus dolor mauris, quis \r\nelementum arcu auctor id. Maecenas eget orci in lacus vestibulum \r\nvehicula. Pellentesque et felis eget diam hendrerit ultricies. Quisque \r\nsit amet tellus odio. Nulla pharetra turpis non turpis molestie, \r\nsuscipit tincidunt nisl lobortis. In eget porttitor libero. Proin non \r\nbibendum nisi, vitae volutpat nisl. Vivamus pretium scelerisque risus, \r\nnon tristique arcu cursus eu. Cras velit lacus, venenatis ut mi \r\nmalesuada, dapibus viverra nisi.\r\n</span></p>\r\n<p>\r\n<span style=\"font-style: italic;\">Aliquam dapibus lorem vitae leo euismod commodo. Cras porttitor leo \r\neleifend velit malesuada pretium. Praesent ac auctor purus. Mauris \r\nligula ligula, hendrerit at justo in, molestie viverra sapien. In \r\nplacerat sem risus, a convallis massa viverra nec. Vestibulum ante ipsum\r\n primis in faucibus orci luctus et ultrices posuere cubilia Curae; \r\nPraesent ac justo in orci aliquet lacinia ut vitae nibh. Quisque pretium\r\n quam nibh, imperdiet pulvinar ligula dictum id. In a auctor arcu. Fusce\r\n feugiat purus eget odio congue, mollis iaculis nulla tincidunt. Sed nec\r\n massa vulputate, pretium nisi malesuada, lacinia ligula.\r\n</span></p>\r\n<p>\r\nVestibulum eget tempor mauris. Praesent tincidunt enim eu massa \r\ntristique, pellentesque faucibus ipsum pharetra. Sed pulvinar convallis \r\ntortor eget placerat. Duis mattis tempus sollicitudin. Praesent eu porta\r\n libero, sed consectetur risus. Cum sociis natoque penatibus et magnis \r\ndis parturient montes, nascetur ridiculus mus. Duis vulputate, arcu nec \r\ntincidunt lacinia, mi velit malesuada sapien, a commodo lacus lacus sit \r\namet nisl. Donec rhoncus lectus sit amet sem dictum interdum. Vivamus \r\nlobortis tortor fringilla est gravida ultricies. Integer ut mauris quam.\r\n</p>','Lorem ipsum dolor sit amet, consectetur adipiscing elit. Suspendisse sollicitudin commodo cursus. Nunc varius accumsan ultrices. Quisque hendrerit mi id ullamcorper pretium. Lorem ipsum dolor sit amet, consectetur adipiscing elit.','Test news category',NULL),(366,155,2,'Test novost kategorija','Test novost kategorija','<p>\r\nLorem ipsum dolor sit amet, consectetur adipiscing elit. Suspendisse \r\nsollicitudin commodo cursus. Nunc varius accumsan ultrices. Quisque \r\nhendrerit mi id ullamcorper pretium. Lorem ipsum dolor sit amet, \r\nconsectetur adipiscing elit. Nam ac metus vitae nibh aliquet adipiscing \r\nquis at nibh. Nullam lacinia magna sed enim ullamcorper rutrum. Proin \r\nquis vulputate est. Duis vitae purus vel mauris rutrum bibendum eu sit \r\namet erat. Vestibulum accumsan dapibus mauris, faucibus vehicula ipsum \r\ntempor pharetra. Sed porta, purus sit amet sollicitudin vestibulum, leo \r\nneque fringilla mauris, quis semper odio ante non arcu. Suspendisse \r\nporttitor mollis nisi, eu imperdiet eros condimentum at. Nunc tempor \r\nsodales suscipit.\r\n</p>\r\n<p>\r\n<span style=\"font-weight: bold;\">Sed sed mollis nunc. Interdum et malesuada fames ac ante ipsum primis in\r\n faucibus. Proin luctus semper eros, quis egestas leo. Pellentesque \r\nrisus felis, vulputate eu massa et, rhoncus molestie dui. Vivamus \r\nmalesuada dui nec cursus lobortis. Donec augue tortor, accumsan id lacus\r\n quis, suscipit ullamcorper dolor. Nunc ullamcorper elit suscipit, \r\nmollis tortor in, pharetra purus. Sed dapibus dolor mauris, quis \r\nelementum arcu auctor id. Maecenas eget orci in lacus vestibulum \r\nvehicula. Pellentesque et felis eget diam hendrerit ultricies. Quisque \r\nsit amet tellus odio. Nulla pharetra turpis non turpis molestie, \r\nsuscipit tincidunt nisl lobortis. In eget porttitor libero. Proin non \r\nbibendum nisi, vitae volutpat nisl. Vivamus pretium scelerisque risus, \r\nnon tristique arcu cursus eu. Cras velit lacus, venenatis ut mi \r\nmalesuada, dapibus viverra nisi.\r\n</span></p>\r\n<p>\r\n<span style=\"font-style: italic;\">Aliquam dapibus lorem vitae leo euismod commodo. Cras porttitor leo \r\neleifend velit malesuada pretium. Praesent ac auctor purus. Mauris \r\nligula ligula, hendrerit at justo in, molestie viverra sapien. In \r\nplacerat sem risus, a convallis massa viverra nec. Vestibulum ante ipsum\r\n primis in faucibus orci luctus et ultrices posuere cubilia Curae; \r\nPraesent ac justo in orci aliquet lacinia ut vitae nibh. Quisque pretium\r\n quam nibh, imperdiet pulvinar ligula dictum id. In a auctor arcu. Fusce\r\n feugiat purus eget odio congue, mollis iaculis nulla tincidunt. Sed nec\r\n massa vulputate, pretium nisi malesuada, lacinia ligula.\r\n</span></p>\r\n<p>\r\nVestibulum eget tempor mauris. Praesent tincidunt enim eu massa \r\ntristique, pellentesque faucibus ipsum pharetra. Sed pulvinar convallis \r\ntortor eget placerat. Duis mattis tempus sollicitudin. Praesent eu porta\r\n libero, sed consectetur risus. Cum sociis natoque penatibus et magnis \r\ndis parturient montes, nascetur ridiculus mus. Duis vulputate, arcu nec \r\ntincidunt lacinia, mi velit malesuada sapien, a commodo lacus lacus sit \r\namet nisl. Donec rhoncus lectus sit amet sem dictum interdum. Vivamus \r\nlobortis tortor fringilla est gravida ultricies. Integer ut mauris quam.\r\n</p>','Lorem ipsum dolor sit amet, consectetur adipiscing elit. Suspendisse sollicitudin commodo cursus. Nunc varius accumsan ultrices. Quisque hendrerit mi id ullamcorper pretium. Lorem ipsum dolor sit amet, consectetur adipiscing elit.','Test novost kategorija',NULL),(421,154,1,'My blog test','Test news','<p>\r\nLorem ipsum dolor sit amet, consectetur adipiscing elit. Suspendisse \r\nsollicitudin commodo cursus. Nunc varius accumsan ultrices. Quisque \r\nhendrerit mi id ullamcorper pretium. Lorem ipsum dolor sit amet, \r\nconsectetur adipiscing elit. Nam ac metus vitae nibh aliquet adipiscing \r\nquis at nibh. Nullam lacinia magna sed enim ullamcorper rutrum. Proin \r\nquis vulputate est. Duis vitae purus vel mauris rutrum bibendum eu sit \r\namet erat. Vestibulum accumsan dapibus mauris, faucibus vehicula ipsum \r\ntempor pharetra. Sed porta, purus sit amet sollicitudin vestibulum, leo \r\nneque fringilla mauris, quis semper odio ante non arcu. Suspendisse \r\nporttitor mollis nisi, eu imperdiet eros condimentum at. Nunc tempor \r\nsodales suscipit.\r\n</p>\r\n<p>\r\n<span style=\"font-weight: bold;\">Sed sed mollis nunc. Interdum et malesuada fames ac ante ipsum primis in\r\n faucibus. Proin luctus semper eros, quis egestas leo. Pellentesque \r\nrisus felis, vulputate eu massa et, rhoncus molestie dui. Vivamus \r\nmalesuada dui nec cursus lobortis. Donec augue tortor, accumsan id lacus\r\n quis, suscipit ullamcorper dolor. Nunc ullamcorper elit suscipit, \r\nmollis tortor in, pharetra purus. Sed dapibus dolor mauris, quis \r\nelementum arcu auctor id. Maecenas eget orci in lacus vestibulum \r\nvehicula. Pellentesque et felis eget diam hendrerit ultricies. Quisque \r\nsit amet tellus odio. Nulla pharetra turpis non turpis molestie, \r\nsuscipit tincidunt nisl lobortis. In eget porttitor libero. Proin non \r\nbibendum nisi, vitae volutpat nisl. Vivamus pretium scelerisque risus, \r\nnon tristique arcu cursus eu. Cras velit lacus, venenatis ut mi \r\nmalesuada, dapibus viverra nisi.\r\n</span></p>\r\n<p>\r\n<span style=\"font-style: italic;\">Aliquam dapibus lorem vitae leo euismod commodo. Cras porttitor leo \r\neleifend velit malesuada pretium. Praesent ac auctor purus. Mauris \r\nligula ligula, hendrerit at justo in, molestie viverra sapien. In \r\nplacerat sem risus, a convallis massa viverra nec. Vestibulum ante ipsum\r\n primis in faucibus orci luctus et ultrices posuere cubilia Curae; \r\nPraesent ac justo in orci aliquet lacinia ut vitae nibh. Quisque pretium\r\n quam nibh, imperdiet pulvinar ligula dictum id. In a auctor arcu. Fusce\r\n feugiat purus eget odio congue, mollis iaculis nulla tincidunt. Sed nec\r\n massa vulputate, pretium nisi malesuada, lacinia ligula.\r\n</span></p>\r\n<p>\r\nVestibulum eget tempor mauris. Praesent tincidunt enim eu massa \r\ntristique, pellentesque faucibus ipsum pharetra. Sed pulvinar convallis \r\ntortor eget placerat. Duis mattis tempus sollicitudin. Praesent eu porta\r\n libero, sed consectetur risus. Cum sociis natoque penatibus et magnis \r\ndis parturient montes, nascetur ridiculus mus. Duis vulputate, arcu nec \r\ntincidunt lacinia, mi velit malesuada sapien, a commodo lacus lacus sit \r\namet nisl. Donec rhoncus lectus sit amet sem dictum interdum. Vivamus \r\nlobortis tortor fringilla est gravida ultricies. Integer ut mauris quam.\r\n</p>','Lorem ipsum dolor sit amet, consectetur adipiscing elit. Suspendisse sollicitudin commodo cursus. Nunc varius accumsan ultrices. Quisque hendrerit mi id ullamcorper pretium. Lorem ipsum dolor sit amet, consectetur adipiscing elit.','Test news',NULL),(422,154,2,'Moj blog test','Test novost','<p>\r\nLorem ipsum dolor sit amet, consectetur adipiscing elit. Suspendisse \r\nsollicitudin commodo cursus. Nunc varius accumsan ultrices. Quisque \r\nhendrerit mi id ullamcorper pretium. Lorem ipsum dolor sit amet, \r\nconsectetur adipiscing elit. Nam ac metus vitae nibh aliquet adipiscing \r\nquis at nibh. Nullam lacinia magna sed enim ullamcorper rutrum. Proin \r\nquis vulputate est. Duis vitae purus vel mauris rutrum bibendum eu sit \r\namet erat. Vestibulum accumsan dapibus mauris, faucibus vehicula ipsum \r\ntempor pharetra. Sed porta, purus sit amet sollicitudin vestibulum, leo \r\nneque fringilla mauris, quis semper odio ante non arcu. Suspendisse \r\nporttitor mollis nisi, eu imperdiet eros condimentum at. Nunc tempor \r\nsodales suscipit.\r\n</p>\r\n<p>\r\n<span style=\"font-weight: bold;\">Sed sed mollis nunc. Interdum et malesuada fames ac ante ipsum primis in\r\n faucibus. Proin luctus semper eros, quis egestas leo. Pellentesque \r\nrisus felis, vulputate eu massa et, rhoncus molestie dui. Vivamus \r\nmalesuada dui nec cursus lobortis. Donec augue tortor, accumsan id lacus\r\n quis, suscipit ullamcorper dolor. Nunc ullamcorper elit suscipit, \r\nmollis tortor in, pharetra purus. Sed dapibus dolor mauris, quis \r\nelementum arcu auctor id. Maecenas eget orci in lacus vestibulum \r\nvehicula. Pellentesque et felis eget diam hendrerit ultricies. Quisque \r\nsit amet tellus odio. Nulla pharetra turpis non turpis molestie, \r\nsuscipit tincidunt nisl lobortis. In eget porttitor libero. Proin non \r\nbibendum nisi, vitae volutpat nisl. Vivamus pretium scelerisque risus, \r\nnon tristique arcu cursus eu. Cras velit lacus, venenatis ut mi \r\nmalesuada, dapibus viverra nisi.\r\n</span></p>\r\n<p>\r\n<span style=\"font-style: italic;\">Aliquam dapibus lorem vitae leo euismod commodo. Cras porttitor leo \r\neleifend velit malesuada pretium. Praesent ac auctor purus. Mauris \r\nligula ligula, hendrerit at justo in, molestie viverra sapien. In \r\nplacerat sem risus, a convallis massa viverra nec. Vestibulum ante ipsum\r\n primis in faucibus orci luctus et ultrices posuere cubilia Curae; \r\nPraesent ac justo in orci aliquet lacinia ut vitae nibh. Quisque pretium\r\n quam nibh, imperdiet pulvinar ligula dictum id. In a auctor arcu. Fusce\r\n feugiat purus eget odio congue, mollis iaculis nulla tincidunt. Sed nec\r\n massa vulputate, pretium nisi malesuada, lacinia ligula.\r\n</span></p>\r\n<p>\r\nVestibulum eget tempor mauris. Praesent tincidunt enim eu massa \r\ntristique, pellentesque faucibus ipsum pharetra. Sed pulvinar convallis \r\ntortor eget placerat. Duis mattis tempus sollicitudin. Praesent eu porta\r\n libero, sed consectetur risus. Cum sociis natoque penatibus et magnis \r\ndis parturient montes, nascetur ridiculus mus. Duis vulputate, arcu nec \r\ntincidunt lacinia, mi velit malesuada sapien, a commodo lacus lacus sit \r\namet nisl. Donec rhoncus lectus sit amet sem dictum interdum. Vivamus \r\nlobortis tortor fringilla est gravida ultricies. Integer ut mauris quam.\r\n</p>','Lorem ipsum dolor sit amet, consectetur adipiscing elit. Suspendisse sollicitudin commodo cursus. Nunc varius accumsan ultrices. Quisque hendrerit mi id ullamcorper pretium. Lorem ipsum dolor sit amet, consectetur adipiscing elit.','Test novost',NULL),(457,169,1,'Agents','Agents','<p>Agents listing with search and pagination support example...<br>\r\n</p>','Lorem ipsum dolor sit amet, consectetur adipiscing elit. Suspendisse sollicitudin commodo cursus. Nunc varius accumsan ultrices. Quisque hendrerit mi id ullamcorper pretium. Lorem ipsum dolor sit amet, consectetur adipiscing elit. Nam ac metus vitae nibh aliquet adipiscing quis at nibh. Nullam lacinia magna sed enim ullamcorper rutrum. Proin quis vulputate est. Duis vitae purus vel mauris rutrum bibendum eu sit amet erat. Vestibulum accumsan dapibus mauris, faucibus vehicula ipsum tempor pharetra. Sed porta, purus sit amet sollicitudin vestibulum, leo neque fringilla mauris, quis semper odio ante non arcu. Suspendisse porttitor mollis nisi, eu imperdiet eros condimentum at. Nunc tempor sodales suscipit.\r\n\r\nSed sed mollis nunc. Interdum et malesuada fames ac ante ipsum primis in faucibus. Proin luctus semper eros, quis egestas leo. Pellentesque risus felis, vulputate eu massa et, rhoncus molestie dui. Vivamus malesuada dui nec cursus lobortis. Donec augue tortor, accumsan id lacus quis, suscipit ullamcorper dolor. Nunc ullamcorper elit suscipit, mollis tortor in, pharetra purus. Sed dapibus dolor mauris, quis elementum arcu auctor id. Maecenas eget orci in lacus vestibulum vehicula. Pellentesque et felis eget diam hendrerit ultricies. Quisque sit amet tellus odio. Nulla pharetra turpis non turpis molestie, suscipit tincidunt nisl lobortis. In eget porttitor libero. Proin non bibendum nisi, vitae volutpat nisl. Vivamus pretium scelerisque risus, non tristique arcu cursus eu. Cras velit lacus, venenatis ut mi malesuada, dapibus viverra nisi.','','agents'),(458,169,2,'Agenti','Agenti','<p>\r\nLorem ipsum dolor sit amet, consectetur adipiscing elit. Suspendisse \r\nsollicitudin commodo cursus. Nunc varius accumsan ultrices. Quisque \r\nhendrerit mi id ullamcorper pretium. Lorem ipsum dolor sit amet, \r\nconsectetur adipiscing elit. Nam ac metus vitae nibh aliquet adipiscing \r\nquis at nibh. Nullam lacinia magna sed enim ullamcorper rutrum. Proin \r\nquis vulputate est. Duis vitae purus vel mauris rutrum bibendum eu sit \r\namet erat. Vestibulum accumsan dapibus mauris, faucibus vehicula ipsum \r\ntempor pharetra. Sed porta, purus sit amet sollicitudin vestibulum, leo \r\nneque fringilla mauris, quis semper odio ante non arcu. Suspendisse \r\nporttitor mollis nisi, eu imperdiet eros condimentum at. Nunc tempor \r\nsodales suscipit.\r\n</p>\r\n<p>\r\n<span style=\"font-weight: bold;\">Sed sed mollis nunc. Interdum et malesuada fames ac ante ipsum primis in\r\n faucibus. Proin luctus semper eros, quis egestas leo. Pellentesque \r\nrisus felis, vulputate eu massa et, rhoncus molestie dui. Vivamus \r\nmalesuada dui nec cursus lobortis. Donec augue tortor, accumsan id lacus\r\n quis, suscipit ullamcorper dolor. Nunc ullamcorper elit suscipit, \r\nmollis tortor in, pharetra purus. Sed dapibus dolor mauris, quis \r\nelementum arcu auctor id. Maecenas eget orci in lacus vestibulum \r\nvehicula. Pellentesque et felis eget diam hendrerit ultricies. Quisque \r\nsit amet tellus odio. Nulla pharetra turpis non turpis molestie, \r\nsuscipit tincidunt nisl lobortis. In eget porttitor libero. Proin non \r\nbibendum nisi, vitae volutpat nisl. Vivamus pretium scelerisque risus, \r\nnon tristique arcu cursus eu. Cras velit lacus, venenatis ut mi \r\nmalesuada, dapibus viverra nisi.\r\n</span></p>','Lorem ipsum dolor sit amet, consectetur adipiscing elit. Suspendisse sollicitudin commodo cursus. Nunc varius accumsan ultrices. Quisque hendrerit mi id ullamcorper pretium. Lorem ipsum dolor sit amet, consectetur adipiscing elit. Nam ac metus vitae nibh aliquet adipiscing quis at nibh. Nullam lacinia magna sed enim ullamcorper rutrum. Proin quis vulputate est. Duis vitae purus vel mauris rutrum bibendum eu sit amet erat. Vestibulum accumsan dapibus mauris, faucibus vehicula ipsum tempor pharetra. Sed porta, purus sit amet sollicitudin vestibulum, leo neque fringilla mauris, quis semper odio ante non arcu. Suspendisse porttitor mollis nisi, eu imperdiet eros condimentum at. Nunc tempor sodales suscipit.\r\n\r\nSed sed mollis nunc. Interdum et malesuada fames ac ante ipsum primis in faucibus. Proin luctus semper eros, quis egestas leo. Pellentesque risus felis, vulputate eu massa et, rhoncus molestie dui. Vivamus malesuada dui nec cursus lobortis. Donec augue tortor, accumsan id lacus quis, suscipit ullamcorper dolor. Nunc ullamcorper elit suscipit, mollis tortor in, pharetra purus. Sed dapibus dolor mauris, quis elementum arcu auctor id. Maecenas eget orci in lacus vestibulum vehicula. Pellentesque et felis eget diam hendrerit ultricies. Quisque sit amet tellus odio. Nulla pharetra turpis non turpis molestie, suscipit tincidunt nisl lobortis. In eget porttitor libero. Proin non bibendum nisi, vitae volutpat nisl. Vivamus pretium scelerisque risus, non tristique arcu cursus eu. Cras velit lacus, venenatis ut mi malesuada, dapibus viverra nisi.','','agenti'),(459,147,1,'Featured','Featured','Featured properties example','Featured properties example','Featured','featured'),(460,147,2,'Izdvojene','Izdvojene','Izdvojene nekretnine','Izdvojene nekretnine','Izdvojene','izdvojene'),(463,142,1,'Test page','Blog page','<span style=\"font-weight: bold;\">Nam eget est facilisis, porta mi \r\nac, ultricies enim. Proin nisi diam, eleifend ac eleifend in, dapibus in\r\n orci. Vestibulum elementum lectus non nisl venenatis, tempus molestie \r\nnisi tempus. Pellentesque facilisis nibh nec purus blandit, id aliquam \r\nlorem fermentum.\r\n</span>','Nam eget est facilisis, porta mi ac, ultricies enim. Proin nisi diam, eleifend ac eleifend in, dapibus in orci. Vestibulum elementum lectus non nisl venenatis, tempus molestie nisi tempus. Pellentesque facilisis nibh nec purus blandit, id aliquam lorem fermentum.','test','test-page'),(464,142,2,'Test stranica','Blog stranica','<span style=\"font-weight: bold;\">Nam eget est facilisis, porta mi \r\nac, ultricies enim. Proin nisi diam, eleifend ac eleifend in, dapibus in\r\n orci. Vestibulum elementum lectus non nisl venenatis, tempus molestie \r\nnisi tempus. Pellentesque facilisis nibh nec purus blandit, id aliquam \r\nlorem fermentum.\r\n</span>','Nam eget est facilisis, porta mi ac, ultricies enim. Proin nisi diam, eleifend ac eleifend in, dapibus in orci. Vestibulum elementum lectus non nisl venenatis, tempus molestie nisi tempus. Pellentesque facilisis nibh nec purus blandit, id aliquam lorem fermentum.','test','test-stranica'),(465,145,1,'Fullscreen','Full','Fullscreen<br>','Fullscreen','Fullscreen','fullscreen'),(466,145,2,'Puni zaslon','Full','Puni zaslon','Puni zaslon','Puni zaslon','puni-zaslon'),(467,143,1,'Custom search','Custom search','Custom search example page.<br>','Custom search example page','Custom search','custom-search'),(468,143,2,'Prilagođeni pretraživač','Prilagođeni pretraživač','Primjer stranice s prilagođenim pretraživačem.<br>','Prilagođeni pretraživač','Prilagođeni pretraživač','prilagodeni-pretrazivac'),(521,5,1,'About us','About us','<p>\r\nLorem ipsum dolor sit amet, consectetur adipiscing elit. Suspendisse \r\nsollicitudin commodo cursus. Nunc varius accumsan ultrices. Quisque \r\nhendrerit mi id ullamcorper pretium. Lorem ipsum dolor sit amet, \r\nconsectetur adipiscing elit. Nam ac metus vitae nibh aliquet adipiscing \r\nquis at nibh. Nullam lacinia magna sed enim ullamcorper rutrum. Proin \r\nquis vulputate est. Duis vitae purus vel mauris rutrum bibendum eu sit \r\namet erat. Vestibulum accumsan dapibus mauris, faucibus vehicula ipsum \r\ntempor pharetra. Sed porta, purus sit amet sollicitudin vestibulum, leo \r\nneque fringilla mauris, quis semper odio ante non arcu. Suspendisse \r\nporttitor mollis nisi, eu imperdiet eros condimentum at. Nunc tempor \r\nsodales suscipit.\r\n</p>\r\n<p>\r\n<span style=\"font-weight: bold;\">Sed sed mollis nunc. Interdum et malesuada fames ac ante ipsum primis in\r\n faucibus. Proin luctus semper eros, quis egestas leo. Pellentesque \r\nrisus felis, vulputate eu massa et, rhoncus molestie dui. Vivamus \r\nmalesuada dui nec cursus lobortis. Donec augue tortor, accumsan id lacus\r\n quis, suscipit ullamcorper dolor. Nunc ullamcorper elit suscipit, \r\nmollis tortor in, pharetra purus. Sed dapibus dolor mauris, quis \r\nelementum arcu auctor id. Maecenas eget orci in lacus vestibulum \r\nvehicula. Pellentesque et felis eget diam hendrerit ultricies. Quisque \r\nsit amet tellus odio. Nulla pharetra turpis non turpis molestie, \r\nsuscipit tincidunt nisl lobortis. In eget porttitor libero. Proin non \r\nbibendum nisi, vitae volutpat nisl. Vivamus pretium scelerisque risus, \r\nnon tristique arcu cursus eu. Cras velit lacus, venenatis ut mi \r\nmalesuada, dapibus viverra nisi.\r\n</span></p>\r\n<p>\r\n<span style=\"font-style: italic;\">Aliquam dapibus lorem vitae leo euismod commodo. Cras porttitor leo \r\neleifend velit malesuada pretium. Praesent ac auctor purus. Mauris \r\nligula ligula, hendrerit at justo in, molestie viverra sapien. In \r\nplacerat sem risus, a convallis massa viverra nec. Vestibulum ante ipsum\r\n primis in faucibus orci luctus et ultrices posuere cubilia Curae; \r\nPraesent ac justo in orci aliquet lacinia ut vitae nibh. Quisque pretium\r\n quam nibh, imperdiet pulvinar ligula dictum id. In a auctor arcu. Fusce\r\n feugiat purus eget odio congue, mollis iaculis nulla tincidunt. Sed nec\r\n massa vulputate, pretium nisi malesuada, lacinia ligula.\r\n</span></p>\r\n<p>\r\nVestibulum eget tempor mauris. Praesent tincidunt enim eu massa \r\ntristique, pellentesque faucibus ipsum pharetra. Sed pulvinar convallis \r\ntortor eget placerat. Duis mattis tempus sollicitudin. Praesent eu porta\r\n libero, sed consectetur risus. Cum sociis natoque penatibus et magnis \r\ndis parturient montes, nascetur ridiculus mus. Duis vulputate, arcu nec \r\ntincidunt lacinia, mi velit malesuada sapien, a commodo lacus lacus sit \r\namet nisl. Donec rhoncus lectus sit amet sem dictum interdum. Vivamus \r\nlobortis tortor fringilla est gravida ultricies. Integer ut mauris quam.\r\n</p><p><br></p><p>Test</p>','Lorem ipsum dolor sit amet, consectetur adipiscing elit. Suspendisse sollicitudin commodo cursus. Nunc varius accumsan ultrices.','About us','about-us'),(522,5,2,'O nama','O nama','<p>\r\nLorem ipsum dolor sit amet, consectetur adipiscing elit. Suspendisse \r\nsollicitudin commodo cursus. Nunc varius accumsan ultrices. Quisque \r\nhendrerit mi id ullamcorper pretium. Lorem ipsum dolor sit amet, \r\nconsectetur adipiscing elit. Nam ac metus vitae nibh aliquet adipiscing \r\nquis at nibh. Nullam lacinia magna sed enim ullamcorper rutrum. Proin \r\nquis vulputate est. Duis vitae purus vel mauris rutrum bibendum eu sit \r\namet erat. Vestibulum accumsan dapibus mauris, faucibus vehicula ipsum \r\ntempor pharetra. Sed porta, purus sit amet sollicitudin vestibulum, leo \r\nneque fringilla mauris, quis semper odio ante non arcu. Suspendisse \r\nporttitor mollis nisi, eu imperdiet eros condimentum at. Nunc tempor \r\nsodales suscipit.\r\n</p>\r\n<p>\r\n<span style=\"font-weight: bold;\">Sed sed mollis nunc. Interdum et malesuada fames ac ante ipsum primis in\r\n faucibus. Proin luctus semper eros, quis egestas leo. Pellentesque \r\nrisus felis, vulputate eu massa et, rhoncus molestie dui. Vivamus \r\nmalesuada dui nec cursus lobortis. Donec augue tortor, accumsan id lacus\r\n quis, suscipit ullamcorper dolor. Nunc ullamcorper elit suscipit, \r\nmollis tortor in, pharetra purus. Sed dapibus dolor mauris, quis \r\nelementum arcu auctor id. Maecenas eget orci in lacus vestibulum \r\nvehicula. Pellentesque et felis eget diam hendrerit ultricies. Quisque \r\nsit amet tellus odio. Nulla pharetra turpis non turpis molestie, \r\nsuscipit tincidunt nisl lobortis. In eget porttitor libero. Proin non \r\nbibendum nisi, vitae volutpat nisl. Vivamus pretium scelerisque risus, \r\nnon tristique arcu cursus eu. Cras velit lacus, venenatis ut mi \r\nmalesuada, dapibus viverra nisi.\r\n</span></p>\r\n<p>\r\n<span style=\"font-style: italic;\">Aliquam dapibus lorem vitae leo euismod commodo. Cras porttitor leo \r\neleifend velit malesuada pretium. Praesent ac auctor purus. Mauris \r\nligula ligula, hendrerit at justo in, molestie viverra sapien. In \r\nplacerat sem risus, a convallis massa viverra nec. Vestibulum ante ipsum\r\n primis in faucibus orci luctus et ultrices posuere cubilia Curae; \r\nPraesent ac justo in orci aliquet lacinia ut vitae nibh. Quisque pretium\r\n quam nibh, imperdiet pulvinar ligula dictum id. In a auctor arcu. Fusce\r\n feugiat purus eget odio congue, mollis iaculis nulla tincidunt. Sed nec\r\n massa vulputate, pretium nisi malesuada, lacinia ligula.\r\n</span></p>\r\n<p>\r\nVestibulum eget tempor mauris. Praesent tincidunt enim eu massa \r\ntristique, pellentesque faucibus ipsum pharetra. Sed pulvinar convallis \r\ntortor eget placerat. Duis mattis tempus sollicitudin. Praesent eu porta\r\n libero, sed consectetur risus. Cum sociis natoque penatibus et magnis \r\ndis parturient montes, nascetur ridiculus mus. Duis vulputate, arcu nec \r\ntincidunt lacinia, mi velit malesuada sapien, a commodo lacus lacus sit \r\namet nisl. Donec rhoncus lectus sit amet sem dictum interdum. Vivamus \r\nlobortis tortor fringilla est gravida ultricies. Integer ut mauris quam.\r\n</p>','Lorem ipsum dolor sit amet, consectetur adipiscing elit. Suspendisse sollicitudin commodo cursus. Nunc varius accumsan ultrices.','O nama','o-nama'),(585,4,1,'Contact','Contact','<span style=\"font-weight: bold;\">CityGuide<br></span>Map Kiosk from Croatia<br>Ilica 345<br>HR-10000 Zagreb<br><br><span style=\"font-weight: bold;\"><span>Tel:</span></span> +385 (0)1 123 321<br><span style=\"font-weight: bold;\"><span>Fax:</span></span> +385 (0)1 123 322<br><span style=\"font-weight: bold;\"><span>Mail:</span></span> info@info.info','Short description','Contact','0'),(586,4,2,'Kontakt','Kontakt','<span style=\"font-weight: bold;\">Real estate point</span><br><span style=\"font-style: italic;\"><span style=\"font-weight: bold;\"><span><span>Real Estate Agency</span></span></span></span><br>Ilica 345<br>HR-10000 Zagreb<br><br><span style=\"font-weight: bold;\"><span bold;\"=\"\">Tel:</span></span> +385 (0)1 123 321<br><span style=\"font-weight: bold;\"><span bold;\"=\"\">Fax:</span></span> +385 (0)1 123 322<br><span style=\"font-weight: bold;\"><span bold;\"=\"\">Mail:</span></span> info@info.info','Kratki opis','Kontakt','0'),(605,6,1,'Map','Map','<div class=\"row\">\r\n    <div class=\"span1\"><img src=\"assets/img/multilangual.png\"></div>\r\n    <div class=\"span3\">\r\n<h4>Native Multilangual</h4>\r\nNatively multilingual, no need to install any addon.\r\nEvery element can be translated and you can add as many languages as you want.\r\n</div>\r\n    <div class=\"span1\"><img src=\"assets/img/easy_customize.png\"></div>\r\n    <div class=\"span3\">\r\n<h4>Easy to customize</h4>\r\nApplication is based on CodeIgniter PHP framework, if you know CodeIgniter you can easily customize the system.\r\n</div>\r\n    <div class=\"span1\"><img src=\"assets/img/bootstrap.png\"></div>\r\n    <div class=\"span3\">\r\n<h4>Bootstrap ready</h4>\r\nBackend and Frontend based on Bootstrap and are easy to customize.\r\n</div>\r\n</div>\r\n<div class=\"row\">\r\n    <div class=\"span1\"><img src=\"assets/img/drag-drop.png\"></div>\r\n    <div class=\"span3\">\r\n<h4>User friendly</h4>\r\nWebsite structure is logical.\r\nManaging elements such as pages, estates or images is easily done by drag\'n\'drop!\r\n</div>\r\n    <div class=\"span1\"><img src=\"assets/img/template.png\"></div>\r\n    <div class=\"span3\">\r\n<h4>Template System</h4>\r\nEasy to use CodeIgniter Template Parser Class or alternative PHP syntax available.\r\n</div>\r\n    <div class=\"span1\"><img src=\"assets/img/robust.png\"></div>\r\n    <div class=\"span3\">\r\n<h4>Robust</h4>\r\nBuild as easy to use and robust Metro style Admin user interface\r\n</div>\r\n</div>\r\n<p> </p><br>\r\n<p> </p>','','Map','0'),(606,6,2,'Karta','Karta','<div class=\"row\">\r\n    <div class=\"span1\"><img src=\"assets/img/multilangual.png\"></div>\r\n    <div class=\"span3\">\r\n<h4>Prirodna višejezičnost</h4>\r\nPrirodno podržana višejezičnost, bez potrebe za dodacima.\r\nSvaki element može biti preveden i moguće je dodavati jezike po želji.\r\n</div>\r\n    <div class=\"span1\"><img src=\"assets/img/easy_customize.png\"></div>\r\n    <div class=\"span3\">\r\n<h4>Prilagodljiv</h4>\r\nAplikacija bazirana na CodeIgniter PHP frameworku, ako ste upoznati s  CodeIgniterom lako ćete modificirati sustav.\r\n</div>\r\n    <div class=\"span1\"><img src=\"assets/img/bootstrap.png\"></div>\r\n    <div class=\"span3\">\r\n<h4>Bootstrap ugrađen</h4>\r\nAdministracija i klijentska stranica bazirana na Boostrtapu i jednostavna za prilagodbu.\r\n</div>\r\n</div>\r\n<div class=\"row\">\r\n    <div class=\"span1\"><img src=\"assets/img/drag-drop.png\"></div>\r\n    <div class=\"span3\">\r\n<h4>Jednostavan<br></h4>\r\nStruktura webstranice jasna.\r\nUpravljanje elementima poput stranica, nekretninama ili slikama jednostavna pomoću drag\'n\'drop!\r\n</div>\r\n    <div class=\"span1\"><img src=\"assets/img/template.png\"></div>\r\n    <div class=\"span3\">\r\n<h4>Sustav predložaka</h4>\r\nJednostavan CodeIgniter Template Parser Class ili alternativna PHP syntax-a podržana.\r\n</div>\r\n    <div class=\"span1\"><img src=\"assets/img/robust.png\"></div>\r\n    <div class=\"span3\">\r\n<h4>Robustan</h4>\r\nRazvijen da buje jednostavan i izgledom robustan, ugrađeno Metro style Admin sučelje\r\n</div>\r\n</div>\r\n<p> </p><br>\r\n<p> </p>','','Karta','0'),(611,1,1,'Categories','Categories','<div class=\"row\">\r\n<div class=\"span1\"><img src=\"assets/img/multilangual.png\" /></div>\r\n\r\n<div class=\"span3\">\r\n<h4>Native Multilangual</h4>\r\nNatively multilingual, no need to install any addon. Every element can be translated and you can add as many languages as you want.</div>\r\n\r\n<div class=\"span1\"><img src=\"assets/img/easy_customize.png\" /></div>\r\n\r\n<div class=\"span3\">\r\n<h4>Easy to customize</h4>\r\nApplication is based on CodeIgniter PHP framework, if you know CodeIgniter you can easily customize the system.</div>\r\n\r\n<div class=\"span1\"><img src=\"assets/img/bootstrap.png\" /></div>\r\n\r\n<div class=\"span3\">\r\n<h4>Bootstrap ready</h4>\r\nBackend and Frontend based on Bootstrap and are easy to customize.</div>\r\n</div>\r\n\r\n<div class=\"row\">\r\n<div class=\"span1\"><img src=\"assets/img/drag-drop.png\" /></div>\r\n\r\n<div class=\"span3\">\r\n<h4>User friendly</h4>\r\nWebsite structure is logical. Managing elements such as pages, estates or images is easily done by drag&#39;n&#39;drop!</div>\r\n\r\n<div class=\"span1\"><img src=\"assets/img/template.png\" /></div>\r\n\r\n<div class=\"span3\">\r\n<h4>Template System</h4>\r\nEasy to use CodeIgniter Template Parser Class or alternative PHP syntax available.</div>\r\n\r\n<div class=\"span1\"><img src=\"assets/img/robust.png\" /></div>\r\n\r\n<div class=\"span3\">\r\n<h4>Robust</h4>\r\nBuild as easy to use and robust Metro style Admin user interface</div>\r\n</div>\r\n\r\n<p>&nbsp;</p>\r\n\r\n<p>&nbsp;</p>\r\n\r\n<p>&nbsp;</p>\r\n\r\n<p>&nbsp;</p>','','',''),(612,1,2,'Kategorije','Kategorije','<div class=\"row\">\r\n<div class=\"span1\"><img src=\"assets/img/multilangual.png\" /></div>\r\n\r\n<div class=\"span3\">\r\n<h4>Prirodna višejezičnost</h4>\r\nPrirodno podržana višejezičnost, bez potrebe za dodacima. Svaki element može biti preveden i moguće je dodavati jezike po želji.</div>\r\n\r\n<div class=\"span1\"><img src=\"assets/img/easy_customize.png\" /></div>\r\n\r\n<div class=\"span3\">\r\n<h4>Prilagodljiv</h4>\r\nAplikacija bazirana na CodeIgniter PHP frameworku, ako ste upoznati s CodeIgniterom lako ćete modificirati sustav.</div>\r\n\r\n<div class=\"span1\"><img src=\"assets/img/bootstrap.png\" /></div>\r\n\r\n<div class=\"span3\">\r\n<h4>Bootstrap ugrađen</h4>\r\nAdministracija i klijentska stranica bazirana na Boostrtapu i jednostavna za prilagodbu.</div>\r\n</div>\r\n\r\n<div class=\"row\">\r\n<div class=\"span1\"><img src=\"assets/img/drag-drop.png\" /></div>\r\n\r\n<div class=\"span3\">\r\n<h4>Jednostavan</h4>\r\nStruktura webstranice jasna. Upravljanje elementima poput stranica, nekretninama ili slikama jednostavna pomoću drag&#39;n&#39;drop!</div>\r\n\r\n<div class=\"span1\"><img src=\"assets/img/template.png\" /></div>\r\n\r\n<div class=\"span3\">\r\n<h4>Sustav predložaka</h4>\r\nJednostavan CodeIgniter Template Parser Class ili alternativna PHP syntax-a podržana.</div>\r\n\r\n<div class=\"span1\"><img src=\"assets/img/robust.png\" /></div>\r\n\r\n<div class=\"span3\">\r\n<h4>Robustan</h4>\r\nRazvijen da buje jednostavan i izgledom robustan, ugrađeno Metro style Admin sučelje</div>\r\n</div>\r\n\r\n<p>&nbsp;</p>\r\n\r\n<p>&nbsp;</p>\r\n\r\n<p>&nbsp;</p>\r\n\r\n<p>&nbsp;</p>','','','');

--
-- Table structure for table `payments`
--

DROP TABLE IF EXISTS `payments`;
/*!40101 SET @saved_cs_client     = @@character_set_client */;
/*!40101 SET character_set_client = utf8 */;
CREATE TABLE `payments` (
  `id` int(11) NOT NULL AUTO_INCREMENT,
  `date_paid` datetime DEFAULT NULL,
  `invoice_num` varchar(45) COLLATE utf8_unicode_ci DEFAULT NULL,
  `data_post` text COLLATE utf8_unicode_ci,
  `payer_id` varchar(100) COLLATE utf8_unicode_ci DEFAULT NULL,
  `txn_id` varchar(100) COLLATE utf8_unicode_ci DEFAULT NULL,
  `paid` varchar(45) COLLATE utf8_unicode_ci DEFAULT NULL,
  `currency_code` varchar(45) COLLATE utf8_unicode_ci DEFAULT NULL,
  `payer_email` varchar(100) COLLATE utf8_unicode_ci DEFAULT NULL,
  `listing_id` int(11) DEFAULT NULL,
  `payment_gateway` varchar(45) COLLATE utf8_unicode_ci DEFAULT NULL,
  `user_id` int(11) DEFAULT NULL,
  `package_id` int(11) DEFAULT NULL,
  `reservation_id` int(11) DEFAULT NULL,
  `saller_id` int(11) DEFAULT NULL,
  `property_id` int(11) DEFAULT NULL,
  PRIMARY KEY (`id`)
) ENGINE=InnoDB AUTO_INCREMENT=7 DEFAULT CHARSET=utf8 COLLATE=utf8_unicode_ci;
/*!40101 SET character_set_client = @saved_cs_client */;

--
-- Dumping data for table `payments`
--

INSERT INTO `payments` VALUES (1,'2014-06-03 21:30:22','','',NULL,NULL,NULL,NULL,NULL,NULL,NULL,NULL,NULL,NULL,NULL,NULL),(2,'2014-06-03 21:56:45','','Array\n(\n    [mc_gross] => 2.99\n    [invoice] => 12373469\n    [protection_eligibility] => Eligible\n    [address_status] => confirmed\n    [item_number1] => \n    [payer_id] => ER2LXCHKVY38Q\n    [tax] => 0.00\n    [address_street] => 1 Main St\n    [payment_date] => 12:56:41 Jun 03, 2014 PDT\n    [payment_status] => Completed\n    [charset] => windows-1252\n    [address_zip] => 95131\n    [mc_shipping] => 0.00\n    [mc_handling] => 0.00\n    [first_name] => Info\n    [mc_fee] => 0.39\n    [address_country_code] => US\n    [address_name] => Info Winter\n    [notify_version] => 3.8\n    [custom] => \n    [payer_status] => verified\n    [business] => sandi@iwinter.com.hr\n    [address_country] => United States\n    [num_cart_items] => 1\n    [mc_handling1] => 0.00\n    [address_city] => San Jose\n    [verify_sign] => AI36sk2Aln3iC.t.mla1wMizPRcQA8RKkhVgDKLdhbV.2hZelzrKnqbO\n    [payer_email] => info@iwinter.com.hr\n    [mc_shipping1] => 0.00\n    [tax1] => 0.00\n    [txn_id] => 5NJ254081K680701C\n    [payment_type] => instant\n    [last_name] => Winter\n    [address_state] => CA\n    [item_name1] => T-shirt\n    [receiver_email] => sandi@iwinter.com.hr\n    [payment_fee] => 0.39\n    [quantity1] => 1\n    [receiver_id] => S63XQYGHM4X8N\n    [txn_type] => cart\n    [mc_gross_1] => 2.99\n    [mc_currency] => USD\n    [residence_country] => US\n    [test_ipn] => 1\n    [transaction_subject] => \n    [payment_gross] => 2.99\n    [ipn_track_id] => 9d77baf4e8f10\n)\n',NULL,NULL,NULL,NULL,NULL,NULL,NULL,NULL,NULL,NULL,NULL,NULL),(3,'2014-06-03 22:39:44','7','a:47:{s:8:\"mc_gross\";s:5:\"20.00\";s:7:\"invoice\";s:1:\"7\";s:22:\"protection_eligibility\";s:8:\"Eligible\";s:14:\"address_status\";s:9:\"confirmed\";s:12:\"item_number1\";s:0:\"\";s:8:\"payer_id\";s:13:\"ER2LXCHKVY38Q\";s:3:\"tax\";s:4:\"0.00\";s:14:\"address_street\";s:9:\"1 Main St\";s:12:\"payment_date\";s:25:\"13:34:39 Jun 03, 2014 PDT\";s:14:\"payment_status\";s:9:\"Completed\";s:7:\"charset\";s:12:\"windows-1252\";s:11:\"address_zip\";s:5:\"95131\";s:11:\"mc_shipping\";s:4:\"0.00\";s:11:\"mc_handling\";s:4:\"0.00\";s:10:\"first_name\";s:4:\"Info\";s:6:\"mc_fee\";s:4:\"0.88\";s:20:\"address_country_code\";s:2:\"US\";s:12:\"address_name\";s:11:\"Info Winter\";s:14:\"notify_version\";s:3:\"3.8\";s:6:\"custom\";s:0:\"\";s:12:\"payer_status\";s:8:\"verified\";s:8:\"business\";s:20:\"sandi@iwinter.com.hr\";s:15:\"address_country\";s:13:\"United States\";s:14:\"num_cart_items\";s:1:\"1\";s:12:\"mc_handling1\";s:4:\"0.00\";s:12:\"address_city\";s:8:\"San Jose\";s:11:\"verify_sign\";s:56:\"A9LC3Qajo-H2V8mPq4eIktgPvG2RAQNl0qNtJ0agOtDs9xL3UMse9O06\";s:11:\"payer_email\";s:19:\"info@iwinter.com.hr\";s:12:\"mc_shipping1\";s:4:\"0.00\";s:4:\"tax1\";s:4:\"0.00\";s:6:\"txn_id\";s:17:\"38791587ML480703S\";s:12:\"payment_type\";s:7:\"instant\";s:9:\"last_name\";s:6:\"Winter\";s:13:\"address_state\";s:2:\"CA\";s:10:\"item_name1\";s:14:\"Reservation #7\";s:14:\"receiver_email\";s:20:\"sandi@iwinter.com.hr\";s:11:\"payment_fee\";s:4:\"0.88\";s:9:\"quantity1\";s:1:\"1\";s:11:\"receiver_id\";s:13:\"S63XQYGHM4X8N\";s:8:\"txn_type\";s:4:\"cart\";s:10:\"mc_gross_1\";s:5:\"20.00\";s:11:\"mc_currency\";s:3:\"USD\";s:17:\"residence_country\";s:2:\"US\";s:8:\"test_ipn\";s:1:\"1\";s:19:\"transaction_subject\";s:0:\"\";s:13:\"payment_gross\";s:5:\"20.00\";s:12:\"ipn_track_id\";s:13:\"631f1117659b2\";}','ER2LXCHKVY38Q','38791587ML480703S','20.00','USD','info@iwinter.com.hr',NULL,NULL,NULL,NULL,NULL,NULL,NULL),(4,'2014-06-03 22:42:41','7_RES_20.00','a:47:{s:8:\"mc_gross\";s:5:\"20.00\";s:7:\"invoice\";s:7:\"7_20.00\";s:22:\"protection_eligibility\";s:8:\"Eligible\";s:14:\"address_status\";s:9:\"confirmed\";s:12:\"item_number1\";s:0:\"\";s:8:\"payer_id\";s:13:\"ER2LXCHKVY38Q\";s:3:\"tax\";s:4:\"0.00\";s:14:\"address_street\";s:9:\"1 Main St\";s:12:\"payment_date\";s:25:\"13:42:39 Jun 03, 2014 PDT\";s:14:\"payment_status\";s:9:\"Completed\";s:7:\"charset\";s:12:\"windows-1252\";s:11:\"address_zip\";s:5:\"95131\";s:11:\"mc_shipping\";s:4:\"0.00\";s:11:\"mc_handling\";s:4:\"0.00\";s:10:\"first_name\";s:4:\"Info\";s:6:\"mc_fee\";s:4:\"0.88\";s:20:\"address_country_code\";s:2:\"US\";s:12:\"address_name\";s:11:\"Info Winter\";s:14:\"notify_version\";s:3:\"3.8\";s:6:\"custom\";s:0:\"\";s:12:\"payer_status\";s:8:\"verified\";s:8:\"business\";s:20:\"sandi@iwinter.com.hr\";s:15:\"address_country\";s:13:\"United States\";s:14:\"num_cart_items\";s:1:\"1\";s:12:\"mc_handling1\";s:4:\"0.00\";s:12:\"address_city\";s:8:\"San Jose\";s:11:\"verify_sign\";s:56:\"AwD4sJJmdrzDKNGw7KMAMuZSx1AHAeHkTMI1NDF3NgxE8tGDW8SfkKVk\";s:11:\"payer_email\";s:19:\"info@iwinter.com.hr\";s:12:\"mc_shipping1\";s:4:\"0.00\";s:4:\"tax1\";s:4:\"0.00\";s:6:\"txn_id\";s:17:\"70D58185F3775394K\";s:12:\"payment_type\";s:7:\"instant\";s:9:\"last_name\";s:6:\"Winter\";s:13:\"address_state\";s:2:\"CA\";s:10:\"item_name1\";s:14:\"Reservation #7\";s:14:\"receiver_email\";s:20:\"sandi@iwinter.com.hr\";s:11:\"payment_fee\";s:4:\"0.88\";s:9:\"quantity1\";s:1:\"1\";s:11:\"receiver_id\";s:13:\"S63XQYGHM4X8N\";s:8:\"txn_type\";s:4:\"cart\";s:10:\"mc_gross_1\";s:5:\"20.00\";s:11:\"mc_currency\";s:3:\"USD\";s:17:\"residence_country\";s:2:\"US\";s:8:\"test_ipn\";s:1:\"1\";s:19:\"transaction_subject\";s:0:\"\";s:13:\"payment_gross\";s:5:\"20.00\";s:12:\"ipn_track_id\";s:13:\"416b011ce481b\";}','ER2LXCHKVY38Q','70D58185F3775394K','20.00','USD','info@iwinter.com.hr',NULL,NULL,NULL,NULL,NULL,NULL,NULL),(5,'2014-06-03 22:48:52','7_RES_20.001977','a:47:{s:8:\"mc_gross\";s:5:\"20.00\";s:7:\"invoice\";s:11:\"7_20.001977\";s:22:\"protection_eligibility\";s:8:\"Eligible\";s:14:\"address_status\";s:9:\"confirmed\";s:12:\"item_number1\";s:0:\"\";s:8:\"payer_id\";s:13:\"ER2LXCHKVY38Q\";s:3:\"tax\";s:4:\"0.00\";s:14:\"address_street\";s:9:\"1 Main St\";s:12:\"payment_date\";s:25:\"13:48:48 Jun 03, 2014 PDT\";s:14:\"payment_status\";s:9:\"Completed\";s:7:\"charset\";s:12:\"windows-1252\";s:11:\"address_zip\";s:5:\"95131\";s:11:\"mc_shipping\";s:4:\"0.00\";s:11:\"mc_handling\";s:4:\"0.00\";s:10:\"first_name\";s:4:\"Info\";s:6:\"mc_fee\";s:4:\"0.88\";s:20:\"address_country_code\";s:2:\"US\";s:12:\"address_name\";s:11:\"Info Winter\";s:14:\"notify_version\";s:3:\"3.8\";s:6:\"custom\";s:0:\"\";s:12:\"payer_status\";s:8:\"verified\";s:8:\"business\";s:20:\"sandi@iwinter.com.hr\";s:15:\"address_country\";s:13:\"United States\";s:14:\"num_cart_items\";s:1:\"1\";s:12:\"mc_handling1\";s:4:\"0.00\";s:12:\"address_city\";s:8:\"San Jose\";s:11:\"verify_sign\";s:56:\"AfQuzaSFrGvt6rtvRwD4hrYb.JzkABhsZbG6RzQEHrWRVQMU4alyRccb\";s:11:\"payer_email\";s:19:\"info@iwinter.com.hr\";s:12:\"mc_shipping1\";s:4:\"0.00\";s:4:\"tax1\";s:4:\"0.00\";s:6:\"txn_id\";s:17:\"4WD08916J6958874J\";s:12:\"payment_type\";s:7:\"instant\";s:9:\"last_name\";s:6:\"Winter\";s:13:\"address_state\";s:2:\"CA\";s:10:\"item_name1\";s:14:\"Reservation #7\";s:14:\"receiver_email\";s:20:\"sandi@iwinter.com.hr\";s:11:\"payment_fee\";s:4:\"0.88\";s:9:\"quantity1\";s:1:\"1\";s:11:\"receiver_id\";s:13:\"S63XQYGHM4X8N\";s:8:\"txn_type\";s:4:\"cart\";s:10:\"mc_gross_1\";s:5:\"20.00\";s:11:\"mc_currency\";s:3:\"USD\";s:17:\"residence_country\";s:2:\"US\";s:8:\"test_ipn\";s:1:\"1\";s:19:\"transaction_subject\";s:0:\"\";s:13:\"payment_gross\";s:5:\"20.00\";s:12:\"ipn_track_id\";s:13:\"e5522708d8525\";}','ER2LXCHKVY38Q','4WD08916J6958874J','20.00','USD','info@iwinter.com.hr',NULL,NULL,NULL,NULL,NULL,NULL,NULL),(6,'2014-06-03 22:52:59','7_RES_80.006907','a:47:{s:8:\"mc_gross\";s:5:\"80.00\";s:7:\"invoice\";s:11:\"7_80.006907\";s:22:\"protection_eligibility\";s:8:\"Eligible\";s:14:\"address_status\";s:9:\"confirmed\";s:12:\"item_number1\";s:0:\"\";s:8:\"payer_id\";s:13:\"ER2LXCHKVY38Q\";s:3:\"tax\";s:4:\"0.00\";s:14:\"address_street\";s:9:\"1 Main St\";s:12:\"payment_date\";s:25:\"13:52:57 Jun 03, 2014 PDT\";s:14:\"payment_status\";s:9:\"Completed\";s:7:\"charset\";s:12:\"windows-1252\";s:11:\"address_zip\";s:5:\"95131\";s:11:\"mc_shipping\";s:4:\"0.00\";s:11:\"mc_handling\";s:4:\"0.00\";s:10:\"first_name\";s:4:\"Info\";s:6:\"mc_fee\";s:4:\"2.62\";s:20:\"address_country_code\";s:2:\"US\";s:12:\"address_name\";s:11:\"Info Winter\";s:14:\"notify_version\";s:3:\"3.8\";s:6:\"custom\";s:0:\"\";s:12:\"payer_status\";s:8:\"verified\";s:8:\"business\";s:20:\"sandi@iwinter.com.hr\";s:15:\"address_country\";s:13:\"United States\";s:14:\"num_cart_items\";s:1:\"1\";s:12:\"mc_handling1\";s:4:\"0.00\";s:12:\"address_city\";s:8:\"San Jose\";s:11:\"verify_sign\";s:56:\"AqJ-WZNVutuNierV3LZLs1Y1IawwAeAS8108YGtXxNytUpVrTq49CqhV\";s:11:\"payer_email\";s:19:\"info@iwinter.com.hr\";s:12:\"mc_shipping1\";s:4:\"0.00\";s:4:\"tax1\";s:4:\"0.00\";s:6:\"txn_id\";s:17:\"64V66530TY4484937\";s:12:\"payment_type\";s:7:\"instant\";s:9:\"last_name\";s:6:\"Winter\";s:13:\"address_state\";s:2:\"CA\";s:10:\"item_name1\";s:14:\"Reservation #7\";s:14:\"receiver_email\";s:20:\"sandi@iwinter.com.hr\";s:11:\"payment_fee\";s:4:\"2.62\";s:9:\"quantity1\";s:1:\"1\";s:11:\"receiver_id\";s:13:\"S63XQYGHM4X8N\";s:8:\"txn_type\";s:4:\"cart\";s:10:\"mc_gross_1\";s:5:\"80.00\";s:11:\"mc_currency\";s:3:\"USD\";s:17:\"residence_country\";s:2:\"US\";s:8:\"test_ipn\";s:1:\"1\";s:19:\"transaction_subject\";s:0:\"\";s:13:\"payment_gross\";s:5:\"80.00\";s:12:\"ipn_track_id\";s:13:\"35c5c566e12d4\";}','ER2LXCHKVY38Q','64V66530TY4484937','80.00','USD','info@iwinter.com.hr',NULL,NULL,NULL,NULL,NULL,NULL,NULL);

--
-- Table structure for table `property`
--

DROP TABLE IF EXISTS `property`;
/*!40101 SET @saved_cs_client     = @@character_set_client */;
/*!40101 SET character_set_client = utf8 */;
CREATE TABLE `property` (
  `id` int(11) NOT NULL AUTO_INCREMENT,
  `id_transitions` int(11) DEFAULT NULL,
  `id_trans_text` varchar(60) COLLATE utf8_unicode_ci DEFAULT NULL,
  `gps` varchar(100) COLLATE utf8_unicode_ci DEFAULT NULL,
  `lat` decimal(9,6) DEFAULT NULL,
  `lng` decimal(9,6) DEFAULT NULL,
  `date` datetime DEFAULT NULL,
  `date_modified` datetime DEFAULT NULL,
  `date_activated` datetime DEFAULT NULL COMMENT 'Activated even if not paid for activation (by admin for example)',
  `address` varchar(200) COLLATE utf8_unicode_ci DEFAULT NULL,
  `type` varchar(45) COLLATE utf8_unicode_ci DEFAULT NULL COMMENT 'housing\nhouse\nland\nbusiness premises',
  `repository_id` int(11) DEFAULT NULL,
  `is_featured` tinyint(1) DEFAULT '0',
  `search_values` text COLLATE utf8_unicode_ci,
  `is_activated` tinyint(1) DEFAULT '1',
  `is_visible` tinyint(4) NOT NULL DEFAULT '1',
  `activation_paid_date` datetime DEFAULT NULL,
  `featured_paid_date` datetime DEFAULT NULL,
  `counter_views` int(11) DEFAULT '0',
  `image_filename` varchar(200) COLLATE utf8_unicode_ci DEFAULT NULL,
  `image_repository` text COLLATE utf8_unicode_ci,
  `sent_to_affiliate` tinyint(1) DEFAULT '0',
  `date_notify` datetime DEFAULT NULL,
  `status` varchar(45) COLLATE utf8_unicode_ci DEFAULT NULL,
  `date_status` varchar(45) COLLATE utf8_unicode_ci DEFAULT NULL,
  `affilate_id` int(11) DEFAULT NULL,
  `date_repost` datetime DEFAULT NULL,
  `date_renew` datetime DEFAULT NULL,
  `date_alert` datetime DEFAULT NULL,
  `last_edit_ip` varchar(32) COLLATE utf8_unicode_ci DEFAULT NULL,
  `date_notify_expired` datetime DEFAULT NULL,
  PRIMARY KEY (`id`)
) ENGINE=InnoDB AUTO_INCREMENT=21 DEFAULT CHARSET=utf8 COLLATE=utf8_unicode_ci;
/*!40101 SET character_set_client = @saved_cs_client */;

--
-- Dumping data for table `property`
--

INSERT INTO `property` VALUES (1,NULL,NULL,'46.30656011913618, 16.33934708968809',46.306560,16.339347,'2015-10-07 13:15:18','2015-10-09 21:45:10',NULL,'Varaždin, Ulica Augusta Cesarca',NULL,288,1,'id: 1Varaždin, Ulica Augusta Cesarca Promenade Vatroslava Jagica  empty park 5  Excursion Park Varaždinska Varazdin 42000 More than 100m2   Agent   SKIP_ON_EMPTY        0 trueParking  20 500  500 1000    Šetalište Vatroslava Jagića  empty park 5  Izleti Park Varaždinska Varaždin 42000 Više od 100m2   Agent   SKIP_ON_EMPTY        0 trueParking  20 500  500 1000   ',1,1,NULL,NULL,5,'varazdin_park.jpg','[\"varazdin_park.jpg\"]',0,NULL,NULL,NULL,NULL,NULL,NULL,NULL,NULL,NULL),(2,0,NULL,'46.309822, 16.334136899999976',46.309822,16.334137,'2015-10-07 13:26:08','2015-10-09 21:45:01',NULL,'Varaždin, Stari Grad',NULL,289,1,'id: 2Varaždin, Stari Grad The Old Town empty sights 5  Excursion Sights Varaždinska Varazdin 42000 More than 100m2   Agent   SKIP_ON_EMPTY          50 2000  500 1000    Stari Grad empty sights 5  Izleti Znamenitost Varaždinska Varaždin 42000 Više od 100m2   Agent   SKIP_ON_EMPTY          50 2000  500 1000   ',1,1,NULL,NULL,7,'8922851.jpg','[\"8922851.jpg\",\"varazdin.jpg\",\"dvorac.jpg\",\"stari_grad.jpg\"]',0,NULL,NULL,NULL,NULL,NULL,NULL,NULL,NULL,NULL),(3,0,NULL,'46.308594118926216, 16.337644213491785',46.308594,16.337644,'2015-10-07 14:58:14','2015-10-09 21:44:59',NULL,'Varaždin, Ul. Ljudevita Gaja',NULL,290,0,'id: 3Varaždin, Ul. Ljudevita Gaja Movie Gallery new cinema 3  Fun Cinema Varaždinska Varazdin 42000 More than 100m2   Agent   SKIP_ON_EMPTY          1 1000  1000 1500    Kino Galerija novo cinema 3  Zabava Kino Varaždinska Varaždin 42000 Više od 100m2   Agent   SKIP_ON_EMPTY          1 1000  1000 1500   ',1,1,NULL,NULL,0,'kino_gaj_prije.jpg','[\"kino_gaj_prije.jpg\",\"kino_gaj.jpg\"]',0,NULL,NULL,NULL,NULL,NULL,NULL,NULL,NULL,NULL),(4,0,NULL,'46.30627485655299, 16.336795881020407',46.306275,16.336796,'2015-10-07 16:35:23','2015-10-09 21:44:57',NULL,'Varaždin, Trg Slobode',NULL,291,1,'id: 4Varaždin, Trg Slobode Domenico empty restaurant 5  Food and drink Restaurant Varaždinska Varazdin 42000 More than 100m2   Agent   SKIP_ON_EMPTY          300 1300  500 1000    Domenico empty restaurant 5  Hrana i piće Restoran Varaždinska Varaždin 42000 Više od 100m2   Agent   SKIP_ON_EMPTY          300 1300  500 1000   ',1,1,NULL,NULL,11,'domenico.jpg','[\"domenico.jpg\",\"domenico3.jpg\",\"domenico2.jpg\"]',0,NULL,NULL,NULL,NULL,NULL,NULL,NULL,NULL,NULL),(5,0,NULL,'46.30544097482327, 16.337780679623393',46.305441,16.337781,'2015-10-07 16:47:47','2015-10-09 21:44:55',NULL,'Varaždin, Ul. Augusta Cesarca',NULL,292,0,'id: 5Varaždin, Ul. Augusta Cesarca Fountain empty bakery 4  Food and drink Bakery Varaždinska Varazdin 42000 50-100m2   Agent   SKIP_ON_EMPTY         trueParking  500 1500  500 1500    Fontana empty bakery 4  Hrana i piće Slastičarna Varaždinska Varaždin 42000 50-100m2   Agent   SKIP_ON_EMPTY         trueParking  500 1500  500 1500   ',1,1,NULL,NULL,3,'fontana1.jpg','[\"fontana1.jpg\",\"fontana2.jpg\"]',0,NULL,NULL,NULL,NULL,NULL,NULL,NULL,NULL,NULL),(6,0,NULL,'46.30736636151806, 16.33580087605742',46.307366,16.335801,'2015-10-07 17:23:31','2015-10-09 21:44:52',NULL,'Varaždin, Franjevački Trg 17',NULL,293,0,'id: 6Varaždin, Franjevački Trg 17 Coffeehouse empty coffee 5  Food and drink Coffee bar Varaždinska Varazdin 42000 More than 100m2   Agent   SKIP_ON_EMPTY          100 2000  600 1500    Kavana Dora empty coffee 5  Hrana i piće Kafić Varaždinska Varaždin 42000 Više od 100m2   Agent   SKIP_ON_EMPTY          100 2000  600 1500   ',1,1,NULL,NULL,0,'dora1.jpg','[\"dora1.jpg\",\"dora2.jpg\"]',0,NULL,NULL,NULL,NULL,NULL,NULL,NULL,NULL,NULL),(7,0,NULL,'46.29328826637003, 16.344047286230534',46.293288,16.344047,'2015-10-07 17:46:31','2015-10-09 21:44:50',NULL,'Varaždin, Zagrebačka',NULL,294,0,'id: 7Varaždin, Zagrebačka NK Varteks empty stadium 4  Sport Stadium Varaždinska Varazdin 42000 More than 100m2   Agent   SKIP_ON_EMPTY         trueParking  3000 2000  3000 3000    NK Varteks empty stadium 4  Sport Stadion Varaždinska Varazdin 42000 Više od 100m2   Agent   SKIP_ON_EMPTY         trueParking  3000 2000  3000 3000   ',1,1,NULL,NULL,0,'1024px_stade_varteks.JPG','[\"1024px_stade_varteks.JPG\",\"nk_varteks_stadion.jpg\"]',0,NULL,NULL,NULL,NULL,NULL,NULL,NULL,NULL,NULL),(8,0,NULL,'46.307668843733076, 16.33810229881135',46.307669,16.338102,'2015-10-07 18:06:56','2015-10-09 21:44:20',NULL,'Varaždin, Trg Kralja Tomislava',NULL,295,0,'id: 8Varaždin, Trg Kralja Tomislava Faculty of Organization and Informatics empty empty 4  Learning School Varaždinska Varazdin 42000 More than 100m2   Agent   SKIP_ON_EMPTY          1 1000  1000 1500    Fakultet organizacije i informatike empty empty 4  Učenje Škola Varaždinska Varaždin 42000 Više od 100m2   Agent   SKIP_ON_EMPTY          1 1000  1000 1500   ',1,1,NULL,NULL,0,'foi_varazdin.jpg','[\"foi_varazdin.jpg\"]',0,NULL,NULL,NULL,NULL,NULL,NULL,NULL,NULL,NULL),(9,0,NULL,'46.320049348029634, 16.306398330163574',46.320049,16.306398,'2015-10-07 18:24:23','2015-10-09 21:44:18',NULL,'Varaždin, Optujska ul. 171',NULL,296,0,'id: 9Varaždin, Optujska ul. 171 Supernova empty shopping_center 4  Shopping Shopping center Varaždinska Varazdin 42000 More than 100m2   Agent   SKIP_ON_EMPTY         trueParking  4000 5000  20 2000    Supernova empty shopping_center 4  Shopping Shopping center Varaždinska Varazdin 42000 Više od 100m2   Agent   SKIP_ON_EMPTY         trueParking  4000 5000  20 2000   ',1,1,NULL,NULL,2,'supernova.jpg','[\"supernova.jpg\"]',0,NULL,NULL,NULL,NULL,NULL,NULL,NULL,NULL,NULL),(10,0,NULL,'46.309120856650296, 16.336200122753894',46.309121,16.336200,'2015-10-07 18:59:41','2015-10-09 21:44:16',NULL,'Varaždin,Ivana Padovca',NULL,297,0,'id: 10Varaždin,Ivana Padovca Mea Culpa Bar empty bar 5  Fun Bar Varaždinska Varazdin 42000 More than 100m2   Agent   SKIP_ON_EMPTY          400 3000  1000 1500    Mea Culpa Bar empty bar 5  Zabava Klub Varaždinska Varaždin 42000 Više od 100m2   Agent   SKIP_ON_EMPTY          400 3000  1000 1500   ',1,1,NULL,NULL,2,'meaculpabar11.jpg','[\"meaculpabar11.jpg\",\"mea_culpa_bar.jpg\"]',0,NULL,NULL,NULL,NULL,NULL,NULL,NULL,NULL,NULL),(11,0,NULL,'46.3077021946893, 16.33834369762269',46.307702,16.338344,'2015-10-07 19:33:34','2015-10-09 21:44:14',NULL,'Varaždin, Trg Kralja Tomislava',NULL,298,1,'id: 11Varaždin, Trg Kralja Tomislava Center, Korzo empty piazza 4  Excursion Piazza Varaždinska Varazdin 42000 More than 100m2   Agent   SKIP_ON_EMPTY          1 2000  1500 1500    Korzo empty piazza 4  Izleti Trg Varaždinska Varaždin 42000 Više od 100m2   Agent   SKIP_ON_EMPTY          1 2000  1500 1500   ',1,1,NULL,NULL,2,'korzo_varazdin.jpg','[\"korzo_varazdin.jpg\"]',0,NULL,NULL,NULL,NULL,NULL,NULL,NULL,NULL,NULL),(12,0,NULL,'46.307846108422105, 16.33683100062899',46.307846,16.336831,'2015-10-07 19:51:04','2015-10-09 21:44:12',NULL,'Varaždin, Franjevački trg',NULL,299,0,'id: 12Varaždin, Franjevački trg Franjevački trg empty piazza 4  Excursion Piazza Varaždinska Varazdin 42000 More than 100m2   Agent   SKIP_ON_EMPTY          100 3000  1500 1500    Franjevački trg empty piazza 4  Izleti Trg Varaždinska Varaždin 42000 Više od 100m2   Agent   SKIP_ON_EMPTY          100 3000  1500 1500   ',1,1,NULL,NULL,7,'franjevacki_trg_varazdin.jpg','[\"franjevacki_trg_varazdin.jpg\",\"grgurninski.jpg\"]',0,NULL,NULL,NULL,NULL,NULL,NULL,NULL,NULL,NULL),(13,0,NULL,'46.30303937137864, 16.337136490737976',46.303039,16.337136,'2015-10-08 11:52:34','2015-10-09 21:44:09',NULL,'Varaždin, Aleja kralja Zvonimira',NULL,300,0,'id: 13Varaždin, Aleja kralja Zvonimira Hotel Turist empty hotel 4  Sleeping Hotel Varaždinska Varazdin 42000 More than 100m2   Agent   SKIP_ON_EMPTY         trueParking  1500 1500  1000 1500    Hotel Turist empty hotel 4  Spavanje Hotel Varaždinska Varaždin 42000 Više od 100m2   Agent   SKIP_ON_EMPTY         trueParking  1500 1500  1000 1500   ',1,1,NULL,NULL,0,'hotel_turist2.jpg','[\"hotel_turist2.jpg\",\"hotel_turist_varazdin1.jpg\"]',0,NULL,NULL,NULL,NULL,NULL,NULL,NULL,NULL,NULL),(14,NULL,NULL,'46.30305007989428, 16.329035773016358',46.303050,16.329036,'2015-10-08 12:07:55','2015-10-09 21:44:07',NULL,'Varaždin, Ivana Meštrovića',NULL,301,0,'id: 14Varaždin, Ivana Meštrovića Opća bolnica Varaždin  empty ambulance 3  Emergency Ambulance Varaždinska Varazdin 42000 More than 100m2   Agent   SKIP_ON_EMPTY       0  trueParking  2000 3000  500 1     Opća bolnica Varaždin  empty ambulance 3  Prva pomoć Ambulanta Varaždinska Varaždin 42000 Više od 100m2   Agent   SKIP_ON_EMPTY       0  trueParking  2000 3000  500 1    ',1,1,NULL,NULL,1,'obvarazdin.jpg','[\"obvarazdin.jpg\"]',0,NULL,NULL,NULL,NULL,NULL,NULL,NULL,'::1',NULL),(15,0,NULL,'46.30584457066662, 16.343360722753914',46.305845,16.343361,'2015-10-08 12:30:41','2015-10-09 21:44:05',NULL,'Varaždin, Ul. Ivana Milčetića',NULL,302,0,'id: 15Varaždin, Ul. Ivana Milčetića PU varaždinska empty police 5  Emergency Police Varaždinska Varazdin 42000 More than 100m2   Agent   SKIP_ON_EMPTY         trueParking  1500 1000  2000 2500    PU varaždinska empty police 5  Prva pomoć Policija Varaždinska Varaždin 42000 Više od 100m2   Agent   SKIP_ON_EMPTY         trueParking  1500 1000  2000 2500   ',1,1,NULL,NULL,0,'postaja_prometne_policije_varazdin.JPG','[\"postaja_prometne_policije_varazdin.JPG\"]',0,NULL,NULL,NULL,NULL,NULL,NULL,NULL,NULL,NULL),(16,0,NULL,'46.30424103580055, 16.334654351312224',46.304241,16.334654,'2015-10-08 12:44:24','2015-10-09 21:44:03',NULL,'Varaždin, Ul. Zrinskih i Frankopana',NULL,303,0,'id: 16Varaždin, Ul. Zrinskih i Frankopana AP Varaždin empty bus 4  Transport Bus station Varaždinska Varazdin 42000 More than 100m2   Agent   SKIP_ON_EMPTY         trueParking  1000 3000  1 500    AP Varaždin empty bus 4  Prijevoz Autobus Varaždinska Varaždin 42000 Više od 100m2   Agent   SKIP_ON_EMPTY         trueParking  1000 3000  1 500   ',1,1,NULL,NULL,0,'ap_varazdin.jpg','[\"ap_varazdin.jpg\"]',0,NULL,NULL,NULL,NULL,NULL,NULL,NULL,NULL,NULL),(17,NULL,NULL,'46.305705606463086, 16.346228316949464',46.305706,16.346228,'2015-10-08 12:59:03','2015-10-09 21:44:01',NULL,'Varaždin, Kolodvorska',NULL,304,0,'id: 17Varaždin, Kolodvorska HŽ Putnički prijevoz  empty train 4  Transport Train station Varaždinska Varazdin 42000 More than 100m2   Agent   SKIP_ON_EMPTY       0  trueParking  2000 1  3000 3500     HŽ Putnički prijevoz  empty train 4  Prijevoz Vlak Varaždinska Varaždin 42000 Više od 100m2   Agent   SKIP_ON_EMPTY       0  trueParking  2000 1  3000 3500    ',1,1,NULL,NULL,2,'hz_varazdin.jpg','[\"hz_varazdin.jpg\"]',0,NULL,NULL,NULL,NULL,NULL,NULL,NULL,'::1',NULL),(18,0,NULL,'46.31010502956418, 16.32582381855468',46.310105,16.325824,'2015-10-08 17:18:03','2015-10-09 21:43:59',NULL,'Varaždin, Hallerova aleja',NULL,305,1,'id: 18Varaždin, Hallerova aleja Cemetery empty sights 5  Excursion Sights Varaždinska Varazdin 42000 More than 100m2   Agent   SKIP_ON_EMPTY         trueParking  1500 3000  2000 2000    Varaždinsko groblje empty sights 5  Izleti Znamenitost Varaždinska Varaždin 42000 Više od 100m2   Agent   SKIP_ON_EMPTY         trueParking  1500 3000  2000 2000   ',1,1,NULL,NULL,100,'groblje_varazdin1.jpg','[\"groblje_varazdin1.jpg\",\"groglje_varazdin.jpg\"]',0,NULL,NULL,NULL,NULL,NULL,NULL,NULL,NULL,NULL),(19,NULL,NULL,'46.30710626976297, 16.33991747672121',46.307106,16.339917,'2015-10-08 17:38:32','2015-10-09 21:43:57',NULL,'Varaždin, Alojzija Stepinca',NULL,306,0,'id: 19Varaždin, Alojzija Stepinca Restoran Angelus  empty restaurant 5  Food and drink Restaurant Varaždinska Varazdin 42000 More than 100m2   Agent   SKIP_ON_EMPTY       0  trueParking  100 700  1000 1500    retro-old Restoran Angelus  empty restaurant 5  Hrana i piće Restoran Varaždinska Varaždin 42000 Više od 100m2   Agent   SKIP_ON_EMPTY       0  trueParking  100 700  1000 1500    stari-retro',1,1,NULL,NULL,3,'restoranangelus.jpg','[\"restoranangelus.jpg\",\"angelus1.jpg\"]',0,NULL,NULL,NULL,NULL,NULL,NULL,NULL,'::1',NULL),(20,NULL,NULL,'46.30959069055511, 16.340387731213355',46.309591,16.340388,'2015-10-08 18:10:02','2015-10-09 21:42:24',NULL,'Varaždin, Ivana Kukuljevića Sakcinskog',NULL,307,0,'id: 20Varaždin, Ivana Kukuljevića Sakcinskog Six  empty bakery 5  Food and drink Bakery Varaždinska Varazdin 42000 50-100m2   Agent   SKIP_ON_EMPTY       0  trueParking  50 2000  2000 2500     Slastičarnica Šest  empty bakery 5  Hrana i piće Slastičarna Varaždinska Varaždin 42000 50-100m2   Agent   SKIP_ON_EMPTY       0  trueParking  50 2000  2000 2500    ',1,1,NULL,NULL,2,'slasticarnica_sest.jpg','[\"slasticarnica_sest.jpg\"]',0,NULL,NULL,NULL,NULL,NULL,NULL,NULL,'::1',NULL);

--
-- Table structure for table `property_lang`
--

DROP TABLE IF EXISTS `property_lang`;
/*!40101 SET @saved_cs_client     = @@character_set_client */;
/*!40101 SET character_set_client = utf8 */;
CREATE TABLE `property_lang` (
  `l_id` int(11) NOT NULL AUTO_INCREMENT,
  `property_id` int(11) NOT NULL,
  `language_id` int(11) NOT NULL,
  `json_object` text COLLATE utf8_unicode_ci,
  `field_36_int` int(11) DEFAULT NULL COMMENT 'Sale price',
  `field_37_int` int(11) DEFAULT NULL COMMENT 'Rent price (excl)',
  `field_55_int` int(11) DEFAULT NULL COMMENT 'Rent price (incl)',
  `field_19_int` int(11) DEFAULT NULL,
  `field_20_int` int(11) DEFAULT NULL,
  `field_58_int` int(11) DEFAULT NULL,
  `field_57_int` int(11) DEFAULT NULL,
  `field_56_int` int(11) DEFAULT NULL,
  `field_59_int` int(11) DEFAULT NULL,
  `field_4` varchar(200) COLLATE utf8_unicode_ci DEFAULT NULL,
  `field_2` varchar(200) COLLATE utf8_unicode_ci DEFAULT NULL,
  `field_5` varchar(200) COLLATE utf8_unicode_ci DEFAULT NULL,
  `field_7` varchar(200) COLLATE utf8_unicode_ci DEFAULT NULL,
  `field_44_int` int(11) DEFAULT NULL,
  PRIMARY KEY (`l_id`),
  KEY `fk_property_lang_property1_idx` (`property_id`),
  KEY `fk_property_lang_language1_idx` (`language_id`),
  CONSTRAINT `fk_property_lang_language1` FOREIGN KEY (`language_id`) REFERENCES `language` (`id`) ON DELETE NO ACTION ON UPDATE NO ACTION,
  CONSTRAINT `fk_property_lang_property1` FOREIGN KEY (`property_id`) REFERENCES `property` (`id`) ON DELETE NO ACTION ON UPDATE NO ACTION
) ENGINE=InnoDB AUTO_INCREMENT=211 DEFAULT CHARSET=utf8 COLLATE=utf8_unicode_ci;
/*!40101 SET character_set_client = @saved_cs_client */;

--
-- Dumping data for table `property_lang`
--

INSERT INTO `property_lang` VALUES (171,18,1,'{\"field_10\":\"Cemetery\",\"field_8\":\"The cemetery was protected in 1966 as a monument of garden architecture.\",\"field_17\":\"The cemetery was protected in 1966 as a monument of garden architecture and the cemetery as a whole, with special note to protect the old tombstones and monuments from the late 18th and 19th centuries, and the burial chapel.\",\"field_38\":\"empty\",\"field_6\":\"sights\",\"field_56\":\"5\",\"field_1\":\"0\",\"field_4\":\"Excursion\",\"field_2\":\"Sights\",\"field_5\":\"Varaždinska\",\"field_7\":\"Varazdin\",\"field_40\":\"42000\",\"field_3\":\"More than 100m2\",\"field_36\":\"\",\"field_37\":\"\",\"field_54\":\"Agent\",\"field_66\":\"0\",\"field_67\":\"\",\"field_68\":\"\",\"field_69\":\"\",\"field_70\":\"\",\"field_71\":\"\",\"field_72\":\"\",\"field_73\":\"\",\"field_21\":\"0\",\"field_52\":\"0\",\"field_64\":\"Croatia - Krapinsko-Zagorska -\",\"field_27\":\"0\",\"field_32\":\"true\",\"field_43\":\"0\",\"field_44\":\"1500\",\"field_45\":\"3000\",\"field_46\":\"\",\"field_47\":\"2000\",\"field_48\":\"2000\",\"field_9\":\"0\",\"field_12\":\"\",\"field_42\":\"0\"}',NULL,NULL,NULL,NULL,NULL,NULL,NULL,5,NULL,'Excursion','Sights','Varaždinska','Varazdin',1500),(172,18,2,'{\"field_10\":\"Varaždinsko groblje\",\"field_8\":\"Groblje je zaštićeno 1966. godine kao spomenik vrtne arhitekture.\",\"field_17\":\"Groblje je zaštićeno 1966. godine kao spomenik vrtne arhitekture i groblje kao cjelina, uz posebnu napomenu da se zaštićuju stare nadgrobne ploče i spomenici iz kraja 18. i 19. stoljeća te grobne kapele.\",\"field_38\":\"empty\",\"field_6\":\"sights\",\"field_56\":\"5\",\"field_1\":\"0\",\"field_4\":\"Izleti\",\"field_2\":\"Znamenitost\",\"field_5\":\"Varaždinska\",\"field_7\":\"Varaždin\",\"field_40\":\"42000\",\"field_3\":\"Više od 100m2\",\"field_36\":\"\",\"field_37\":\"\",\"field_54\":\"Agent\",\"field_66\":\"0\",\"field_67\":\"\",\"field_68\":\"\",\"field_69\":\"\",\"field_70\":\"\",\"field_71\":\"\",\"field_72\":\"\",\"field_73\":\"\",\"field_21\":\"0\",\"field_52\":\"0\",\"field_64\":\"Croatia - Krapinsko-Zagorska -\",\"field_27\":\"0\",\"field_32\":\"true\",\"field_43\":\"0\",\"field_44\":\"1500\",\"field_45\":\"3000\",\"field_46\":\"\",\"field_47\":\"2000\",\"field_48\":\"2000\",\"field_9\":\"0\",\"field_12\":\"\",\"field_42\":\"0\"}',NULL,NULL,NULL,NULL,NULL,NULL,NULL,5,NULL,'Izleti','Znamenitost','Varaždinska','Varaždin',1500),(173,11,1,'{\"field_10\":\"Center, Korzo\",\"field_8\":\"<font face=\\\"Arial, Verdana\\\"><span style=\\\"font-size: 13.3333px;\\\">King Tomislav Square Varazdin central square called Korzo<\\/span><\\/font><span style=\\\"font-size: 13.3333px; font-family: Arial, Verdana;\\\">.<\\/span>\",\"field_17\":\"<font face=\\\"Arial, Verdana\\\"><span style=\\\"font-size: 13.3333px;\\\">King Tomislav Square Varazdin central square called Korzo, the hall, the cathedral university and other sights.<\\/span><\\/font>\",\"field_38\":\"empty\",\"field_6\":\"piazza\",\"field_56\":\"4\",\"field_1\":\"0\",\"field_4\":\"Excursion\",\"field_2\":\"Piazza\",\"field_5\":\"Varaždinska\",\"field_7\":\"Varazdin\",\"field_40\":\"42000\",\"field_3\":\"More than 100m2\",\"field_36\":\"\",\"field_37\":\"\",\"field_54\":\"Agent\",\"field_66\":\"0\",\"field_67\":\"\",\"field_68\":\"\",\"field_69\":\"\",\"field_70\":\"\",\"field_71\":\"\",\"field_72\":\"\",\"field_73\":\"\",\"field_21\":\"0\",\"field_52\":\"0\",\"field_64\":\"Croatia - Dubrovacko-Neretvanska -\",\"field_27\":\"0\",\"field_32\":\"0\",\"field_43\":\"0\",\"field_44\":\"1\",\"field_45\":\"2000\",\"field_46\":\"\",\"field_47\":\"1500\",\"field_48\":\"1500\",\"field_9\":\"0\",\"field_12\":\"\",\"field_42\":\"0\"}',NULL,NULL,NULL,NULL,NULL,NULL,NULL,4,NULL,'Excursion','Piazza','Varaždinska','Varazdin',1),(174,11,2,'{\"field_10\":\"Korzo\",\"field_8\":\"Trg Kralja Tomislava centralni varaždinski trg takozvai Korzo.\",\"field_17\":\"<span style=\\\"font-size: 13.3333px;\\\">Trg Kralja Tomislava centralni varaždinski trg takozvai Korzo, s vječnicom, katedralom fakultetom i drugom znamenitostima.<\\/span>\",\"field_38\":\"empty\",\"field_6\":\"piazza\",\"field_56\":\"4\",\"field_1\":\"0\",\"field_4\":\"Izleti\",\"field_2\":\"Trg\",\"field_5\":\"Varaždinska\",\"field_7\":\"Varaždin\",\"field_40\":\"42000\",\"field_3\":\"Više od 100m2\",\"field_36\":\"\",\"field_37\":\"\",\"field_54\":\"Agent\",\"field_66\":\"0\",\"field_67\":\"\",\"field_68\":\"\",\"field_69\":\"\",\"field_70\":\"\",\"field_71\":\"\",\"field_72\":\"\",\"field_73\":\"\",\"field_21\":\"0\",\"field_52\":\"0\",\"field_64\":\"Croatia - Dubrovacko-Neretvanska -\",\"field_27\":\"0\",\"field_32\":\"0\",\"field_43\":\"0\",\"field_44\":\"1\",\"field_45\":\"2000\",\"field_46\":\"\",\"field_47\":\"1500\",\"field_48\":\"1500\",\"field_9\":\"0\",\"field_12\":\"\",\"field_42\":\"0\"}',NULL,NULL,NULL,NULL,NULL,NULL,NULL,4,NULL,'Izleti','Trg','Varaždinska','Varaždin',1),(175,4,1,'{\"field_10\":\"Domenico\",\"field_8\":\"<span id=\\\"result_box\\\" class=\\\"\\\" lang=\\\"en\\\"><span class=\\\"hps\\\">Restaurant<\\/span> <span class=\\\"hps\\\">and<\\/span> <span class=\\\"hps\\\">Pizzeria<\\/span> with <span class=\\\"hps\\\">pleasant atmosphere<\\/span> and<span class=\\\"hps alt-edited\\\"> view to the<\\/span> <span class=\\\"hps\\\">park<\\/span><span class=\\\"\\\">.<\\/span><\\/span>\",\"field_17\":\"<span id=\\\"result_box\\\" class=\\\"\\\" lang=\\\"en\\\"><span class=\\\"hps\\\">Restaurant<\\/span> <span class=\\\"hps\\\">and<\\/span> <span class=\\\"hps\\\">Pizzeria<\\/span> with <span class=\\\"hps\\\">pleasant atmosphere<\\/span> and<span class=\\\"hps alt-edited\\\"> view to the<\\/span> <span class=\\\"hps\\\">park<\\/span><span class=\\\"\\\">.<\\/span><\\/span>\",\"field_38\":\"empty\",\"field_6\":\"restaurant\",\"field_56\":\"5\",\"field_1\":\"0\",\"field_4\":\"Food and drink\",\"field_2\":\"Restaurant\",\"field_5\":\"Varaždinska\",\"field_7\":\"Varazdin\",\"field_40\":\"42000\",\"field_3\":\"More than 100m2\",\"field_36\":\"\",\"field_37\":\"\",\"field_54\":\"Agent\",\"field_66\":\"0\",\"field_67\":\"\",\"field_68\":\"\",\"field_69\":\"\",\"field_70\":\"\",\"field_71\":\"\",\"field_72\":\"\",\"field_73\":\"\",\"field_21\":\"0\",\"field_52\":\"0\",\"field_64\":\"Croatia - Medimurska -\",\"field_27\":\"0\",\"field_32\":\"0\",\"field_43\":\"0\",\"field_44\":\"300\",\"field_45\":\"1300\",\"field_46\":\"\",\"field_47\":\"500\",\"field_48\":\"1000\",\"field_9\":\"0\",\"field_12\":\"\",\"field_42\":\"0\"}',NULL,NULL,NULL,NULL,NULL,NULL,NULL,5,NULL,'Food and drink','Restaurant','Varaždinska','Varazdin',300),(176,4,2,'{\"field_10\":\"Domenico\",\"field_8\":\"Restoran i Pizzeria ugodnog ambijenta s pogledom na Park.<br>\",\"field_17\":\"Restoran i Pizzeria ugodnog ambijenta s pogledom na Park.\",\"field_38\":\"empty\",\"field_6\":\"restaurant\",\"field_56\":\"5\",\"field_1\":\"0\",\"field_4\":\"Hrana i piće\",\"field_2\":\"Restoran\",\"field_5\":\"Varaždinska\",\"field_7\":\"Varaždin\",\"field_40\":\"42000\",\"field_3\":\"Više od 100m2\",\"field_36\":\"\",\"field_37\":\"\",\"field_54\":\"Agent\",\"field_66\":\"0\",\"field_67\":\"\",\"field_68\":\"\",\"field_69\":\"\",\"field_70\":\"\",\"field_71\":\"\",\"field_72\":\"\",\"field_73\":\"\",\"field_21\":\"0\",\"field_52\":\"0\",\"field_64\":\"Croatia - Medimurska -\",\"field_27\":\"0\",\"field_32\":\"0\",\"field_43\":\"0\",\"field_44\":\"300\",\"field_45\":\"1300\",\"field_46\":\"\",\"field_47\":\"500\",\"field_48\":\"1000\",\"field_9\":\"0\",\"field_12\":\"\",\"field_42\":\"0\"}',NULL,NULL,NULL,NULL,NULL,NULL,NULL,5,NULL,'Hrana i piće','Restoran','Varaždinska','Varaždin',300),(177,2,1,'{\"field_10\":\"The Old Town\",\"field_8\":\"The Old Town keep is one of the biggest monuments in the city of Varaždin.\",\"field_17\":\"The Old Town keep is one of the biggest monuments in the city of \\r\\nVaraždin and one of its biggest tourist attractions. It is located in \\r\\nthe north-western section of the city core. Today the keep houses the \\r\\nVaraždin City Museum.\\r\\n<br><br>\\r\\nThe keep is first mentioned in the 12th century and it is believed to be\\r\\n the center of Varaždin county life. The keep underwent numerous \\r\\nownership changes and reconstructions over the centuries.\",\"field_38\":\"empty\",\"field_6\":\"sights\",\"field_56\":\"5\",\"field_1\":\"0\",\"field_4\":\"Excursion\",\"field_2\":\"Sights\",\"field_5\":\"Varaždinska\",\"field_7\":\"Varazdin\",\"field_40\":\"42000\",\"field_3\":\"More than 100m2\",\"field_36\":\"\",\"field_37\":\"\",\"field_54\":\"Agent\",\"field_66\":\"0\",\"field_67\":\"\",\"field_68\":\"\",\"field_69\":\"\",\"field_70\":\"\",\"field_71\":\"\",\"field_72\":\"\",\"field_73\":\"\",\"field_21\":\"0\",\"field_52\":\"0\",\"field_64\":\"Croatia - Brodsko-Posavska -\",\"field_27\":\"0\",\"field_32\":\"0\",\"field_43\":\"0\",\"field_44\":\"50\",\"field_45\":\"2000\",\"field_46\":\"\",\"field_47\":\"500\",\"field_48\":\"1000\",\"field_9\":\"0\",\"field_12\":\"\",\"field_42\":\"0\"}',NULL,NULL,NULL,NULL,NULL,NULL,NULL,5,NULL,'Excursion','Sights','Varaždinska','Varazdin',50),(178,2,2,'{\"field_10\":\"Stari Grad\",\"field_8\":\"Najveća znamenitost Varaždina je tvrđava zvana Stari grad.\",\"field_17\":\"Najveća znamenitost Varaždina je tvrđava zvana Stari grad. Nalazi se na sjeverozapadnom obodu gradske jezgre, a danas je u njoj smješten Gradski muzej Varaždin.<br \\/>\\r\\n<br \\/>\\r\\nTvrđava se prvi put spominje u 12. stoljeću i vjeruje se da je tada bila sjedište varaždinskih župana. Krajem 14. stoljeća dolazi u vlasništvo grofova Celjskih koji je pregrađuju u gotičkom stilu.\",\"field_38\":\"empty\",\"field_6\":\"sights\",\"field_56\":\"5\",\"field_1\":\"0\",\"field_4\":\"Izleti\",\"field_2\":\"Znamenitost\",\"field_5\":\"Varaždinska\",\"field_7\":\"Varaždin\",\"field_40\":\"42000\",\"field_3\":\"Više od 100m2\",\"field_36\":\"\",\"field_37\":\"\",\"field_54\":\"Agent\",\"field_66\":\"0\",\"field_67\":\"\",\"field_68\":\"\",\"field_69\":\"\",\"field_70\":\"\",\"field_71\":\"\",\"field_72\":\"\",\"field_73\":\"\",\"field_21\":\"0\",\"field_52\":\"0\",\"field_64\":\"Croatia - Brodsko-Posavska -\",\"field_27\":\"0\",\"field_32\":\"0\",\"field_43\":\"0\",\"field_44\":\"50\",\"field_45\":\"2000\",\"field_46\":\"\",\"field_47\":\"500\",\"field_48\":\"1000\",\"field_9\":\"0\",\"field_12\":\"\",\"field_42\":\"0\"}',NULL,NULL,NULL,NULL,NULL,NULL,NULL,5,NULL,'Izleti','Znamenitost','Varaždinska','Varaždin',50),(179,1,1,'{\"field_10\":\"Promenade Vatroslava Jagica\",\"field_78\":\"\",\"field_8\":\"<span id=\\\"result_box\\\" class=\\\"short_text\\\" lang=\\\"en\\\"><span class=\\\"hps\\\">Varazdin<\\/span> <span class=\\\"hps\\\">park<\\/span> <span class=\\\"hps\\\">near<\\/span> <span class=\\\"hps\\\">the<\\/span> <span class=\\\"hps\\\">center<\\/span><span>,<\\/span> <span class=\\\"hps\\\">a must<\\/span> <span class=\\\"hps\\\">for<\\/span> <span class=\\\"hps alt-edited\\\">walkers<\\/span><span class=\\\"\\\">.<\\/span><\\/span>\",\"field_17\":\"<span id=\\\"result_box\\\" class=\\\"short_text\\\" lang=\\\"en\\\"><span class=\\\"hps\\\">Varazdin<\\/span> <span class=\\\"hps\\\">park<\\/span> <span class=\\\"hps\\\">near<\\/span> <span class=\\\"hps\\\">the<\\/span> <span class=\\\"hps\\\">center<\\/span><span>,<\\/span> <span class=\\\"hps\\\">a must<\\/span> <span class=\\\"hps\\\">for<\\/span> <span class=\\\"hps alt-edited\\\">walkers<\\/span><span class=\\\"\\\">.<\\/span><\\/span>\",\"field_38\":\"empty\",\"field_6\":\"park\",\"field_56\":\"5\",\"field_1\":\"0\",\"field_4\":\"Excursion\",\"field_2\":\"Park\",\"field_5\":\"Varaždinska\",\"field_7\":\"Varazdin\",\"field_40\":\"42000\",\"field_3\":\"More than 100m2\",\"field_36\":\"\",\"field_37\":\"\",\"field_54\":\"Agent\",\"field_66\":\"0\",\"field_67\":\"\",\"field_68\":\"\",\"field_69\":\"\",\"field_70\":\"\",\"field_71\":\"\",\"field_72\":\"\",\"field_73\":\"\",\"field_21\":\"0\",\"field_52\":\"0\",\"field_64\":\"Croatia - Primorsko-Goranska -\",\"field_27\":\"0\",\"field_32\":\"true\",\"field_43\":\"0\",\"field_44\":\"20\",\"field_45\":\"500\",\"field_46\":\"\",\"field_47\":\"500\",\"field_48\":\"1000\",\"field_9\":\"0\",\"field_12\":\"\",\"field_42\":\"0\"}',NULL,NULL,NULL,NULL,NULL,NULL,NULL,5,NULL,'Excursion','Park','Varaždinska','Varazdin',20),(180,1,2,'{\"field_10\":\"Šetalište Vatroslava Jagića\",\"field_78\":\"\",\"field_8\":\"Varaždinski park pokraj samog Centra, nezaobilazan za šetače.<br>\",\"field_17\":\"Varaždinski park pokraj samog Centra, nezaobilazan za šetače.\",\"field_38\":\"empty\",\"field_6\":\"park\",\"field_56\":\"5\",\"field_1\":\"0\",\"field_4\":\"Izleti\",\"field_2\":\"Park\",\"field_5\":\"Varaždinska\",\"field_7\":\"Varaždin\",\"field_40\":\"42000\",\"field_3\":\"Više od 100m2\",\"field_36\":\"\",\"field_37\":\"\",\"field_54\":\"Agent\",\"field_66\":\"0\",\"field_67\":\"\",\"field_68\":\"\",\"field_69\":\"\",\"field_70\":\"\",\"field_71\":\"\",\"field_72\":\"\",\"field_73\":\"\",\"field_21\":\"0\",\"field_52\":\"0\",\"field_64\":\"Croatia - Primorsko-Goranska -\",\"field_27\":\"0\",\"field_32\":\"true\",\"field_43\":\"0\",\"field_44\":\"20\",\"field_45\":\"500\",\"field_46\":\"\",\"field_47\":\"500\",\"field_48\":\"1000\",\"field_9\":\"0\",\"field_12\":\"\",\"field_42\":\"0\"}',NULL,NULL,NULL,NULL,NULL,NULL,NULL,5,NULL,'Izleti','Park','Varaždinska','Varaždin',20),(181,20,1,'{\"field_10\":\"Six\",\"field_78\":\"\",\"field_8\":\"<span style=\\\"font-size: 13.3333px;\\\">It offers a wide selection of pastries, cakes, ice cream and desserts.<\\/span>\",\"field_17\":\"<font face=\\\"Arial, Verdana\\\"><span style=\\\"font-size: 13.3333px;\\\">It offers a wide selection of pastries, cakes, ice cream and desserts, all offered sweets can try on the spot in the pastry with coffee or your favorite drink.<\\/span><\\/font>\",\"field_38\":\"empty\",\"field_6\":\"bakery\",\"field_56\":\"5\",\"field_1\":\"\",\"field_4\":\"Food and drink\",\"field_2\":\"Bakery\",\"field_5\":\"Varaždinska\",\"field_7\":\"Varazdin\",\"field_40\":\"42000\",\"field_3\":\"50-100m2\",\"field_36\":\"\",\"field_37\":\"\",\"field_54\":\"Agent\",\"field_66\":\"\",\"field_67\":\"\",\"field_68\":\"\",\"field_69\":\"\",\"field_70\":\"\",\"field_71\":\"\",\"field_72\":\"\",\"field_73\":\"\",\"field_21\":\"\",\"field_64\":\"Croatia - Vukovarsko-Srijemska -\",\"field_52\":\"\",\"field_27\":\"\",\"field_32\":\"true\",\"field_43\":\"\",\"field_44\":\"50\",\"field_45\":\"2000\",\"field_46\":\"\",\"field_47\":\"2000\",\"field_48\":\"2500\",\"field_9\":\"\",\"field_12\":\"\",\"field_42\":\"\"}',NULL,NULL,NULL,NULL,NULL,NULL,NULL,5,NULL,'Food and drink','Bakery','Varaždinska','Varazdin',50),(182,20,2,'{\"field_10\":\"Slastičarnica Šest\",\"field_78\":\"\",\"field_8\":\"Nudi širok izbor kolača, torti, sladoleda i ostalih slastica.\",\"field_17\":\"<span style=\\\"font-size: 13.3333px;\\\">Nudi širok izbor kolača, torti, sladoleda i ostalih slastica, sve ponuđene slastice možete isprobati na licu mjesta u samoj slastičarni uz kavu ili svoje omiljeno piće.<\\/span>\",\"field_38\":\"empty\",\"field_6\":\"bakery\",\"field_56\":\"5\",\"field_1\":\"\",\"field_4\":\"Hrana i piće\",\"field_2\":\"Slastičarna\",\"field_5\":\"Varaždinska\",\"field_7\":\"Varaždin\",\"field_40\":\"42000\",\"field_3\":\"50-100m2\",\"field_36\":\"\",\"field_37\":\"\",\"field_54\":\"Agent\",\"field_66\":\"\",\"field_67\":\"\",\"field_68\":\"\",\"field_69\":\"\",\"field_70\":\"\",\"field_71\":\"\",\"field_72\":\"\",\"field_73\":\"\",\"field_21\":\"\",\"field_64\":\"Croatia - Vukovarsko-Srijemska -\",\"field_52\":\"\",\"field_27\":\"\",\"field_32\":\"true\",\"field_43\":\"\",\"field_44\":\"50\",\"field_45\":\"2000\",\"field_46\":\"\",\"field_47\":\"2000\",\"field_48\":\"2500\",\"field_9\":\"\",\"field_12\":\"\",\"field_42\":\"\"}',NULL,NULL,NULL,NULL,NULL,NULL,NULL,5,NULL,'Hrana i piće','Slastičarna','Varaždinska','Varaždin',50),(183,19,1,'{\"field_10\":\"Restoran Angelus\",\"field_78\":\"\",\"field_8\":\"Modern and creative indigenous-Mediterranean cuisine.&nbsp;\",\"field_17\":\"Modern and creative indigenous-Mediterranean cuisine, which welcomes its guests expresses a very warm and cozy atmosphere and specific rusticity space. The needs and desires of their guests try to meet a selection of quality and fresh ingredients, and a lavish selection of soups, pastas, risottos, meat dishes, salads and desserts in our offer you will find many dishes suitable for vegetarians.\",\"field_38\":\"empty\",\"field_6\":\"restaurant\",\"field_56\":\"5\",\"field_1\":\"\",\"field_4\":\"Food and drink\",\"field_2\":\"Restaurant\",\"field_5\":\"Varaždinska\",\"field_7\":\"Varazdin\",\"field_40\":\"42000\",\"field_3\":\"More than 100m2\",\"field_36\":\"\",\"field_37\":\"\",\"field_54\":\"Agent\",\"field_66\":\"\",\"field_67\":\"\",\"field_68\":\"\",\"field_69\":\"\",\"field_70\":\"\",\"field_71\":\"\",\"field_72\":\"\",\"field_73\":\"\",\"field_21\":\"\",\"field_64\":\"Croatia - Osjecko-Baranjska -\",\"field_52\":\"\",\"field_27\":\"\",\"field_32\":\"true\",\"field_43\":\"\",\"field_44\":\"100\",\"field_45\":\"700\",\"field_46\":\"\",\"field_47\":\"1000\",\"field_48\":\"1500\",\"field_9\":\"\",\"field_12\":\"\",\"field_42\":\"\"}',NULL,NULL,NULL,NULL,NULL,NULL,NULL,5,NULL,'Food and drink','Restaurant','Varaždinska','Varazdin',100),(184,19,2,'{\"field_10\":\"Restoran Angelus\",\"field_78\":\"\",\"field_8\":\"Moderna i kreativna autohtono-mediteranska kuhinja.\",\"field_17\":\"Moderna i kreativna autohtono-mediteranska kuhinja koja dobrodošlicu svojim gostima izražava iznimno toplom i ugodnom atmosferom te specifičnim rustikalnim uređenjem prostora. Potrebe i želje svojih gostiju nastojimo zadovoljiti izborom kvalitetnih i svježih namirnica, odnosno raskošnom ponudom juha, tjestenina, rižota, mesnih specijaliteta, salata i slastica, a u našoj ponudi naći ćete i mnoga jela pogodna za vegetarijance.\",\"field_38\":\"empty\",\"field_6\":\"restaurant\",\"field_56\":\"5\",\"field_1\":\"\",\"field_4\":\"Hrana i piće\",\"field_2\":\"Restoran\",\"field_5\":\"Varaždinska\",\"field_7\":\"Varaždin\",\"field_40\":\"42000\",\"field_3\":\"Više od 100m2\",\"field_36\":\"\",\"field_37\":\"\",\"field_54\":\"Agent\",\"field_66\":\"\",\"field_67\":\"\",\"field_68\":\"\",\"field_69\":\"\",\"field_70\":\"\",\"field_71\":\"\",\"field_72\":\"\",\"field_73\":\"\",\"field_21\":\"\",\"field_64\":\"Croatia - Osjecko-Baranjska -\",\"field_52\":\"\",\"field_27\":\"\",\"field_32\":\"true\",\"field_43\":\"\",\"field_44\":\"100\",\"field_45\":\"700\",\"field_46\":\"\",\"field_47\":\"1000\",\"field_48\":\"1500\",\"field_9\":\"\",\"field_12\":\"\",\"field_42\":\"\"}',NULL,NULL,NULL,NULL,NULL,NULL,NULL,5,NULL,'Hrana i piće','Restoran','Varaždinska','Varaždin',100),(185,17,1,'{\"field_10\":\"HŽ Putnički prijevoz\",\"field_78\":\"\",\"field_8\":\"Activity Railways Passenger Transport in the first place is the public transport of passengers in domestic and international railway transport.\",\"field_17\":\"Activity Railways Passenger Transport in the first place is the public transport of passengers in domestic and international railway transport. This implies linking rail urban centers and local areas in Croatia with metropolitan and other urban centers in Europe and mass transport passengers within the major cities and suburban areas.\",\"field_38\":\"empty\",\"field_6\":\"train\",\"field_56\":\"4\",\"field_1\":\"\",\"field_4\":\"Transport\",\"field_2\":\"Train station\",\"field_5\":\"Varaždinska\",\"field_7\":\"Varazdin\",\"field_40\":\"42000\",\"field_3\":\"More than 100m2\",\"field_36\":\"\",\"field_37\":\"\",\"field_54\":\"Agent\",\"field_66\":\"\",\"field_67\":\"\",\"field_68\":\"\",\"field_69\":\"\",\"field_70\":\"\",\"field_71\":\"\",\"field_72\":\"\",\"field_73\":\"\",\"field_21\":\"\",\"field_64\":\"Croatia - Koprivničko-Križevačka -\",\"field_52\":\"\",\"field_27\":\"\",\"field_32\":\"true\",\"field_43\":\"\",\"field_44\":\"2000\",\"field_45\":\"1\",\"field_46\":\"\",\"field_47\":\"3000\",\"field_48\":\"3500\",\"field_9\":\"\",\"field_12\":\"\",\"field_42\":\"\"}',NULL,NULL,NULL,NULL,NULL,NULL,NULL,4,NULL,'Transport','Train station','Varaždinska','Varazdin',2000),(186,17,2,'{\"field_10\":\"HŽ Putnički prijevoz\",\"field_78\":\"\",\"field_8\":\"Djelatnost HŽ Putničkoga prijevoza u prvom redu jest obavljanje javnoga prijevoza putnika u unutarnjem i međunarodnom željezničkom prijevozu.\",\"field_17\":\"Djelatnost HŽ Putničkoga prijevoza u prvom redu jest obavljanje javnoga prijevoza putnika u unutarnjem i međunarodnom željezničkom prijevozu. Pod time se podrazumijeva povezivanje željeznicom gradskih središta i lokalnih sredina u Hrvatskoj s metropolskim i drugim gradskim središtima u Europi te masovan prijevoz putnika unutar većih gradova i prigradskih područja.\",\"field_38\":\"empty\",\"field_6\":\"train\",\"field_56\":\"4\",\"field_1\":\"\",\"field_4\":\"Prijevoz\",\"field_2\":\"Vlak\",\"field_5\":\"Varaždinska\",\"field_7\":\"Varaždin\",\"field_40\":\"42000\",\"field_3\":\"Više od 100m2\",\"field_36\":\"\",\"field_37\":\"\",\"field_54\":\"Agent\",\"field_66\":\"\",\"field_67\":\"\",\"field_68\":\"\",\"field_69\":\"\",\"field_70\":\"\",\"field_71\":\"\",\"field_72\":\"\",\"field_73\":\"\",\"field_21\":\"\",\"field_64\":\"Croatia - Koprivničko-Križevačka -\",\"field_52\":\"\",\"field_27\":\"\",\"field_32\":\"true\",\"field_43\":\"\",\"field_44\":\"2000\",\"field_45\":\"1\",\"field_46\":\"\",\"field_47\":\"3000\",\"field_48\":\"3500\",\"field_9\":\"\",\"field_12\":\"\",\"field_42\":\"\"}',NULL,NULL,NULL,NULL,NULL,NULL,NULL,4,NULL,'Prijevoz','Vlak','Varaždinska','Varaždin',2000),(187,16,1,'{\"field_10\":\"AP Varaždin\",\"field_8\":\"both of passengers and cargo\",\"field_17\":\"<span style=\\\"color: rgb(51, 51, 51); font-family: Helvetica, Arial, sans-serif; font-size: 12px; line-height: 17.1429px; background-color: rgb(255, 255, 255);\\\">Autobusni promet d.d. Varaždin je poduzeće s osnovnom djelatnošću prijevoza putnika u domaćem i međunarodnom cestovnom prometu.&nbsp;<\\/span>\",\"field_38\":\"empty\",\"field_6\":\"bus\",\"field_56\":\"4\",\"field_1\":\"0\",\"field_4\":\"Transport\",\"field_2\":\"Bus station\",\"field_5\":\"Varaždinska\",\"field_7\":\"Varazdin\",\"field_40\":\"42000\",\"field_3\":\"More than 100m2\",\"field_36\":\"\",\"field_37\":\"\",\"field_54\":\"Agent\",\"field_66\":\"0\",\"field_67\":\"\",\"field_68\":\"\",\"field_69\":\"\",\"field_70\":\"\",\"field_71\":\"\",\"field_72\":\"\",\"field_73\":\"\",\"field_21\":\"0\",\"field_52\":\"0\",\"field_64\":\"Croatia - Primorsko-Goranska -\",\"field_27\":\"0\",\"field_32\":\"true\",\"field_43\":\"0\",\"field_44\":\"1000\",\"field_45\":\"3000\",\"field_46\":\"\",\"field_47\":\"1\",\"field_48\":\"500\",\"field_9\":\"0\",\"field_12\":\"\",\"field_42\":\"0\"}',NULL,NULL,NULL,NULL,NULL,NULL,NULL,4,NULL,'Transport','Bus station','Varaždinska','Varazdin',1000),(188,16,2,'{\"field_10\":\"AP Varaždin\",\"field_8\":\"<span style=\\\"color: rgb(51, 51, 51); font-family: Helvetica, Arial, sans-serif; font-size: 12px; line-height: 17.1429px;\\\">Bus dd Varazdin is a company with core business of passenger transportation in domestic and international road transport.<\\/span>\",\"field_17\":\"<font color=\\\"#333333\\\" face=\\\"Helvetica, Arial, sans-serif\\\"><span style=\\\"font-size: 12px; line-height: 17.1429px;\\\">Bus dd Varazdin is a company with core business of passenger transportation in domestic and international road transport. Currently, the fleet\'s 125 buses, of which 50 are high-class.<\\/span><\\/font>\",\"field_38\":\"empty\",\"field_6\":\"bus\",\"field_56\":\"4\",\"field_1\":\"0\",\"field_4\":\"Prijevoz\",\"field_2\":\"Autobus\",\"field_5\":\"Varaždinska\",\"field_7\":\"Varaždin\",\"field_40\":\"42000\",\"field_3\":\"Više od 100m2\",\"field_36\":\"\",\"field_37\":\"\",\"field_54\":\"Agent\",\"field_66\":\"0\",\"field_67\":\"\",\"field_68\":\"\",\"field_69\":\"\",\"field_70\":\"\",\"field_71\":\"\",\"field_72\":\"\",\"field_73\":\"\",\"field_21\":\"0\",\"field_52\":\"0\",\"field_64\":\"Croatia - Primorsko-Goranska -\",\"field_27\":\"0\",\"field_32\":\"true\",\"field_43\":\"0\",\"field_44\":\"1000\",\"field_45\":\"3000\",\"field_46\":\"\",\"field_47\":\"1\",\"field_48\":\"500\",\"field_9\":\"0\",\"field_12\":\"\",\"field_42\":\"0\"}',NULL,NULL,NULL,NULL,NULL,NULL,NULL,4,NULL,'Prijevoz','Autobus','Varaždinska','Varaždin',1000),(189,15,1,'{\"field_10\":\"PU varaždinska\",\"field_8\":\"<span style=\\\"font-size: 13.3333px;\\\">In the area of the Police Department monitors, analyzes and prevent a situation of public order, road safety and the issue of misdemeanors and offenses.<\\/span>\",\"field_17\":\"<font face=\\\"Arial, Verdana\\\"><span style=\\\"font-size: 13.3333px;\\\">In the area of the Police Department monitors, analyzes and prevent a situation of public order, road safety and the issue of misdemeanors and offenses. Monitors the state of explosion protection, ensuring public meetings, facilities and people, and organizes professional development for employees.<\\/span><\\/font>\",\"field_38\":\"empty\",\"field_6\":\"police\",\"field_56\":\"5\",\"field_1\":\"0\",\"field_4\":\"Emergency\",\"field_2\":\"Police\",\"field_5\":\"Varaždinska\",\"field_7\":\"Varazdin\",\"field_40\":\"42000\",\"field_3\":\"More than 100m2\",\"field_36\":\"\",\"field_37\":\"\",\"field_54\":\"Agent\",\"field_66\":\"0\",\"field_67\":\"\",\"field_68\":\"\",\"field_69\":\"\",\"field_70\":\"\",\"field_71\":\"\",\"field_72\":\"\",\"field_73\":\"\",\"field_21\":\"0\",\"field_52\":\"0\",\"field_64\":\"Croatia - Karlovacka -\",\"field_27\":\"0\",\"field_32\":\"true\",\"field_43\":\"0\",\"field_44\":\"1500\",\"field_45\":\"1000\",\"field_46\":\"\",\"field_47\":\"2000\",\"field_48\":\"2500\",\"field_9\":\"0\",\"field_12\":\"\",\"field_42\":\"0\"}',NULL,NULL,NULL,NULL,NULL,NULL,NULL,5,NULL,'Emergency','Police','Varaždinska','Varazdin',1500),(190,15,2,'{\"field_10\":\"PU varaždinska\",\"field_8\":\"<div style=\\\"text-align: justify;\\\"><font face=\\\"Arial, sans-serif\\\"><span style=\\\"font-size: 11px; line-height: 17px;\\\">Na području Policijske uprave prati, analizira i prevenira stanje javnog reda, sigurnosti cestovnog prometa te problematiku prijestupa i prekršaja.<\\/span><\\/font><\\/div>\",\"field_17\":\"<span style=\\\"font-family: Arial, sans-serif; font-size: 11px; line-height: 17px; text-align: justify;\\\">Na području Policijske uprave prati, analizira i prevenira stanje javnog reda, sigurnosti cestovnog prometa te problematiku prijestupa i prekršaja. Prati stanje protueksplozijske zaštite, osiguranja javnih okupljanja, objekata i osoba te organizira stručno usavršavanje djelatnika.<\\/span>\",\"field_38\":\"empty\",\"field_6\":\"police\",\"field_56\":\"5\",\"field_1\":\"0\",\"field_4\":\"Prva pomoć\",\"field_2\":\"Policija\",\"field_5\":\"Varaždinska\",\"field_7\":\"Varaždin\",\"field_40\":\"42000\",\"field_3\":\"Više od 100m2\",\"field_36\":\"\",\"field_37\":\"\",\"field_54\":\"Agent\",\"field_66\":\"0\",\"field_67\":\"\",\"field_68\":\"\",\"field_69\":\"\",\"field_70\":\"\",\"field_71\":\"\",\"field_72\":\"\",\"field_73\":\"\",\"field_21\":\"0\",\"field_52\":\"0\",\"field_64\":\"Croatia - Karlovacka -\",\"field_27\":\"0\",\"field_32\":\"true\",\"field_43\":\"0\",\"field_44\":\"1500\",\"field_45\":\"1000\",\"field_46\":\"\",\"field_47\":\"2000\",\"field_48\":\"2500\",\"field_9\":\"0\",\"field_12\":\"\",\"field_42\":\"0\"}',NULL,NULL,NULL,NULL,NULL,NULL,NULL,5,NULL,'Prva pomoć','Policija','Varaždinska','Varaždin',1500),(191,14,1,'{\"field_10\":\"Opća bolnica Varaždin\",\"field_78\":\"\",\"field_8\":\"<font face=\\\"Arial, Verdana\\\"><span style=\\\"font-size: 13.3333px;\\\">The largest hospital in Varazdin County.<\\/span><\\/font>\",\"field_17\":\"<font face=\\\"Arial, Verdana\\\"><span style=\\\"font-size: 13.3333px;\\\">The largest hospital in Varazdin County.<\\/span><\\/font>\",\"field_38\":\"empty\",\"field_6\":\"ambulance\",\"field_56\":\"3\",\"field_1\":\"\",\"field_4\":\"Emergency\",\"field_2\":\"Ambulance\",\"field_5\":\"Varaždinska\",\"field_7\":\"Varazdin\",\"field_40\":\"42000\",\"field_3\":\"More than 100m2\",\"field_36\":\"\",\"field_37\":\"\",\"field_54\":\"Agent\",\"field_66\":\"\",\"field_67\":\"\",\"field_68\":\"\",\"field_69\":\"\",\"field_70\":\"\",\"field_71\":\"\",\"field_72\":\"\",\"field_73\":\"\",\"field_21\":\"\",\"field_64\":\"Croatia - Karlovacka -\",\"field_52\":\"\",\"field_27\":\"\",\"field_32\":\"true\",\"field_43\":\"\",\"field_44\":\"2000\",\"field_45\":\"3000\",\"field_46\":\"\",\"field_47\":\"500\",\"field_48\":\"1\",\"field_9\":\"\",\"field_12\":\"\",\"field_42\":\"\"}',NULL,NULL,NULL,NULL,NULL,NULL,NULL,3,NULL,'Emergency','Ambulance','Varaždinska','Varazdin',2000),(192,14,2,'{\"field_10\":\"Opća bolnica Varaždin\",\"field_78\":\"\",\"field_8\":\"Najveća bolnička ustanova u Varaždinskoj županiji.\",\"field_17\":\"\",\"field_38\":\"empty\",\"field_6\":\"ambulance\",\"field_56\":\"3\",\"field_1\":\"\",\"field_4\":\"Prva pomoć\",\"field_2\":\"Ambulanta\",\"field_5\":\"Varaždinska\",\"field_7\":\"Varaždin\",\"field_40\":\"42000\",\"field_3\":\"Više od 100m2\",\"field_36\":\"\",\"field_37\":\"\",\"field_54\":\"Agent\",\"field_66\":\"\",\"field_67\":\"\",\"field_68\":\"\",\"field_69\":\"\",\"field_70\":\"\",\"field_71\":\"\",\"field_72\":\"\",\"field_73\":\"\",\"field_21\":\"\",\"field_64\":\"Croatia - Karlovacka -\",\"field_52\":\"\",\"field_27\":\"\",\"field_32\":\"true\",\"field_43\":\"\",\"field_44\":\"2000\",\"field_45\":\"3000\",\"field_46\":\"\",\"field_47\":\"500\",\"field_48\":\"1\",\"field_9\":\"\",\"field_12\":\"\",\"field_42\":\"\"}',NULL,NULL,NULL,NULL,NULL,NULL,NULL,3,NULL,'Prva pomoć','Ambulanta','Varaždinska','Varaždin',2000),(193,13,1,'{\"field_10\":\"Hotel Turist\",\"field_8\":\"Tourist Hotel was founded in 1964 on the model of the Varazdin &quot;Grand Hotels&quot;.\",\"field_17\":\"<span style=\\\"font-family: \'Segoe UI\', Arial, sans-serif; font-size: 14px; line-height: 23px; background-color: rgb(255, 255, 255);\\\">Hotel Turist utemeljen je 1964.godine po uzoru na stare varaždinske \\\"grand hotele\\\". S<\\/span><span style=\\\"font-family: \'Segoe UI\', Arial, sans-serif; font-size: 14px; line-height: 23px; background-color: rgb(255, 255, 255);\\\">avršena je destinacija za odmor i relaksaciju, svojim gostima nudi smještaj kapaciteta od 174 ležaja.&nbsp;<\\/span>\",\"field_38\":\"empty\",\"field_6\":\"hotel\",\"field_56\":\"4\",\"field_1\":\"0\",\"field_4\":\"Sleeping\",\"field_2\":\"Hotel\",\"field_5\":\"Varaždinska\",\"field_7\":\"Varazdin\",\"field_40\":\"42000\",\"field_3\":\"More than 100m2\",\"field_36\":\"\",\"field_37\":\"\",\"field_54\":\"Agent\",\"field_66\":\"0\",\"field_67\":\"\",\"field_68\":\"\",\"field_69\":\"\",\"field_70\":\"\",\"field_71\":\"\",\"field_72\":\"\",\"field_73\":\"\",\"field_21\":\"0\",\"field_52\":\"0\",\"field_64\":\"Croatia - Primorsko-Goranska -\",\"field_27\":\"0\",\"field_32\":\"true\",\"field_43\":\"0\",\"field_44\":\"1500\",\"field_45\":\"1500\",\"field_46\":\"\",\"field_47\":\"1000\",\"field_48\":\"1500\",\"field_9\":\"0\",\"field_12\":\"\",\"field_42\":\"0\"}',NULL,NULL,NULL,NULL,NULL,NULL,NULL,4,NULL,'Sleeping','Hotel','Varaždinska','Varazdin',1500),(194,13,2,'{\"field_10\":\"Hotel Turist\",\"field_8\":\"Hotel Turist utemeljen je 1964.godine po uzoru na stare varaždinske \\\"grand hotele\\\".\",\"field_17\":\"<span style=\\\"font-family: \'Segoe UI\', Arial, sans-serif; font-size: 14px; line-height: 23px; background-color: rgb(255, 255, 255);\\\">Hotel Turist utemeljen je 1964.godine po uzoru na stare varaždinske \\\"grand hotele\\\". S<\\/span><span style=\\\"font-family: \'Segoe UI\', Arial, sans-serif; font-size: 14px; line-height: 23px; background-color: rgb(255, 255, 255);\\\">avršena je destinacija za odmor i relaksaciju, svojim gostima nudi smještaj kapaciteta od 174 ležaja.&nbsp;<\\/span>\",\"field_38\":\"empty\",\"field_6\":\"hotel\",\"field_56\":\"4\",\"field_1\":\"0\",\"field_4\":\"Spavanje\",\"field_2\":\"Hotel\",\"field_5\":\"Varaždinska\",\"field_7\":\"Varaždin\",\"field_40\":\"42000\",\"field_3\":\"Više od 100m2\",\"field_36\":\"\",\"field_37\":\"\",\"field_54\":\"Agent\",\"field_66\":\"0\",\"field_67\":\"\",\"field_68\":\"\",\"field_69\":\"\",\"field_70\":\"\",\"field_71\":\"\",\"field_72\":\"\",\"field_73\":\"\",\"field_21\":\"0\",\"field_52\":\"0\",\"field_64\":\"Croatia - Primorsko-Goranska -\",\"field_27\":\"0\",\"field_32\":\"true\",\"field_43\":\"0\",\"field_44\":\"1500\",\"field_45\":\"1500\",\"field_46\":\"\",\"field_47\":\"1000\",\"field_48\":\"1500\",\"field_9\":\"0\",\"field_12\":\"\",\"field_42\":\"0\"}',NULL,NULL,NULL,NULL,NULL,NULL,NULL,4,NULL,'Spavanje','Hotel','Varaždinska','Varaždin',1500),(195,12,1,'{\"field_10\":\"Franjevački trg\",\"field_8\":\"<span style=\\\"font-size: 13.3333px;\\\">On the square are situated a Franciscan monastery and church of St. Ivana Baptist.<\\/span>\",\"field_17\":\"<div><font face=\\\"Arial, Verdana\\\"><span style=\\\"font-size: 13.3333px;\\\">On the square are situated a Franciscan monastery and church of St. Ivana Baptist.<\\/span><\\/font><\\/div><div><font face=\\\"Arial, Verdana\\\"><span style=\\\"font-size: 13.3333px;\\\">Next to the church is the statue of Gregory of Nin, made by Croatian sculptor Ivan Mestrovic.<\\/span><\\/font><\\/div>\",\"field_38\":\"empty\",\"field_6\":\"piazza\",\"field_56\":\"4\",\"field_1\":\"0\",\"field_4\":\"Excursion\",\"field_2\":\"Piazza\",\"field_5\":\"Varaždinska\",\"field_7\":\"Varazdin\",\"field_40\":\"42000\",\"field_3\":\"More than 100m2\",\"field_36\":\"\",\"field_37\":\"\",\"field_54\":\"Agent\",\"field_66\":\"0\",\"field_67\":\"\",\"field_68\":\"\",\"field_69\":\"\",\"field_70\":\"\",\"field_71\":\"\",\"field_72\":\"\",\"field_73\":\"\",\"field_21\":\"0\",\"field_52\":\"0\",\"field_64\":\"Croatia - Medimurska -\",\"field_27\":\"0\",\"field_32\":\"0\",\"field_43\":\"0\",\"field_44\":\"100\",\"field_45\":\"3000\",\"field_46\":\"\",\"field_47\":\"1500\",\"field_48\":\"1500\",\"field_9\":\"0\",\"field_12\":\"\",\"field_42\":\"0\"}',NULL,NULL,NULL,NULL,NULL,NULL,NULL,4,NULL,'Excursion','Piazza','Varaždinska','Varazdin',100),(196,12,2,'{\"field_10\":\"Franjevački trg\",\"field_8\":\"Na trgu su smješteni franjevački samostan i Carkva sv. Ivana Krstitelja\",\"field_17\":\"<span style=\\\"font-size: 13.3333px;\\\">Na trgu su smješteni franjevački samostan i Carkva sv. Ivana Krstitelja.<\\/span><div>Uz crkvu je postavljen kip Grgura Ninskog, koji je&nbsp;<span style=\\\"color: rgb(37, 37, 37); font-family: sans-serif; font-size: 14px; line-height: 22.4px; background-color: rgb(255, 255, 255);\\\">izradio hrvatski kipar Ivan Meštrović.<\\/span><\\/div>\",\"field_38\":\"empty\",\"field_6\":\"piazza\",\"field_56\":\"4\",\"field_1\":\"0\",\"field_4\":\"Izleti\",\"field_2\":\"Trg\",\"field_5\":\"Varaždinska\",\"field_7\":\"Varaždin\",\"field_40\":\"42000\",\"field_3\":\"Više od 100m2\",\"field_36\":\"\",\"field_37\":\"\",\"field_54\":\"Agent\",\"field_66\":\"0\",\"field_67\":\"\",\"field_68\":\"\",\"field_69\":\"\",\"field_70\":\"\",\"field_71\":\"\",\"field_72\":\"\",\"field_73\":\"\",\"field_21\":\"0\",\"field_52\":\"0\",\"field_64\":\"Croatia - Medimurska -\",\"field_27\":\"0\",\"field_32\":\"0\",\"field_43\":\"0\",\"field_44\":\"100\",\"field_45\":\"3000\",\"field_46\":\"\",\"field_47\":\"1500\",\"field_48\":\"1500\",\"field_9\":\"0\",\"field_12\":\"\",\"field_42\":\"0\"}',NULL,NULL,NULL,NULL,NULL,NULL,NULL,4,NULL,'Izleti','Trg','Varaždinska','Varaždin',100),(197,10,1,'{\"field_10\":\"Mea Culpa Bar\",\"field_8\":\"\",\"field_17\":\"<font face=\\\"Arial, Verdana\\\"><span style=\\\"font-size: 13.3333px;\\\">Mea Culpa Bar is located in the city center with a terrace on the square Miljnka Stančića where you have a direct view of the Old Town.<\\/span><\\/font>\",\"field_38\":\"empty\",\"field_6\":\"bar\",\"field_56\":\"5\",\"field_1\":\"0\",\"field_4\":\"Fun\",\"field_2\":\"Bar\",\"field_5\":\"Varaždinska\",\"field_7\":\"Varazdin\",\"field_40\":\"42000\",\"field_3\":\"More than 100m2\",\"field_36\":\"\",\"field_37\":\"\",\"field_54\":\"Agent\",\"field_66\":\"0\",\"field_67\":\"\",\"field_68\":\"\",\"field_69\":\"\",\"field_70\":\"\",\"field_71\":\"\",\"field_72\":\"\",\"field_73\":\"\",\"field_21\":\"0\",\"field_52\":\"0\",\"field_64\":\"Croatia - Karlovacka -\",\"field_27\":\"0\",\"field_32\":\"0\",\"field_43\":\"0\",\"field_44\":\"400\",\"field_45\":\"3000\",\"field_46\":\"\",\"field_47\":\"1000\",\"field_48\":\"1500\",\"field_9\":\"0\",\"field_12\":\"\",\"field_42\":\"0\"}',NULL,NULL,NULL,NULL,NULL,NULL,NULL,5,NULL,'Fun','Bar','Varaždinska','Varazdin',400),(198,10,2,'{\"field_10\":\"Mea Culpa Bar\",\"field_8\":\"Mea Culpa Bar smješten je u staroj gradskoj jezgri.\",\"field_17\":\"<span style=\\\"font-size: 13.3333px;\\\">Mea Culpa Bar smješten je u staroj gradskoj jezgri u starom centru grada s terasom na Trgu Miljnka Stančića s koje imate izravan pogled na tvrđavu Stari grad.<\\/span>\",\"field_38\":\"empty\",\"field_6\":\"bar\",\"field_56\":\"5\",\"field_1\":\"0\",\"field_4\":\"Zabava\",\"field_2\":\"Klub\",\"field_5\":\"Varaždinska\",\"field_7\":\"Varaždin\",\"field_40\":\"42000\",\"field_3\":\"Više od 100m2\",\"field_36\":\"\",\"field_37\":\"\",\"field_54\":\"Agent\",\"field_66\":\"0\",\"field_67\":\"\",\"field_68\":\"\",\"field_69\":\"\",\"field_70\":\"\",\"field_71\":\"\",\"field_72\":\"\",\"field_73\":\"\",\"field_21\":\"0\",\"field_52\":\"0\",\"field_64\":\"Croatia - Karlovacka -\",\"field_27\":\"0\",\"field_32\":\"0\",\"field_43\":\"0\",\"field_44\":\"400\",\"field_45\":\"3000\",\"field_46\":\"\",\"field_47\":\"1000\",\"field_48\":\"1500\",\"field_9\":\"0\",\"field_12\":\"\",\"field_42\":\"0\"}',NULL,NULL,NULL,NULL,NULL,NULL,NULL,5,NULL,'Zabava','Klub','Varaždinska','Varaždin',400),(199,9,1,'{\"field_10\":\"Supernova\",\"field_8\":\"Shopping park Supernova na zapadnom ulazu u Varaždin.\",\"field_17\":\"Shopping park Supernova&nbsp;<span style=\\\"font-size: 13.3333px;\\\">na zapadnom ulazu u Varaždin s više od 20 trgovina i velikim parkingom. Autobusna lijija ga povezuje s centrom.<\\/span>\",\"field_38\":\"empty\",\"field_6\":\"shopping_center\",\"field_56\":\"4\",\"field_1\":\"0\",\"field_4\":\"Shopping\",\"field_2\":\"Shopping center\",\"field_5\":\"Varaždinska\",\"field_7\":\"Varazdin\",\"field_40\":\"42000\",\"field_3\":\"More than 100m2\",\"field_36\":\"\",\"field_37\":\"\",\"field_54\":\"Agent\",\"field_66\":\"0\",\"field_67\":\"\",\"field_68\":\"\",\"field_69\":\"\",\"field_70\":\"\",\"field_71\":\"\",\"field_72\":\"\",\"field_73\":\"\",\"field_21\":\"0\",\"field_52\":\"0\",\"field_64\":\"Croatia - Vukovarsko-Srijemska -\",\"field_27\":\"0\",\"field_32\":\"true\",\"field_43\":\"0\",\"field_44\":\"4000\",\"field_45\":\"5000\",\"field_46\":\"\",\"field_47\":\"20\",\"field_48\":\"2000\",\"field_9\":\"0\",\"field_12\":\"\",\"field_42\":\"0\"}',NULL,NULL,NULL,NULL,NULL,NULL,NULL,4,NULL,'Shopping','Shopping center','Varaždinska','Varazdin',4000),(200,9,2,'{\"field_10\":\"Supernova\",\"field_8\":\"Shopping park Supernova na zapadnom ulazu u Varaždin.\",\"field_17\":\"Shopping park Supernova&nbsp;<span style=\\\"font-size: 13.3333px;\\\">na zapadnom ulazu u Varaždin s više od 20 trgovina i velikim parkingom. Autobusna linija ga povezuje s centrom.<\\/span>\",\"field_38\":\"empty\",\"field_6\":\"shopping_center\",\"field_56\":\"4\",\"field_1\":\"0\",\"field_4\":\"Shopping\",\"field_2\":\"Shopping center\",\"field_5\":\"Varaždinska\",\"field_7\":\"Varazdin\",\"field_40\":\"42000\",\"field_3\":\"Više od 100m2\",\"field_36\":\"\",\"field_37\":\"\",\"field_54\":\"Agent\",\"field_66\":\"0\",\"field_67\":\"\",\"field_68\":\"\",\"field_69\":\"\",\"field_70\":\"\",\"field_71\":\"\",\"field_72\":\"\",\"field_73\":\"\",\"field_21\":\"0\",\"field_52\":\"0\",\"field_64\":\"Croatia - Vukovarsko-Srijemska -\",\"field_27\":\"0\",\"field_32\":\"true\",\"field_43\":\"0\",\"field_44\":\"4000\",\"field_45\":\"5000\",\"field_46\":\"\",\"field_47\":\"20\",\"field_48\":\"2000\",\"field_9\":\"0\",\"field_12\":\"\",\"field_42\":\"0\"}',NULL,NULL,NULL,NULL,NULL,NULL,NULL,4,NULL,'Shopping','Shopping center','Varaždinska','Varazdin',4000),(201,8,1,'{\"field_10\":\"Faculty of Organization and Informatics\",\"field_8\":\"University of Zagreb School of Medicine\",\"field_17\":\"\",\"field_38\":\"empty\",\"field_6\":\"empty\",\"field_56\":\"4\",\"field_1\":\"0\",\"field_4\":\"Learning\",\"field_2\":\"School\",\"field_5\":\"Varaždinska\",\"field_7\":\"Varazdin\",\"field_40\":\"42000\",\"field_3\":\"More than 100m2\",\"field_36\":\"\",\"field_37\":\"\",\"field_54\":\"Agent\",\"field_66\":\"0\",\"field_67\":\"\",\"field_68\":\"\",\"field_69\":\"\",\"field_70\":\"\",\"field_71\":\"\",\"field_72\":\"\",\"field_73\":\"\",\"field_21\":\"0\",\"field_52\":\"0\",\"field_64\":\"Croatia - Zagrebacka -\",\"field_27\":\"0\",\"field_32\":\"0\",\"field_43\":\"0\",\"field_44\":\"1\",\"field_45\":\"1000\",\"field_46\":\"\",\"field_47\":\"1000\",\"field_48\":\"1500\",\"field_9\":\"0\",\"field_12\":\"\",\"field_42\":\"0\"}',NULL,NULL,NULL,NULL,NULL,NULL,NULL,4,NULL,'Learning','School','Varaždinska','Varazdin',1),(202,8,2,'{\"field_10\":\"Fakultet organizacije i informatike\",\"field_8\":\"Fakultet organizacije i informatike jedna je od 33 sastavnice Sveučilišta u Zagrebu.\",\"field_17\":\"Fakultet informatike i organizacije postoji već 51 godinu. Prvih 12 godine djelovao je kao visoka ekonomska škola, a od 1974. godine djeluje kao fakultet i jedini je koji obrazovnim i znanstvenoistraživačkim programom isključivo pokriva područje informacijskih znanosti, odnosno informatike.\",\"field_38\":\"empty\",\"field_6\":\"empty\",\"field_56\":\"4\",\"field_1\":\"0\",\"field_4\":\"Učenje\",\"field_2\":\"Škola\",\"field_5\":\"Varaždinska\",\"field_7\":\"Varaždin\",\"field_40\":\"42000\",\"field_3\":\"Više od 100m2\",\"field_36\":\"\",\"field_37\":\"\",\"field_54\":\"Agent\",\"field_66\":\"0\",\"field_67\":\"\",\"field_68\":\"\",\"field_69\":\"\",\"field_70\":\"\",\"field_71\":\"\",\"field_72\":\"\",\"field_73\":\"\",\"field_21\":\"0\",\"field_52\":\"0\",\"field_64\":\"Croatia - Zagrebacka -\",\"field_27\":\"0\",\"field_32\":\"0\",\"field_43\":\"0\",\"field_44\":\"1\",\"field_45\":\"1000\",\"field_46\":\"\",\"field_47\":\"1000\",\"field_48\":\"1500\",\"field_9\":\"0\",\"field_12\":\"\",\"field_42\":\"0\"}',NULL,NULL,NULL,NULL,NULL,NULL,NULL,4,NULL,'Učenje','Škola','Varaždinska','Varaždin',1),(203,7,1,'{\"field_10\":\"NK Varteks\",\"field_8\":\"<font face=\\\"Arial, Verdana\\\"><span style=\\\"font-size: 13.3333px;\\\">The stadium NK Varteks held the premier league matches.<\\/span><\\/font>\",\"field_17\":\"<font face=\\\"Arial, Verdana\\\"><span style=\\\"font-size: 13.3333px;\\\">The stadium NK Varteks held the premier league matches.<\\/span><\\/font>\",\"field_38\":\"empty\",\"field_6\":\"stadium\",\"field_56\":\"4\",\"field_1\":\"0\",\"field_4\":\"Sport\",\"field_2\":\"Stadium\",\"field_5\":\"Varaždinska\",\"field_7\":\"Varazdin\",\"field_40\":\"42000\",\"field_3\":\"More than 100m2\",\"field_36\":\"\",\"field_37\":\"\",\"field_54\":\"Agent\",\"field_66\":\"0\",\"field_67\":\"\",\"field_68\":\"\",\"field_69\":\"\",\"field_70\":\"\",\"field_71\":\"\",\"field_72\":\"\",\"field_73\":\"\",\"field_21\":\"0\",\"field_52\":\"0\",\"field_64\":\"Croatia - Vukovarsko-Srijemska -\",\"field_27\":\"0\",\"field_32\":\"true\",\"field_43\":\"0\",\"field_44\":\"3000\",\"field_45\":\"2000\",\"field_46\":\"\",\"field_47\":\"3000\",\"field_48\":\"3000\",\"field_9\":\"0\",\"field_12\":\"\",\"field_42\":\"0\"}',NULL,NULL,NULL,NULL,NULL,NULL,NULL,4,NULL,'Sport','Stadium','Varaždinska','Varazdin',3000),(204,7,2,'{\"field_10\":\"NK Varteks\",\"field_8\":\"Na stadionu NK Varteks održavaju se prvoligaške utakmice.\",\"field_17\":\"<span style=\\\"font-size: 13.3333px;\\\">Na stadionu NK Varteks održavaju se prvoligaške utakmice.<\\/span>\",\"field_38\":\"empty\",\"field_6\":\"stadium\",\"field_56\":\"4\",\"field_1\":\"0\",\"field_4\":\"Sport\",\"field_2\":\"Stadion\",\"field_5\":\"Varaždinska\",\"field_7\":\"Varazdin\",\"field_40\":\"42000\",\"field_3\":\"Više od 100m2\",\"field_36\":\"\",\"field_37\":\"\",\"field_54\":\"Agent\",\"field_66\":\"0\",\"field_67\":\"\",\"field_68\":\"\",\"field_69\":\"\",\"field_70\":\"\",\"field_71\":\"\",\"field_72\":\"\",\"field_73\":\"\",\"field_21\":\"0\",\"field_52\":\"0\",\"field_64\":\"Croatia - Vukovarsko-Srijemska -\",\"field_27\":\"0\",\"field_32\":\"true\",\"field_43\":\"0\",\"field_44\":\"3000\",\"field_45\":\"2000\",\"field_46\":\"\",\"field_47\":\"3000\",\"field_48\":\"3000\",\"field_9\":\"0\",\"field_12\":\"\",\"field_42\":\"0\"}',NULL,NULL,NULL,NULL,NULL,NULL,NULL,4,NULL,'Sport','Stadion','Varaždinska','Varazdin',3000),(205,6,1,'{\"field_10\":\"Coffeehouse\",\"field_8\":\"\",\"field_17\":\"Dora Cafe offers daily fresh homemade cookies, cakes and indigenous traditional sweets from Varazdin area.\",\"field_38\":\"empty\",\"field_6\":\"coffee\",\"field_56\":\"5\",\"field_1\":\"0\",\"field_4\":\"Food and drink\",\"field_2\":\"Coffee bar\",\"field_5\":\"Varaždinska\",\"field_7\":\"Varazdin\",\"field_40\":\"42000\",\"field_3\":\"More than 100m2\",\"field_36\":\"\",\"field_37\":\"\",\"field_54\":\"Agent\",\"field_66\":\"0\",\"field_67\":\"\",\"field_68\":\"\",\"field_69\":\"\",\"field_70\":\"\",\"field_71\":\"\",\"field_72\":\"\",\"field_73\":\"\",\"field_21\":\"0\",\"field_52\":\"0\",\"field_64\":\"Croatia - Licko-Senjska -\",\"field_27\":\"0\",\"field_32\":\"0\",\"field_43\":\"0\",\"field_44\":\"100\",\"field_45\":\"2000\",\"field_46\":\"\",\"field_47\":\"600\",\"field_48\":\"1500\",\"field_9\":\"0\",\"field_12\":\"\",\"field_42\":\"0\"}',NULL,NULL,NULL,NULL,NULL,NULL,NULL,5,NULL,'Food and drink','Coffee bar','Varaždinska','Varazdin',100),(206,6,2,'{\"field_10\":\"Kavana Dora\",\"field_8\":\"Kavana Dora nudi doživljaj prave srednjeeuropske kavane.\",\"field_17\":\"Kavana Dora nudi dnevno svježe domaće kolače, torte te autohtone tradicionalne slastice varaždinskog kraja.\",\"field_38\":\"empty\",\"field_6\":\"coffee\",\"field_56\":\"5\",\"field_1\":\"0\",\"field_4\":\"Hrana i piće\",\"field_2\":\"Kafić\",\"field_5\":\"Varaždinska\",\"field_7\":\"Varaždin\",\"field_40\":\"42000\",\"field_3\":\"Više od 100m2\",\"field_36\":\"\",\"field_37\":\"\",\"field_54\":\"Agent\",\"field_66\":\"0\",\"field_67\":\"\",\"field_68\":\"\",\"field_69\":\"\",\"field_70\":\"\",\"field_71\":\"\",\"field_72\":\"\",\"field_73\":\"\",\"field_21\":\"0\",\"field_52\":\"0\",\"field_64\":\"Croatia - Licko-Senjska -\",\"field_27\":\"0\",\"field_32\":\"0\",\"field_43\":\"0\",\"field_44\":\"100\",\"field_45\":\"2000\",\"field_46\":\"\",\"field_47\":\"600\",\"field_48\":\"1500\",\"field_9\":\"0\",\"field_12\":\"\",\"field_42\":\"0\"}',NULL,NULL,NULL,NULL,NULL,NULL,NULL,5,NULL,'Hrana i piće','Kafić','Varaždinska','Varaždin',100),(207,5,1,'{\"field_10\":\"Fountain\",\"field_8\":\"<font face=\\\"Arial, Verdana\\\"><span style=\\\"font-size: 13.3333px;\\\">Bakery Fountain is located near popular park.<\\/span><\\/font>\",\"field_17\":\"<font face=\\\"Arial, Verdana\\\"><span style=\\\"font-size: 13.3333px;\\\">Bakery Fountain offers a variety of ice creams, cakes, clips and a choice of drinks and is located near popular park.<\\/span><\\/font>\",\"field_38\":\"empty\",\"field_6\":\"bakery\",\"field_56\":\"4\",\"field_1\":\"0\",\"field_4\":\"Food and drink\",\"field_2\":\"Bakery\",\"field_5\":\"Varaždinska\",\"field_7\":\"Varazdin\",\"field_40\":\"42000\",\"field_3\":\"50-100m2\",\"field_36\":\"\",\"field_37\":\"\",\"field_54\":\"Agent\",\"field_66\":\"0\",\"field_67\":\"\",\"field_68\":\"\",\"field_69\":\"\",\"field_70\":\"\",\"field_71\":\"\",\"field_72\":\"\",\"field_73\":\"\",\"field_21\":\"0\",\"field_52\":\"0\",\"field_64\":\"Croatia - Bjelovarska-Bilogorska -\",\"field_27\":\"0\",\"field_32\":\"true\",\"field_43\":\"0\",\"field_44\":\"500\",\"field_45\":\"1500\",\"field_46\":\"\",\"field_47\":\"500\",\"field_48\":\"1500\",\"field_9\":\"0\",\"field_12\":\"\",\"field_42\":\"0\"}',NULL,NULL,NULL,NULL,NULL,NULL,NULL,4,NULL,'Food and drink','Bakery','Varaždinska','Varazdin',500),(208,5,2,'{\"field_10\":\"Fontana\",\"field_8\":\"Slastičarnica Fontana nalazi se preko puta parka.\",\"field_17\":\"<span style=\\\"font-size: 13.3333px;\\\">Slastičarnica Fontana u ponudi ima razne sladolede, kolače, klipiće te veliku ponudu pića i nalazi se preko puta parka.<\\/span>\",\"field_38\":\"empty\",\"field_6\":\"bakery\",\"field_56\":\"4\",\"field_1\":\"0\",\"field_4\":\"Hrana i piće\",\"field_2\":\"Slastičarna\",\"field_5\":\"Varaždinska\",\"field_7\":\"Varaždin\",\"field_40\":\"42000\",\"field_3\":\"50-100m2\",\"field_36\":\"\",\"field_37\":\"\",\"field_54\":\"Agent\",\"field_66\":\"0\",\"field_67\":\"\",\"field_68\":\"\",\"field_69\":\"\",\"field_70\":\"\",\"field_71\":\"\",\"field_72\":\"\",\"field_73\":\"\",\"field_21\":\"0\",\"field_52\":\"0\",\"field_64\":\"Croatia - Bjelovarska-Bilogorska -\",\"field_27\":\"0\",\"field_32\":\"true\",\"field_43\":\"0\",\"field_44\":\"500\",\"field_45\":\"1500\",\"field_46\":\"\",\"field_47\":\"500\",\"field_48\":\"1500\",\"field_9\":\"0\",\"field_12\":\"\",\"field_42\":\"0\"}',NULL,NULL,NULL,NULL,NULL,NULL,NULL,4,NULL,'Hrana i piće','Slastičarna','Varaždinska','Varaždin',500),(209,3,1,'{\"field_10\":\"Movie Gallery\",\"field_8\":\"<span id=\\\"result_box\\\" class=\\\"\\\" lang=\\\"en\\\"><span class=\\\"hps\\\">Movie<\\/span> <span class=\\\"hps\\\">Gallery<\\/span> <span class=\\\"hps\\\">is located<\\/span> <span class=\\\"hps\\\">at the old CInema<\\/span> <span class=\\\"hps\\\">Gaj<\\/span> <span class=\\\"hps\\\">in the center<\\/span> <span class=\\\"hps\\\">of Varazdin<\\/span><span class=\\\"\\\">.<\\/span><\\/span>\",\"field_17\":\"<span id=\\\"result_box\\\" class=\\\"\\\" lang=\\\"en\\\"><span class=\\\"hps\\\">Movie<\\/span> <span class=\\\"hps\\\">Gallery<\\/span> <span class=\\\"hps\\\">is located<\\/span> <span class=\\\"hps\\\">at the old Cinema<\\/span> <span class=\\\"hps\\\">Gaj<\\/span> <span class=\\\"hps\\\">in the center<\\/span> <span class=\\\"hps\\\">of Varazdin<\\/span><span class=\\\"\\\">.<\\/span><\\/span>\",\"field_38\":\"new\",\"field_6\":\"cinema\",\"field_56\":\"3\",\"field_1\":\"0\",\"field_4\":\"Fun\",\"field_2\":\"Cinema\",\"field_5\":\"Varaždinska\",\"field_7\":\"Varazdin\",\"field_40\":\"42000\",\"field_3\":\"More than 100m2\",\"field_36\":\"\",\"field_37\":\"\",\"field_54\":\"Agent\",\"field_66\":\"0\",\"field_67\":\"\",\"field_68\":\"\",\"field_69\":\"\",\"field_70\":\"\",\"field_71\":\"\",\"field_72\":\"\",\"field_73\":\"\",\"field_21\":\"0\",\"field_52\":\"0\",\"field_64\":\"Croatia - Primorsko-Goranska -\",\"field_27\":\"0\",\"field_32\":\"0\",\"field_43\":\"0\",\"field_44\":\"1\",\"field_45\":\"1000\",\"field_46\":\"\",\"field_47\":\"1000\",\"field_48\":\"1500\",\"field_9\":\"0\",\"field_12\":\"\",\"field_42\":\"0\"}',NULL,NULL,NULL,NULL,NULL,NULL,NULL,3,NULL,'Fun','Cinema','Varaždinska','Varazdin',1),(210,3,2,'{\"field_10\":\"Kino Galerija\",\"field_8\":\"Kino Galerija smješteno je u prostoru bivšeg Kina Gaj u samom centru \\r\\nVaraždina.\",\"field_17\":\"Kino Galerija smješteno je u prostoru bivšeg Kina Gaj u samom centru \\r\\nVaraždina. Kino raspolaže sa 198 stolica na parteru i 144 na balkonu \\r\\nkoji nije preuređen, stoga nije u uporabi, osim ako se ne pokaže \\r\\npotreba. Projekcijska dvorana opremljena je s 35-milimetarskim \\r\\nprojektorom iz 60-ih godina prošlog stoljeća.\",\"field_38\":\"novo\",\"field_6\":\"cinema\",\"field_56\":\"3\",\"field_1\":\"0\",\"field_4\":\"Zabava\",\"field_2\":\"Kino\",\"field_5\":\"Varaždinska\",\"field_7\":\"Varaždin\",\"field_40\":\"42000\",\"field_3\":\"Više od 100m2\",\"field_36\":\"\",\"field_37\":\"\",\"field_54\":\"Agent\",\"field_66\":\"0\",\"field_67\":\"\",\"field_68\":\"\",\"field_69\":\"\",\"field_70\":\"\",\"field_71\":\"\",\"field_72\":\"\",\"field_73\":\"\",\"field_21\":\"0\",\"field_52\":\"0\",\"field_64\":\"Croatia - Primorsko-Goranska -\",\"field_27\":\"0\",\"field_32\":\"0\",\"field_43\":\"0\",\"field_44\":\"1\",\"field_45\":\"1000\",\"field_46\":\"\",\"field_47\":\"1000\",\"field_48\":\"1500\",\"field_9\":\"0\",\"field_12\":\"\",\"field_42\":\"0\"}',NULL,NULL,NULL,NULL,NULL,NULL,NULL,3,NULL,'Zabava','Kino','Varaždinska','Varaždin',1);

--
-- Table structure for table `property_user`
--

DROP TABLE IF EXISTS `property_user`;
/*!40101 SET @saved_cs_client     = @@character_set_client */;
/*!40101 SET character_set_client = utf8 */;
CREATE TABLE `property_user` (
  `id` int(11) NOT NULL AUTO_INCREMENT,
  `property_id` int(11) NOT NULL,
  `user_id` int(11) NOT NULL,
  PRIMARY KEY (`id`),
  KEY `fk_property_has_user_user1_idx` (`user_id`),
  KEY `fk_property_has_user_property1_idx` (`property_id`),
  CONSTRAINT `fk_property_has_user_property1` FOREIGN KEY (`property_id`) REFERENCES `property` (`id`) ON DELETE NO ACTION ON UPDATE NO ACTION,
  CONSTRAINT `fk_property_has_user_user1` FOREIGN KEY (`user_id`) REFERENCES `user` (`id`) ON DELETE NO ACTION ON UPDATE NO ACTION
) ENGINE=InnoDB AUTO_INCREMENT=9 DEFAULT CHARSET=utf8 COLLATE=utf8_unicode_ci;
/*!40101 SET character_set_client = @saved_cs_client */;

--
-- Dumping data for table `property_user`
--

INSERT INTO `property_user` VALUES (5,20,9),(6,19,9),(7,17,10),(8,14,11);

--
-- Table structure for table `property_value`
--

DROP TABLE IF EXISTS `property_value`;
/*!40101 SET @saved_cs_client     = @@character_set_client */;
/*!40101 SET character_set_client = utf8 */;
CREATE TABLE `property_value` (
  `id` int(11) NOT NULL AUTO_INCREMENT,
  `language_id` int(11) NOT NULL,
  `property_id` int(11) NOT NULL,
  `option_id` int(11) NOT NULL,
  `value` text COLLATE utf8_unicode_ci,
  `value_num` int(11) DEFAULT NULL,
  PRIMARY KEY (`id`),
  KEY `fk_property_value_language1_idx` (`language_id`),
  KEY `fk_property_value_property1_idx` (`property_id`),
  KEY `fk_property_value_option1_idx` (`option_id`),
  CONSTRAINT `fk_property_value_language1` FOREIGN KEY (`language_id`) REFERENCES `language` (`id`) ON DELETE NO ACTION ON UPDATE NO ACTION,
  CONSTRAINT `fk_property_value_option1` FOREIGN KEY (`option_id`) REFERENCES `option` (`id`) ON DELETE NO ACTION ON UPDATE NO ACTION,
  CONSTRAINT `fk_property_value_property1` FOREIGN KEY (`property_id`) REFERENCES `property` (`id`) ON DELETE NO ACTION ON UPDATE NO ACTION
) ENGINE=InnoDB AUTO_INCREMENT=8001 DEFAULT CHARSET=utf8 COLLATE=utf8_unicode_ci;
/*!40101 SET character_set_client = @saved_cs_client */;

--
-- Dumping data for table `property_value`
--

INSERT INTO `property_value` VALUES (6471,1,18,10,'Cemetery',NULL),(6472,1,18,8,'The cemetery was protected in 1966 as a monument of garden architecture.',NULL),(6473,1,18,17,'The cemetery was protected in 1966 as a monument of garden architecture and the cemetery as a whole, with special note to protect the old tombstones and monuments from the late 18th and 19th centuries, and the burial chapel.',NULL),(6474,1,18,38,'empty',NULL),(6475,1,18,6,'sights',NULL),(6476,1,18,56,'5',5),(6477,1,18,1,'0',0),(6478,1,18,4,'Excursion',NULL),(6479,1,18,2,'Sights',NULL),(6480,1,18,5,'Varaždinska',NULL),(6481,1,18,7,'Varazdin',NULL),(6482,1,18,40,'42000',42000),(6483,1,18,3,'More than 100m2',NULL),(6484,1,18,36,'',NULL),(6485,1,18,37,'',NULL),(6486,1,18,54,'Agent',NULL),(6487,1,18,66,'0',0),(6488,1,18,67,'',NULL),(6489,1,18,68,'',NULL),(6490,1,18,69,'',NULL),(6491,1,18,70,'',NULL),(6492,1,18,71,'',NULL),(6493,1,18,72,'',NULL),(6494,1,18,73,'',NULL),(6495,1,18,21,'0',0),(6496,1,18,52,'0',0),(6497,1,18,64,'Croatia - Krapinsko-Zagorska -',NULL),(6498,1,18,27,'0',0),(6499,1,18,32,'true',NULL),(6500,1,18,43,'0',0),(6501,1,18,44,'1500',1500),(6502,1,18,45,'3000',3000),(6503,1,18,46,'',NULL),(6504,1,18,47,'2000',2000),(6505,1,18,48,'2000',2000),(6506,1,18,9,'0',0),(6507,1,18,12,'',NULL),(6508,1,18,42,'0',0),(6509,2,18,10,'Varaždinsko groblje',NULL),(6510,2,18,8,'Groblje je zaštićeno 1966. godine kao spomenik vrtne arhitekture.',NULL),(6511,2,18,17,'Groblje je zaštićeno 1966. godine kao spomenik vrtne arhitekture i groblje kao cjelina, uz posebnu napomenu da se zaštićuju stare nadgrobne ploče i spomenici iz kraja 18. i 19. stoljeća te grobne kapele.',NULL),(6512,2,18,38,'empty',NULL),(6513,2,18,6,'sights',NULL),(6514,2,18,56,'5',5),(6515,2,18,1,'0',0),(6516,2,18,4,'Izleti',NULL),(6517,2,18,2,'Znamenitost',NULL),(6518,2,18,5,'Varaždinska',NULL),(6519,2,18,7,'Varaždin',NULL),(6520,2,18,40,'42000',42000),(6521,2,18,3,'Više od 100m2',NULL),(6522,2,18,36,'',NULL),(6523,2,18,37,'',NULL),(6524,2,18,54,'Agent',NULL),(6525,2,18,66,'0',0),(6526,2,18,67,'',NULL),(6527,2,18,68,'',NULL),(6528,2,18,69,'',NULL),(6529,2,18,70,'',NULL),(6530,2,18,71,'',NULL),(6531,2,18,72,'',NULL),(6532,2,18,73,'',NULL),(6533,2,18,21,'0',0),(6534,2,18,52,'0',0),(6535,2,18,64,'Croatia - Krapinsko-Zagorska -',NULL),(6536,2,18,27,'0',0),(6537,2,18,32,'true',NULL),(6538,2,18,43,'0',0),(6539,2,18,44,'1500',1500),(6540,2,18,45,'3000',3000),(6541,2,18,46,'',NULL),(6542,2,18,47,'2000',2000),(6543,2,18,48,'2000',2000),(6544,2,18,9,'0',0),(6545,2,18,12,'',NULL),(6546,2,18,42,'0',0),(6547,1,11,10,'Center, Korzo',NULL),(6548,1,11,8,'<font face=\"Arial, Verdana\"><span style=\"font-size: 13.3333px;\">King Tomislav Square Varazdin central square called Korzo</span></font><span style=\"font-size: 13.3333px; font-family: Arial, Verdana;\">.</span>',NULL),(6549,1,11,17,'<font face=\"Arial, Verdana\"><span style=\"font-size: 13.3333px;\">King Tomislav Square Varazdin central square called Korzo, the hall, the cathedral university and other sights.</span></font>',NULL),(6550,1,11,38,'empty',NULL),(6551,1,11,6,'piazza',NULL),(6552,1,11,56,'4',4),(6553,1,11,1,'0',0),(6554,1,11,4,'Excursion',NULL),(6555,1,11,2,'Piazza',NULL),(6556,1,11,5,'Varaždinska',NULL),(6557,1,11,7,'Varazdin',NULL),(6558,1,11,40,'42000',42000),(6559,1,11,3,'More than 100m2',NULL),(6560,1,11,36,'',NULL),(6561,1,11,37,'',NULL),(6562,1,11,54,'Agent',NULL),(6563,1,11,66,'0',0),(6564,1,11,67,'',NULL),(6565,1,11,68,'',NULL),(6566,1,11,69,'',NULL),(6567,1,11,70,'',NULL),(6568,1,11,71,'',NULL),(6569,1,11,72,'',NULL),(6570,1,11,73,'',NULL),(6571,1,11,21,'0',0),(6572,1,11,52,'0',0),(6573,1,11,64,'Croatia - Dubrovacko-Neretvanska -',NULL),(6574,1,11,27,'0',0),(6575,1,11,32,'0',0),(6576,1,11,43,'0',0),(6577,1,11,44,'1',1),(6578,1,11,45,'2000',2000),(6579,1,11,46,'',NULL),(6580,1,11,47,'1500',1500),(6581,1,11,48,'1500',1500),(6582,1,11,9,'0',0),(6583,1,11,12,'',NULL),(6584,1,11,42,'0',0),(6585,2,11,10,'Korzo',NULL),(6586,2,11,8,'Trg Kralja Tomislava centralni varaždinski trg takozvai Korzo.',NULL),(6587,2,11,17,'<span style=\"font-size: 13.3333px;\">Trg Kralja Tomislava centralni varaždinski trg takozvai Korzo, s vječnicom, katedralom fakultetom i drugom znamenitostima.</span>',NULL),(6588,2,11,38,'empty',NULL),(6589,2,11,6,'piazza',NULL),(6590,2,11,56,'4',4),(6591,2,11,1,'0',0),(6592,2,11,4,'Izleti',NULL),(6593,2,11,2,'Trg',NULL),(6594,2,11,5,'Varaždinska',NULL),(6595,2,11,7,'Varaždin',NULL),(6596,2,11,40,'42000',42000),(6597,2,11,3,'Više od 100m2',NULL),(6598,2,11,36,'',NULL),(6599,2,11,37,'',NULL),(6600,2,11,54,'Agent',NULL),(6601,2,11,66,'0',0),(6602,2,11,67,'',NULL),(6603,2,11,68,'',NULL),(6604,2,11,69,'',NULL),(6605,2,11,70,'',NULL),(6606,2,11,71,'',NULL),(6607,2,11,72,'',NULL),(6608,2,11,73,'',NULL),(6609,2,11,21,'0',0),(6610,2,11,52,'0',0),(6611,2,11,64,'Croatia - Dubrovacko-Neretvanska -',NULL),(6612,2,11,27,'0',0),(6613,2,11,32,'0',0),(6614,2,11,43,'0',0),(6615,2,11,44,'1',1),(6616,2,11,45,'2000',2000),(6617,2,11,46,'',NULL),(6618,2,11,47,'1500',1500),(6619,2,11,48,'1500',1500),(6620,2,11,9,'0',0),(6621,2,11,12,'',NULL),(6622,2,11,42,'0',0),(6623,1,4,10,'Domenico',NULL),(6624,1,4,8,'<span id=\"result_box\" class=\"\" lang=\"en\"><span class=\"hps\">Restaurant</span> <span class=\"hps\">and</span> <span class=\"hps\">Pizzeria</span> with <span class=\"hps\">pleasant atmosphere</span> and<span class=\"hps alt-edited\"> view to the</span> <span class=\"hps\">park</span><span class=\"\">.</span></span>',NULL),(6625,1,4,17,'<span id=\"result_box\" class=\"\" lang=\"en\"><span class=\"hps\">Restaurant</span> <span class=\"hps\">and</span> <span class=\"hps\">Pizzeria</span> with <span class=\"hps\">pleasant atmosphere</span> and<span class=\"hps alt-edited\"> view to the</span> <span class=\"hps\">park</span><span class=\"\">.</span></span>',NULL),(6626,1,4,38,'empty',NULL),(6627,1,4,6,'restaurant',NULL),(6628,1,4,56,'5',5),(6629,1,4,1,'0',0),(6630,1,4,4,'Food and drink',NULL),(6631,1,4,2,'Restaurant',NULL),(6632,1,4,5,'Varaždinska',NULL),(6633,1,4,7,'Varazdin',NULL),(6634,1,4,40,'42000',42000),(6635,1,4,3,'More than 100m2',NULL),(6636,1,4,36,'',NULL),(6637,1,4,37,'',NULL),(6638,1,4,54,'Agent',NULL),(6639,1,4,66,'0',0),(6640,1,4,67,'',NULL),(6641,1,4,68,'',NULL),(6642,1,4,69,'',NULL),(6643,1,4,70,'',NULL),(6644,1,4,71,'',NULL),(6645,1,4,72,'',NULL),(6646,1,4,73,'',NULL),(6647,1,4,21,'0',0),(6648,1,4,52,'0',0),(6649,1,4,64,'Croatia - Medimurska -',NULL),(6650,1,4,27,'0',0),(6651,1,4,32,'0',0),(6652,1,4,43,'0',0),(6653,1,4,44,'300',300),(6654,1,4,45,'1300',1300),(6655,1,4,46,'',NULL),(6656,1,4,47,'500',500),(6657,1,4,48,'1000',1000),(6658,1,4,9,'0',0),(6659,1,4,12,'',NULL),(6660,1,4,42,'0',0),(6661,2,4,10,'Domenico',NULL),(6662,2,4,8,'Restoran i Pizzeria ugodnog ambijenta s pogledom na Park.<br>',NULL),(6663,2,4,17,'Restoran i Pizzeria ugodnog ambijenta s pogledom na Park.',NULL),(6664,2,4,38,'empty',NULL),(6665,2,4,6,'restaurant',NULL),(6666,2,4,56,'5',5),(6667,2,4,1,'0',0),(6668,2,4,4,'Hrana i piće',NULL),(6669,2,4,2,'Restoran',NULL),(6670,2,4,5,'Varaždinska',NULL),(6671,2,4,7,'Varaždin',NULL),(6672,2,4,40,'42000',42000),(6673,2,4,3,'Više od 100m2',NULL),(6674,2,4,36,'',NULL),(6675,2,4,37,'',NULL),(6676,2,4,54,'Agent',NULL),(6677,2,4,66,'0',0),(6678,2,4,67,'',NULL),(6679,2,4,68,'',NULL),(6680,2,4,69,'',NULL),(6681,2,4,70,'',NULL),(6682,2,4,71,'',NULL),(6683,2,4,72,'',NULL),(6684,2,4,73,'',NULL),(6685,2,4,21,'0',0),(6686,2,4,52,'0',0),(6687,2,4,64,'Croatia - Medimurska -',NULL),(6688,2,4,27,'0',0),(6689,2,4,32,'0',0),(6690,2,4,43,'0',0),(6691,2,4,44,'300',300),(6692,2,4,45,'1300',1300),(6693,2,4,46,'',NULL),(6694,2,4,47,'500',500),(6695,2,4,48,'1000',1000),(6696,2,4,9,'0',0),(6697,2,4,12,'',NULL),(6698,2,4,42,'0',0),(6699,1,2,10,'The Old Town',NULL),(6700,1,2,8,'The Old Town keep is one of the biggest monuments in the city of Varaždin.',NULL),(6701,1,2,17,'The Old Town keep is one of the biggest monuments in the city of \r\nVaraždin and one of its biggest tourist attractions. It is located in \r\nthe north-western section of the city core. Today the keep houses the \r\nVaraždin City Museum.\r\n<br><br>\r\nThe keep is first mentioned in the 12th century and it is believed to be\r\n the center of Varaždin county life. The keep underwent numerous \r\nownership changes and reconstructions over the centuries.',NULL),(6702,1,2,38,'empty',NULL),(6703,1,2,6,'sights',NULL),(6704,1,2,56,'5',5),(6705,1,2,1,'0',0),(6706,1,2,4,'Excursion',NULL),(6707,1,2,2,'Sights',NULL),(6708,1,2,5,'Varaždinska',NULL),(6709,1,2,7,'Varazdin',NULL),(6710,1,2,40,'42000',42000),(6711,1,2,3,'More than 100m2',NULL),(6712,1,2,36,'',NULL),(6713,1,2,37,'',NULL),(6714,1,2,54,'Agent',NULL),(6715,1,2,66,'0',0),(6716,1,2,67,'',NULL),(6717,1,2,68,'',NULL),(6718,1,2,69,'',NULL),(6719,1,2,70,'',NULL),(6720,1,2,71,'',NULL),(6721,1,2,72,'',NULL),(6722,1,2,73,'',NULL),(6723,1,2,21,'0',0),(6724,1,2,52,'0',0),(6725,1,2,64,'Croatia - Brodsko-Posavska -',NULL),(6726,1,2,27,'0',0),(6727,1,2,32,'0',0),(6728,1,2,43,'0',0),(6729,1,2,44,'50',50),(6730,1,2,45,'2000',2000),(6731,1,2,46,'',NULL),(6732,1,2,47,'500',500),(6733,1,2,48,'1000',1000),(6734,1,2,9,'0',0),(6735,1,2,12,'',NULL),(6736,1,2,42,'0',0),(6737,2,2,10,'Stari Grad',NULL),(6738,2,2,8,'Najveća znamenitost Varaždina je tvrđava zvana Stari grad.',NULL),(6739,2,2,17,'Najveća znamenitost Varaždina je tvrđava zvana Stari grad. Nalazi se na sjeverozapadnom obodu gradske jezgre, a danas je u njoj smješten Gradski muzej Varaždin.<br />\r\n<br />\r\nTvrđava se prvi put spominje u 12. stoljeću i vjeruje se da je tada bila sjedište varaždinskih župana. Krajem 14. stoljeća dolazi u vlasništvo grofova Celjskih koji je pregrađuju u gotičkom stilu.',NULL),(6740,2,2,38,'empty',NULL),(6741,2,2,6,'sights',NULL),(6742,2,2,56,'5',5),(6743,2,2,1,'0',0),(6744,2,2,4,'Izleti',NULL),(6745,2,2,2,'Znamenitost',NULL),(6746,2,2,5,'Varaždinska',NULL),(6747,2,2,7,'Varaždin',NULL),(6748,2,2,40,'42000',42000),(6749,2,2,3,'Više od 100m2',NULL),(6750,2,2,36,'',NULL),(6751,2,2,37,'',NULL),(6752,2,2,54,'Agent',NULL),(6753,2,2,66,'0',0),(6754,2,2,67,'',NULL),(6755,2,2,68,'',NULL),(6756,2,2,69,'',NULL),(6757,2,2,70,'',NULL),(6758,2,2,71,'',NULL),(6759,2,2,72,'',NULL),(6760,2,2,73,'',NULL),(6761,2,2,21,'0',0),(6762,2,2,52,'0',0),(6763,2,2,64,'Croatia - Brodsko-Posavska -',NULL),(6764,2,2,27,'0',0),(6765,2,2,32,'0',0),(6766,2,2,43,'0',0),(6767,2,2,44,'50',50),(6768,2,2,45,'2000',2000),(6769,2,2,46,'',NULL),(6770,2,2,47,'500',500),(6771,2,2,48,'1000',1000),(6772,2,2,9,'0',0),(6773,2,2,12,'',NULL),(6774,2,2,42,'0',0),(6775,1,1,10,'Promenade Vatroslava Jagica',NULL),(6776,1,1,78,'',NULL),(6777,1,1,8,'<span id=\"result_box\" class=\"short_text\" lang=\"en\"><span class=\"hps\">Varazdin</span> <span class=\"hps\">park</span> <span class=\"hps\">near</span> <span class=\"hps\">the</span> <span class=\"hps\">center</span><span>,</span> <span class=\"hps\">a must</span> <span class=\"hps\">for</span> <span class=\"hps alt-edited\">walkers</span><span class=\"\">.</span></span>',NULL),(6778,1,1,17,'<span id=\"result_box\" class=\"short_text\" lang=\"en\"><span class=\"hps\">Varazdin</span> <span class=\"hps\">park</span> <span class=\"hps\">near</span> <span class=\"hps\">the</span> <span class=\"hps\">center</span><span>,</span> <span class=\"hps\">a must</span> <span class=\"hps\">for</span> <span class=\"hps alt-edited\">walkers</span><span class=\"\">.</span></span>',NULL),(6779,1,1,38,'empty',NULL),(6780,1,1,6,'park',NULL),(6781,1,1,56,'5',5),(6782,1,1,1,'0',0),(6783,1,1,4,'Excursion',NULL),(6784,1,1,2,'Park',NULL),(6785,1,1,5,'Varaždinska',NULL),(6786,1,1,7,'Varazdin',NULL),(6787,1,1,40,'42000',42000),(6788,1,1,3,'More than 100m2',NULL),(6789,1,1,36,'',NULL),(6790,1,1,37,'',NULL),(6791,1,1,54,'Agent',NULL),(6792,1,1,66,'0',0),(6793,1,1,67,'',NULL),(6794,1,1,68,'',NULL),(6795,1,1,69,'',NULL),(6796,1,1,70,'',NULL),(6797,1,1,71,'',NULL),(6798,1,1,72,'',NULL),(6799,1,1,73,'',NULL),(6800,1,1,21,'0',0),(6801,1,1,52,'0',0),(6802,1,1,64,'Croatia - Primorsko-Goranska -',NULL),(6803,1,1,27,'0',0),(6804,1,1,32,'true',NULL),(6805,1,1,43,'0',0),(6806,1,1,44,'20',20),(6807,1,1,45,'500',500),(6808,1,1,46,'',NULL),(6809,1,1,47,'500',500),(6810,1,1,48,'1000',1000),(6811,1,1,9,'0',0),(6812,1,1,12,'',NULL),(6813,1,1,42,'0',0),(6814,2,1,10,'Šetalište Vatroslava Jagića',NULL),(6815,2,1,78,'',NULL),(6816,2,1,8,'Varaždinski park pokraj samog Centra, nezaobilazan za šetače.<br>',NULL),(6817,2,1,17,'Varaždinski park pokraj samog Centra, nezaobilazan za šetače.',NULL),(6818,2,1,38,'empty',NULL),(6819,2,1,6,'park',NULL),(6820,2,1,56,'5',5),(6821,2,1,1,'0',0),(6822,2,1,4,'Izleti',NULL),(6823,2,1,2,'Park',NULL),(6824,2,1,5,'Varaždinska',NULL),(6825,2,1,7,'Varaždin',NULL),(6826,2,1,40,'42000',42000),(6827,2,1,3,'Više od 100m2',NULL),(6828,2,1,36,'',NULL),(6829,2,1,37,'',NULL),(6830,2,1,54,'Agent',NULL),(6831,2,1,66,'0',0),(6832,2,1,67,'',NULL),(6833,2,1,68,'',NULL),(6834,2,1,69,'',NULL),(6835,2,1,70,'',NULL),(6836,2,1,71,'',NULL),(6837,2,1,72,'',NULL),(6838,2,1,73,'',NULL),(6839,2,1,21,'0',0),(6840,2,1,52,'0',0),(6841,2,1,64,'Croatia - Primorsko-Goranska -',NULL),(6842,2,1,27,'0',0),(6843,2,1,32,'true',NULL),(6844,2,1,43,'0',0),(6845,2,1,44,'20',20),(6846,2,1,45,'500',500),(6847,2,1,46,'',NULL),(6848,2,1,47,'500',500),(6849,2,1,48,'1000',1000),(6850,2,1,9,'0',0),(6851,2,1,12,'',NULL),(6852,2,1,42,'0',0),(6853,1,20,10,'Six',NULL),(6854,1,20,78,'',NULL),(6855,1,20,8,'<span style=\"font-size: 13.3333px;\">It offers a wide selection of pastries, cakes, ice cream and desserts.</span>',NULL),(6856,1,20,17,'<font face=\"Arial, Verdana\"><span style=\"font-size: 13.3333px;\">It offers a wide selection of pastries, cakes, ice cream and desserts, all offered sweets can try on the spot in the pastry with coffee or your favorite drink.</span></font>',NULL),(6857,1,20,38,'empty',NULL),(6858,1,20,6,'bakery',NULL),(6859,1,20,56,'5',5),(6860,1,20,1,'',NULL),(6861,1,20,4,'Food and drink',NULL),(6862,1,20,2,'Bakery',NULL),(6863,1,20,5,'Varaždinska',NULL),(6864,1,20,7,'Varazdin',NULL),(6865,1,20,40,'42000',42000),(6866,1,20,3,'50-100m2',NULL),(6867,1,20,36,'',NULL),(6868,1,20,37,'',NULL),(6869,1,20,54,'Agent',NULL),(6870,1,20,66,'',NULL),(6871,1,20,67,'',NULL),(6872,1,20,68,'',NULL),(6873,1,20,69,'',NULL),(6874,1,20,70,'',NULL),(6875,1,20,71,'',NULL),(6876,1,20,72,'',NULL),(6877,1,20,73,'',NULL),(6878,1,20,21,'',NULL),(6879,1,20,64,'Croatia - Vukovarsko-Srijemska -',NULL),(6880,1,20,52,'',NULL),(6881,1,20,27,'',NULL),(6882,1,20,32,'true',NULL),(6883,1,20,43,'',NULL),(6884,1,20,44,'50',50),(6885,1,20,45,'2000',2000),(6886,1,20,46,'',NULL),(6887,1,20,47,'2000',2000),(6888,1,20,48,'2500',2500),(6889,1,20,9,'',NULL),(6890,1,20,12,'',NULL),(6891,1,20,42,'',NULL),(6892,2,20,10,'Slastičarnica Šest',NULL),(6893,2,20,78,'',NULL),(6894,2,20,8,'Nudi širok izbor kolača, torti, sladoleda i ostalih slastica.',NULL),(6895,2,20,17,'<span style=\"font-size: 13.3333px;\">Nudi širok izbor kolača, torti, sladoleda i ostalih slastica, sve ponuđene slastice možete isprobati na licu mjesta u samoj slastičarni uz kavu ili svoje omiljeno piće.</span>',NULL),(6896,2,20,38,'empty',NULL),(6897,2,20,6,'bakery',NULL),(6898,2,20,56,'5',5),(6899,2,20,1,'',NULL),(6900,2,20,4,'Hrana i piće',NULL),(6901,2,20,2,'Slastičarna',NULL),(6902,2,20,5,'Varaždinska',NULL),(6903,2,20,7,'Varaždin',NULL),(6904,2,20,40,'42000',42000),(6905,2,20,3,'50-100m2',NULL),(6906,2,20,36,'',NULL),(6907,2,20,37,'',NULL),(6908,2,20,54,'Agent',NULL),(6909,2,20,66,'',NULL),(6910,2,20,67,'',NULL),(6911,2,20,68,'',NULL),(6912,2,20,69,'',NULL),(6913,2,20,70,'',NULL),(6914,2,20,71,'',NULL),(6915,2,20,72,'',NULL),(6916,2,20,73,'',NULL),(6917,2,20,21,'',NULL),(6918,2,20,64,'Croatia - Vukovarsko-Srijemska -',NULL),(6919,2,20,52,'',NULL),(6920,2,20,27,'',NULL),(6921,2,20,32,'true',NULL),(6922,2,20,43,'',NULL),(6923,2,20,44,'50',50),(6924,2,20,45,'2000',2000),(6925,2,20,46,'',NULL),(6926,2,20,47,'2000',2000),(6927,2,20,48,'2500',2500),(6928,2,20,9,'',NULL),(6929,2,20,12,'',NULL),(6930,2,20,42,'',NULL),(6931,1,19,10,'Restoran Angelus',NULL),(6932,1,19,78,'',NULL),(6933,1,19,8,'Modern and creative indigenous-Mediterranean cuisine.&nbsp;',NULL),(6934,1,19,17,'Modern and creative indigenous-Mediterranean cuisine, which welcomes its guests expresses a very warm and cozy atmosphere and specific rusticity space. The needs and desires of their guests try to meet a selection of quality and fresh ingredients, and a lavish selection of soups, pastas, risottos, meat dishes, salads and desserts in our offer you will find many dishes suitable for vegetarians.',NULL),(6935,1,19,38,'empty',NULL),(6936,1,19,6,'restaurant',NULL),(6937,1,19,56,'5',5),(6938,1,19,1,'',NULL),(6939,1,19,4,'Food and drink',NULL),(6940,1,19,2,'Restaurant',NULL),(6941,1,19,5,'Varaždinska',NULL),(6942,1,19,7,'Varazdin',NULL),(6943,1,19,40,'42000',42000),(6944,1,19,3,'More than 100m2',NULL),(6945,1,19,36,'',NULL),(6946,1,19,37,'',NULL),(6947,1,19,54,'Agent',NULL),(6948,1,19,66,'',NULL),(6949,1,19,67,'',NULL),(6950,1,19,68,'',NULL),(6951,1,19,69,'',NULL),(6952,1,19,70,'',NULL),(6953,1,19,71,'',NULL),(6954,1,19,72,'',NULL),(6955,1,19,73,'',NULL),(6956,1,19,21,'',NULL),(6957,1,19,64,'Croatia - Osjecko-Baranjska -',NULL),(6958,1,19,52,'',NULL),(6959,1,19,27,'',NULL),(6960,1,19,32,'true',NULL),(6961,1,19,43,'',NULL),(6962,1,19,44,'100',100),(6963,1,19,45,'700',700),(6964,1,19,46,'',NULL),(6965,1,19,47,'1000',1000),(6966,1,19,48,'1500',1500),(6967,1,19,9,'',NULL),(6968,1,19,12,'',NULL),(6969,1,19,42,'',NULL),(6970,2,19,10,'Restoran Angelus',NULL),(6971,2,19,78,'',NULL),(6972,2,19,8,'Moderna i kreativna autohtono-mediteranska kuhinja.',NULL),(6973,2,19,17,'Moderna i kreativna autohtono-mediteranska kuhinja koja dobrodošlicu svojim gostima izražava iznimno toplom i ugodnom atmosferom te specifičnim rustikalnim uređenjem prostora. Potrebe i želje svojih gostiju nastojimo zadovoljiti izborom kvalitetnih i svježih namirnica, odnosno raskošnom ponudom juha, tjestenina, rižota, mesnih specijaliteta, salata i slastica, a u našoj ponudi naći ćete i mnoga jela pogodna za vegetarijance.',NULL),(6974,2,19,38,'empty',NULL),(6975,2,19,6,'restaurant',NULL),(6976,2,19,56,'5',5),(6977,2,19,1,'',NULL),(6978,2,19,4,'Hrana i piće',NULL),(6979,2,19,2,'Restoran',NULL),(6980,2,19,5,'Varaždinska',NULL),(6981,2,19,7,'Varaždin',NULL),(6982,2,19,40,'42000',42000),(6983,2,19,3,'Više od 100m2',NULL),(6984,2,19,36,'',NULL),(6985,2,19,37,'',NULL),(6986,2,19,54,'Agent',NULL),(6987,2,19,66,'',NULL),(6988,2,19,67,'',NULL),(6989,2,19,68,'',NULL),(6990,2,19,69,'',NULL),(6991,2,19,70,'',NULL),(6992,2,19,71,'',NULL),(6993,2,19,72,'',NULL),(6994,2,19,73,'',NULL),(6995,2,19,21,'',NULL),(6996,2,19,64,'Croatia - Osjecko-Baranjska -',NULL),(6997,2,19,52,'',NULL),(6998,2,19,27,'',NULL),(6999,2,19,32,'true',NULL),(7000,2,19,43,'',NULL),(7001,2,19,44,'100',100),(7002,2,19,45,'700',700),(7003,2,19,46,'',NULL),(7004,2,19,47,'1000',1000),(7005,2,19,48,'1500',1500),(7006,2,19,9,'',NULL),(7007,2,19,12,'',NULL),(7008,2,19,42,'',NULL),(7009,1,17,10,'HŽ Putnički prijevoz',NULL),(7010,1,17,78,'',NULL),(7011,1,17,8,'Activity Railways Passenger Transport in the first place is the public transport of passengers in domestic and international railway transport.',NULL),(7012,1,17,17,'Activity Railways Passenger Transport in the first place is the public transport of passengers in domestic and international railway transport. This implies linking rail urban centers and local areas in Croatia with metropolitan and other urban centers in Europe and mass transport passengers within the major cities and suburban areas.',NULL),(7013,1,17,38,'empty',NULL),(7014,1,17,6,'train',NULL),(7015,1,17,56,'4',4),(7016,1,17,1,'',NULL),(7017,1,17,4,'Transport',NULL),(7018,1,17,2,'Train station',NULL),(7019,1,17,5,'Varaždinska',NULL),(7020,1,17,7,'Varazdin',NULL),(7021,1,17,40,'42000',42000),(7022,1,17,3,'More than 100m2',NULL),(7023,1,17,36,'',NULL),(7024,1,17,37,'',NULL),(7025,1,17,54,'Agent',NULL),(7026,1,17,66,'',NULL),(7027,1,17,67,'',NULL),(7028,1,17,68,'',NULL),(7029,1,17,69,'',NULL),(7030,1,17,70,'',NULL),(7031,1,17,71,'',NULL),(7032,1,17,72,'',NULL),(7033,1,17,73,'',NULL),(7034,1,17,21,'',NULL),(7035,1,17,64,'Croatia - Koprivničko-Križevačka -',NULL),(7036,1,17,52,'',NULL),(7037,1,17,27,'',NULL),(7038,1,17,32,'true',NULL),(7039,1,17,43,'',NULL),(7040,1,17,44,'2000',2000),(7041,1,17,45,'1',1),(7042,1,17,46,'',NULL),(7043,1,17,47,'3000',3000),(7044,1,17,48,'3500',3500),(7045,1,17,9,'',NULL),(7046,1,17,12,'',NULL),(7047,1,17,42,'',NULL),(7048,2,17,10,'HŽ Putnički prijevoz',NULL),(7049,2,17,78,'',NULL),(7050,2,17,8,'Djelatnost HŽ Putničkoga prijevoza u prvom redu jest obavljanje javnoga prijevoza putnika u unutarnjem i međunarodnom željezničkom prijevozu.',NULL),(7051,2,17,17,'Djelatnost HŽ Putničkoga prijevoza u prvom redu jest obavljanje javnoga prijevoza putnika u unutarnjem i međunarodnom željezničkom prijevozu. Pod time se podrazumijeva povezivanje željeznicom gradskih središta i lokalnih sredina u Hrvatskoj s metropolskim i drugim gradskim središtima u Europi te masovan prijevoz putnika unutar većih gradova i prigradskih područja.',NULL),(7052,2,17,38,'empty',NULL),(7053,2,17,6,'train',NULL),(7054,2,17,56,'4',4),(7055,2,17,1,'',NULL),(7056,2,17,4,'Prijevoz',NULL),(7057,2,17,2,'Vlak',NULL),(7058,2,17,5,'Varaždinska',NULL),(7059,2,17,7,'Varaždin',NULL),(7060,2,17,40,'42000',42000),(7061,2,17,3,'Više od 100m2',NULL),(7062,2,17,36,'',NULL),(7063,2,17,37,'',NULL),(7064,2,17,54,'Agent',NULL),(7065,2,17,66,'',NULL),(7066,2,17,67,'',NULL),(7067,2,17,68,'',NULL),(7068,2,17,69,'',NULL),(7069,2,17,70,'',NULL),(7070,2,17,71,'',NULL),(7071,2,17,72,'',NULL),(7072,2,17,73,'',NULL),(7073,2,17,21,'',NULL),(7074,2,17,64,'Croatia - Koprivničko-Križevačka -',NULL),(7075,2,17,52,'',NULL),(7076,2,17,27,'',NULL),(7077,2,17,32,'true',NULL),(7078,2,17,43,'',NULL),(7079,2,17,44,'2000',2000),(7080,2,17,45,'1',1),(7081,2,17,46,'',NULL),(7082,2,17,47,'3000',3000),(7083,2,17,48,'3500',3500),(7084,2,17,9,'',NULL),(7085,2,17,12,'',NULL),(7086,2,17,42,'',NULL),(7087,1,16,10,'AP Varaždin',NULL),(7088,1,16,8,'both of passengers and cargo',NULL),(7089,1,16,17,'<span style=\"color: rgb(51, 51, 51); font-family: Helvetica, Arial, sans-serif; font-size: 12px; line-height: 17.1429px; background-color: rgb(255, 255, 255);\">Autobusni promet d.d. Varaždin je poduzeće s osnovnom djelatnošću prijevoza putnika u domaćem i međunarodnom cestovnom prometu.&nbsp;</span>',NULL),(7090,1,16,38,'empty',NULL),(7091,1,16,6,'bus',NULL),(7092,1,16,56,'4',4),(7093,1,16,1,'0',0),(7094,1,16,4,'Transport',NULL),(7095,1,16,2,'Bus station',NULL),(7096,1,16,5,'Varaždinska',NULL),(7097,1,16,7,'Varazdin',NULL),(7098,1,16,40,'42000',42000),(7099,1,16,3,'More than 100m2',NULL),(7100,1,16,36,'',NULL),(7101,1,16,37,'',NULL),(7102,1,16,54,'Agent',NULL),(7103,1,16,66,'0',0),(7104,1,16,67,'',NULL),(7105,1,16,68,'',NULL),(7106,1,16,69,'',NULL),(7107,1,16,70,'',NULL),(7108,1,16,71,'',NULL),(7109,1,16,72,'',NULL),(7110,1,16,73,'',NULL),(7111,1,16,21,'0',0),(7112,1,16,52,'0',0),(7113,1,16,64,'Croatia - Primorsko-Goranska -',NULL),(7114,1,16,27,'0',0),(7115,1,16,32,'true',NULL),(7116,1,16,43,'0',0),(7117,1,16,44,'1000',1000),(7118,1,16,45,'3000',3000),(7119,1,16,46,'',NULL),(7120,1,16,47,'1',1),(7121,1,16,48,'500',500),(7122,1,16,9,'0',0),(7123,1,16,12,'',NULL),(7124,1,16,42,'0',0),(7125,2,16,10,'AP Varaždin',NULL),(7126,2,16,8,'<span style=\"color: rgb(51, 51, 51); font-family: Helvetica, Arial, sans-serif; font-size: 12px; line-height: 17.1429px;\">Bus dd Varazdin is a company with core business of passenger transportation in domestic and international road transport.</span>',NULL),(7127,2,16,17,'<font color=\"#333333\" face=\"Helvetica, Arial, sans-serif\"><span style=\"font-size: 12px; line-height: 17.1429px;\">Bus dd Varazdin is a company with core business of passenger transportation in domestic and international road transport. Currently, the fleet\'s 125 buses, of which 50 are high-class.</span></font>',NULL),(7128,2,16,38,'empty',NULL),(7129,2,16,6,'bus',NULL),(7130,2,16,56,'4',4),(7131,2,16,1,'0',0),(7132,2,16,4,'Prijevoz',NULL),(7133,2,16,2,'Autobus',NULL),(7134,2,16,5,'Varaždinska',NULL),(7135,2,16,7,'Varaždin',NULL),(7136,2,16,40,'42000',42000),(7137,2,16,3,'Više od 100m2',NULL),(7138,2,16,36,'',NULL),(7139,2,16,37,'',NULL),(7140,2,16,54,'Agent',NULL),(7141,2,16,66,'0',0),(7142,2,16,67,'',NULL),(7143,2,16,68,'',NULL),(7144,2,16,69,'',NULL),(7145,2,16,70,'',NULL),(7146,2,16,71,'',NULL),(7147,2,16,72,'',NULL),(7148,2,16,73,'',NULL),(7149,2,16,21,'0',0),(7150,2,16,52,'0',0),(7151,2,16,64,'Croatia - Primorsko-Goranska -',NULL),(7152,2,16,27,'0',0),(7153,2,16,32,'true',NULL),(7154,2,16,43,'0',0),(7155,2,16,44,'1000',1000),(7156,2,16,45,'3000',3000),(7157,2,16,46,'',NULL),(7158,2,16,47,'1',1),(7159,2,16,48,'500',500),(7160,2,16,9,'0',0),(7161,2,16,12,'',NULL),(7162,2,16,42,'0',0),(7163,1,15,10,'PU varaždinska',NULL),(7164,1,15,8,'<span style=\"font-size: 13.3333px;\">In the area of the Police Department monitors, analyzes and prevent a situation of public order, road safety and the issue of misdemeanors and offenses.</span>',NULL),(7165,1,15,17,'<font face=\"Arial, Verdana\"><span style=\"font-size: 13.3333px;\">In the area of the Police Department monitors, analyzes and prevent a situation of public order, road safety and the issue of misdemeanors and offenses. Monitors the state of explosion protection, ensuring public meetings, facilities and people, and organizes professional development for employees.</span></font>',NULL),(7166,1,15,38,'empty',NULL),(7167,1,15,6,'police',NULL),(7168,1,15,56,'5',5),(7169,1,15,1,'0',0),(7170,1,15,4,'Emergency',NULL),(7171,1,15,2,'Police',NULL),(7172,1,15,5,'Varaždinska',NULL),(7173,1,15,7,'Varazdin',NULL),(7174,1,15,40,'42000',42000),(7175,1,15,3,'More than 100m2',NULL),(7176,1,15,36,'',NULL),(7177,1,15,37,'',NULL),(7178,1,15,54,'Agent',NULL),(7179,1,15,66,'0',0),(7180,1,15,67,'',NULL),(7181,1,15,68,'',NULL),(7182,1,15,69,'',NULL),(7183,1,15,70,'',NULL),(7184,1,15,71,'',NULL),(7185,1,15,72,'',NULL),(7186,1,15,73,'',NULL),(7187,1,15,21,'0',0),(7188,1,15,52,'0',0),(7189,1,15,64,'Croatia - Karlovacka -',NULL),(7190,1,15,27,'0',0),(7191,1,15,32,'true',NULL),(7192,1,15,43,'0',0),(7193,1,15,44,'1500',1500),(7194,1,15,45,'1000',1000),(7195,1,15,46,'',NULL),(7196,1,15,47,'2000',2000),(7197,1,15,48,'2500',2500),(7198,1,15,9,'0',0),(7199,1,15,12,'',NULL),(7200,1,15,42,'0',0),(7201,2,15,10,'PU varaždinska',NULL),(7202,2,15,8,'<div style=\"text-align: justify;\"><font face=\"Arial, sans-serif\"><span style=\"font-size: 11px; line-height: 17px;\">Na području Policijske uprave prati, analizira i prevenira stanje javnog reda, sigurnosti cestovnog prometa te problematiku prijestupa i prekršaja.</span></font></div>',NULL),(7203,2,15,17,'<span style=\"font-family: Arial, sans-serif; font-size: 11px; line-height: 17px; text-align: justify;\">Na području Policijske uprave prati, analizira i prevenira stanje javnog reda, sigurnosti cestovnog prometa te problematiku prijestupa i prekršaja. Prati stanje protueksplozijske zaštite, osiguranja javnih okupljanja, objekata i osoba te organizira stručno usavršavanje djelatnika.</span>',NULL),(7204,2,15,38,'empty',NULL),(7205,2,15,6,'police',NULL),(7206,2,15,56,'5',5),(7207,2,15,1,'0',0),(7208,2,15,4,'Prva pomoć',NULL),(7209,2,15,2,'Policija',NULL),(7210,2,15,5,'Varaždinska',NULL),(7211,2,15,7,'Varaždin',NULL),(7212,2,15,40,'42000',42000),(7213,2,15,3,'Više od 100m2',NULL),(7214,2,15,36,'',NULL),(7215,2,15,37,'',NULL),(7216,2,15,54,'Agent',NULL),(7217,2,15,66,'0',0),(7218,2,15,67,'',NULL),(7219,2,15,68,'',NULL),(7220,2,15,69,'',NULL),(7221,2,15,70,'',NULL),(7222,2,15,71,'',NULL),(7223,2,15,72,'',NULL),(7224,2,15,73,'',NULL),(7225,2,15,21,'0',0),(7226,2,15,52,'0',0),(7227,2,15,64,'Croatia - Karlovacka -',NULL),(7228,2,15,27,'0',0),(7229,2,15,32,'true',NULL),(7230,2,15,43,'0',0),(7231,2,15,44,'1500',1500),(7232,2,15,45,'1000',1000),(7233,2,15,46,'',NULL),(7234,2,15,47,'2000',2000),(7235,2,15,48,'2500',2500),(7236,2,15,9,'0',0),(7237,2,15,12,'',NULL),(7238,2,15,42,'0',0),(7239,1,14,10,'Opća bolnica Varaždin',NULL),(7240,1,14,78,'',NULL),(7241,1,14,8,'<font face=\"Arial, Verdana\"><span style=\"font-size: 13.3333px;\">The largest hospital in Varazdin County.</span></font>',NULL),(7242,1,14,17,'<font face=\"Arial, Verdana\"><span style=\"font-size: 13.3333px;\">The largest hospital in Varazdin County.</span></font>',NULL),(7243,1,14,38,'empty',NULL),(7244,1,14,6,'ambulance',NULL),(7245,1,14,56,'3',3),(7246,1,14,1,'',NULL),(7247,1,14,4,'Emergency',NULL),(7248,1,14,2,'Ambulance',NULL),(7249,1,14,5,'Varaždinska',NULL),(7250,1,14,7,'Varazdin',NULL),(7251,1,14,40,'42000',42000),(7252,1,14,3,'More than 100m2',NULL),(7253,1,14,36,'',NULL),(7254,1,14,37,'',NULL),(7255,1,14,54,'Agent',NULL),(7256,1,14,66,'',NULL),(7257,1,14,67,'',NULL),(7258,1,14,68,'',NULL),(7259,1,14,69,'',NULL),(7260,1,14,70,'',NULL),(7261,1,14,71,'',NULL),(7262,1,14,72,'',NULL),(7263,1,14,73,'',NULL),(7264,1,14,21,'',NULL),(7265,1,14,64,'Croatia - Karlovacka -',NULL),(7266,1,14,52,'',NULL),(7267,1,14,27,'',NULL),(7268,1,14,32,'true',NULL),(7269,1,14,43,'',NULL),(7270,1,14,44,'2000',2000),(7271,1,14,45,'3000',3000),(7272,1,14,46,'',NULL),(7273,1,14,47,'500',500),(7274,1,14,48,'1',1),(7275,1,14,9,'',NULL),(7276,1,14,12,'',NULL),(7277,1,14,42,'',NULL),(7278,2,14,10,'Opća bolnica Varaždin',NULL),(7279,2,14,78,'',NULL),(7280,2,14,8,'Najveća bolnička ustanova u Varaždinskoj županiji.',NULL),(7281,2,14,17,'',NULL),(7282,2,14,38,'empty',NULL),(7283,2,14,6,'ambulance',NULL),(7284,2,14,56,'3',3),(7285,2,14,1,'',NULL),(7286,2,14,4,'Prva pomoć',NULL),(7287,2,14,2,'Ambulanta',NULL),(7288,2,14,5,'Varaždinska',NULL),(7289,2,14,7,'Varaždin',NULL),(7290,2,14,40,'42000',42000),(7291,2,14,3,'Više od 100m2',NULL),(7292,2,14,36,'',NULL),(7293,2,14,37,'',NULL),(7294,2,14,54,'Agent',NULL),(7295,2,14,66,'',NULL),(7296,2,14,67,'',NULL),(7297,2,14,68,'',NULL),(7298,2,14,69,'',NULL),(7299,2,14,70,'',NULL),(7300,2,14,71,'',NULL),(7301,2,14,72,'',NULL),(7302,2,14,73,'',NULL),(7303,2,14,21,'',NULL),(7304,2,14,64,'Croatia - Karlovacka -',NULL),(7305,2,14,52,'',NULL),(7306,2,14,27,'',NULL),(7307,2,14,32,'true',NULL),(7308,2,14,43,'',NULL),(7309,2,14,44,'2000',2000),(7310,2,14,45,'3000',3000),(7311,2,14,46,'',NULL),(7312,2,14,47,'500',500),(7313,2,14,48,'1',1),(7314,2,14,9,'',NULL),(7315,2,14,12,'',NULL),(7316,2,14,42,'',NULL),(7317,1,13,10,'Hotel Turist',NULL),(7318,1,13,8,'Tourist Hotel was founded in 1964 on the model of the Varazdin &quot;Grand Hotels&quot;.',NULL),(7319,1,13,17,'<span style=\"font-family: \'Segoe UI\', Arial, sans-serif; font-size: 14px; line-height: 23px; background-color: rgb(255, 255, 255);\">Hotel Turist utemeljen je 1964.godine po uzoru na stare varaždinske \"grand hotele\". S</span><span style=\"font-family: \'Segoe UI\', Arial, sans-serif; font-size: 14px; line-height: 23px; background-color: rgb(255, 255, 255);\">avršena je destinacija za odmor i relaksaciju, svojim gostima nudi smještaj kapaciteta od 174 ležaja.&nbsp;</span>',NULL),(7320,1,13,38,'empty',NULL),(7321,1,13,6,'hotel',NULL),(7322,1,13,56,'4',4),(7323,1,13,1,'0',0),(7324,1,13,4,'Sleeping',NULL),(7325,1,13,2,'Hotel',NULL),(7326,1,13,5,'Varaždinska',NULL),(7327,1,13,7,'Varazdin',NULL),(7328,1,13,40,'42000',42000),(7329,1,13,3,'More than 100m2',NULL),(7330,1,13,36,'',NULL),(7331,1,13,37,'',NULL),(7332,1,13,54,'Agent',NULL),(7333,1,13,66,'0',0),(7334,1,13,67,'',NULL),(7335,1,13,68,'',NULL),(7336,1,13,69,'',NULL),(7337,1,13,70,'',NULL),(7338,1,13,71,'',NULL),(7339,1,13,72,'',NULL),(7340,1,13,73,'',NULL),(7341,1,13,21,'0',0),(7342,1,13,52,'0',0),(7343,1,13,64,'Croatia - Primorsko-Goranska -',NULL),(7344,1,13,27,'0',0),(7345,1,13,32,'true',NULL),(7346,1,13,43,'0',0),(7347,1,13,44,'1500',1500),(7348,1,13,45,'1500',1500),(7349,1,13,46,'',NULL),(7350,1,13,47,'1000',1000),(7351,1,13,48,'1500',1500),(7352,1,13,9,'0',0),(7353,1,13,12,'',NULL),(7354,1,13,42,'0',0),(7355,2,13,10,'Hotel Turist',NULL),(7356,2,13,8,'Hotel Turist utemeljen je 1964.godine po uzoru na stare varaždinske \"grand hotele\".',NULL),(7357,2,13,17,'<span style=\"font-family: \'Segoe UI\', Arial, sans-serif; font-size: 14px; line-height: 23px; background-color: rgb(255, 255, 255);\">Hotel Turist utemeljen je 1964.godine po uzoru na stare varaždinske \"grand hotele\". S</span><span style=\"font-family: \'Segoe UI\', Arial, sans-serif; font-size: 14px; line-height: 23px; background-color: rgb(255, 255, 255);\">avršena je destinacija za odmor i relaksaciju, svojim gostima nudi smještaj kapaciteta od 174 ležaja.&nbsp;</span>',NULL),(7358,2,13,38,'empty',NULL),(7359,2,13,6,'hotel',NULL),(7360,2,13,56,'4',4),(7361,2,13,1,'0',0),(7362,2,13,4,'Spavanje',NULL),(7363,2,13,2,'Hotel',NULL),(7364,2,13,5,'Varaždinska',NULL),(7365,2,13,7,'Varaždin',NULL),(7366,2,13,40,'42000',42000),(7367,2,13,3,'Više od 100m2',NULL),(7368,2,13,36,'',NULL),(7369,2,13,37,'',NULL),(7370,2,13,54,'Agent',NULL),(7371,2,13,66,'0',0),(7372,2,13,67,'',NULL),(7373,2,13,68,'',NULL),(7374,2,13,69,'',NULL),(7375,2,13,70,'',NULL),(7376,2,13,71,'',NULL),(7377,2,13,72,'',NULL),(7378,2,13,73,'',NULL),(7379,2,13,21,'0',0),(7380,2,13,52,'0',0),(7381,2,13,64,'Croatia - Primorsko-Goranska -',NULL),(7382,2,13,27,'0',0),(7383,2,13,32,'true',NULL),(7384,2,13,43,'0',0),(7385,2,13,44,'1500',1500),(7386,2,13,45,'1500',1500),(7387,2,13,46,'',NULL),(7388,2,13,47,'1000',1000),(7389,2,13,48,'1500',1500),(7390,2,13,9,'0',0),(7391,2,13,12,'',NULL),(7392,2,13,42,'0',0),(7393,1,12,10,'Franjevački trg',NULL),(7394,1,12,8,'<span style=\"font-size: 13.3333px;\">On the square are situated a Franciscan monastery and church of St. Ivana Baptist.</span>',NULL),(7395,1,12,17,'<div><font face=\"Arial, Verdana\"><span style=\"font-size: 13.3333px;\">On the square are situated a Franciscan monastery and church of St. Ivana Baptist.</span></font></div><div><font face=\"Arial, Verdana\"><span style=\"font-size: 13.3333px;\">Next to the church is the statue of Gregory of Nin, made by Croatian sculptor Ivan Mestrovic.</span></font></div>',NULL),(7396,1,12,38,'empty',NULL),(7397,1,12,6,'piazza',NULL),(7398,1,12,56,'4',4),(7399,1,12,1,'0',0),(7400,1,12,4,'Excursion',NULL),(7401,1,12,2,'Piazza',NULL),(7402,1,12,5,'Varaždinska',NULL),(7403,1,12,7,'Varazdin',NULL),(7404,1,12,40,'42000',42000),(7405,1,12,3,'More than 100m2',NULL),(7406,1,12,36,'',NULL),(7407,1,12,37,'',NULL),(7408,1,12,54,'Agent',NULL),(7409,1,12,66,'0',0),(7410,1,12,67,'',NULL),(7411,1,12,68,'',NULL),(7412,1,12,69,'',NULL),(7413,1,12,70,'',NULL),(7414,1,12,71,'',NULL),(7415,1,12,72,'',NULL),(7416,1,12,73,'',NULL),(7417,1,12,21,'0',0),(7418,1,12,52,'0',0),(7419,1,12,64,'Croatia - Medimurska -',NULL),(7420,1,12,27,'0',0),(7421,1,12,32,'0',0),(7422,1,12,43,'0',0),(7423,1,12,44,'100',100),(7424,1,12,45,'3000',3000),(7425,1,12,46,'',NULL),(7426,1,12,47,'1500',1500),(7427,1,12,48,'1500',1500),(7428,1,12,9,'0',0),(7429,1,12,12,'',NULL),(7430,1,12,42,'0',0),(7431,2,12,10,'Franjevački trg',NULL),(7432,2,12,8,'Na trgu su smješteni franjevački samostan i Carkva sv. Ivana Krstitelja',NULL),(7433,2,12,17,'<span style=\"font-size: 13.3333px;\">Na trgu su smješteni franjevački samostan i Carkva sv. Ivana Krstitelja.</span><div>Uz crkvu je postavljen kip Grgura Ninskog, koji je&nbsp;<span style=\"color: rgb(37, 37, 37); font-family: sans-serif; font-size: 14px; line-height: 22.4px; background-color: rgb(255, 255, 255);\">izradio hrvatski kipar Ivan Meštrović.</span></div>',NULL),(7434,2,12,38,'empty',NULL),(7435,2,12,6,'piazza',NULL),(7436,2,12,56,'4',4),(7437,2,12,1,'0',0),(7438,2,12,4,'Izleti',NULL),(7439,2,12,2,'Trg',NULL),(7440,2,12,5,'Varaždinska',NULL),(7441,2,12,7,'Varaždin',NULL),(7442,2,12,40,'42000',42000),(7443,2,12,3,'Više od 100m2',NULL),(7444,2,12,36,'',NULL),(7445,2,12,37,'',NULL),(7446,2,12,54,'Agent',NULL),(7447,2,12,66,'0',0),(7448,2,12,67,'',NULL),(7449,2,12,68,'',NULL),(7450,2,12,69,'',NULL),(7451,2,12,70,'',NULL),(7452,2,12,71,'',NULL),(7453,2,12,72,'',NULL),(7454,2,12,73,'',NULL),(7455,2,12,21,'0',0),(7456,2,12,52,'0',0),(7457,2,12,64,'Croatia - Medimurska -',NULL),(7458,2,12,27,'0',0),(7459,2,12,32,'0',0),(7460,2,12,43,'0',0),(7461,2,12,44,'100',100),(7462,2,12,45,'3000',3000),(7463,2,12,46,'',NULL),(7464,2,12,47,'1500',1500),(7465,2,12,48,'1500',1500),(7466,2,12,9,'0',0),(7467,2,12,12,'',NULL),(7468,2,12,42,'0',0),(7469,1,10,10,'Mea Culpa Bar',NULL),(7470,1,10,8,'',NULL),(7471,1,10,17,'<font face=\"Arial, Verdana\"><span style=\"font-size: 13.3333px;\">Mea Culpa Bar is located in the city center with a terrace on the square Miljnka Stančića where you have a direct view of the Old Town.</span></font>',NULL),(7472,1,10,38,'empty',NULL),(7473,1,10,6,'bar',NULL),(7474,1,10,56,'5',5),(7475,1,10,1,'0',0),(7476,1,10,4,'Fun',NULL),(7477,1,10,2,'Bar',NULL),(7478,1,10,5,'Varaždinska',NULL),(7479,1,10,7,'Varazdin',NULL),(7480,1,10,40,'42000',42000),(7481,1,10,3,'More than 100m2',NULL),(7482,1,10,36,'',NULL),(7483,1,10,37,'',NULL),(7484,1,10,54,'Agent',NULL),(7485,1,10,66,'0',0),(7486,1,10,67,'',NULL),(7487,1,10,68,'',NULL),(7488,1,10,69,'',NULL),(7489,1,10,70,'',NULL),(7490,1,10,71,'',NULL),(7491,1,10,72,'',NULL),(7492,1,10,73,'',NULL),(7493,1,10,21,'0',0),(7494,1,10,52,'0',0),(7495,1,10,64,'Croatia - Karlovacka -',NULL),(7496,1,10,27,'0',0),(7497,1,10,32,'0',0),(7498,1,10,43,'0',0),(7499,1,10,44,'400',400),(7500,1,10,45,'3000',3000),(7501,1,10,46,'',NULL),(7502,1,10,47,'1000',1000),(7503,1,10,48,'1500',1500),(7504,1,10,9,'0',0),(7505,1,10,12,'',NULL),(7506,1,10,42,'0',0),(7507,2,10,10,'Mea Culpa Bar',NULL),(7508,2,10,8,'Mea Culpa Bar smješten je u staroj gradskoj jezgri.',NULL),(7509,2,10,17,'<span style=\"font-size: 13.3333px;\">Mea Culpa Bar smješten je u staroj gradskoj jezgri u starom centru grada s terasom na Trgu Miljnka Stančića s koje imate izravan pogled na tvrđavu Stari grad.</span>',NULL),(7510,2,10,38,'empty',NULL),(7511,2,10,6,'bar',NULL),(7512,2,10,56,'5',5),(7513,2,10,1,'0',0),(7514,2,10,4,'Zabava',NULL),(7515,2,10,2,'Klub',NULL),(7516,2,10,5,'Varaždinska',NULL),(7517,2,10,7,'Varaždin',NULL),(7518,2,10,40,'42000',42000),(7519,2,10,3,'Više od 100m2',NULL),(7520,2,10,36,'',NULL),(7521,2,10,37,'',NULL),(7522,2,10,54,'Agent',NULL),(7523,2,10,66,'0',0),(7524,2,10,67,'',NULL),(7525,2,10,68,'',NULL),(7526,2,10,69,'',NULL),(7527,2,10,70,'',NULL),(7528,2,10,71,'',NULL),(7529,2,10,72,'',NULL),(7530,2,10,73,'',NULL),(7531,2,10,21,'0',0),(7532,2,10,52,'0',0),(7533,2,10,64,'Croatia - Karlovacka -',NULL),(7534,2,10,27,'0',0),(7535,2,10,32,'0',0),(7536,2,10,43,'0',0),(7537,2,10,44,'400',400),(7538,2,10,45,'3000',3000),(7539,2,10,46,'',NULL),(7540,2,10,47,'1000',1000),(7541,2,10,48,'1500',1500),(7542,2,10,9,'0',0),(7543,2,10,12,'',NULL),(7544,2,10,42,'0',0),(7545,1,9,10,'Supernova',NULL),(7546,1,9,8,'Shopping park Supernova na zapadnom ulazu u Varaždin.',NULL),(7547,1,9,17,'Shopping park Supernova&nbsp;<span style=\"font-size: 13.3333px;\">na zapadnom ulazu u Varaždin s više od 20 trgovina i velikim parkingom. Autobusna lijija ga povezuje s centrom.</span>',NULL),(7548,1,9,38,'empty',NULL),(7549,1,9,6,'shopping_center',NULL),(7550,1,9,56,'4',4),(7551,1,9,1,'0',0),(7552,1,9,4,'Shopping',NULL),(7553,1,9,2,'Shopping center',NULL),(7554,1,9,5,'Varaždinska',NULL),(7555,1,9,7,'Varazdin',NULL),(7556,1,9,40,'42000',42000),(7557,1,9,3,'More than 100m2',NULL),(7558,1,9,36,'',NULL),(7559,1,9,37,'',NULL),(7560,1,9,54,'Agent',NULL),(7561,1,9,66,'0',0),(7562,1,9,67,'',NULL),(7563,1,9,68,'',NULL),(7564,1,9,69,'',NULL),(7565,1,9,70,'',NULL),(7566,1,9,71,'',NULL),(7567,1,9,72,'',NULL),(7568,1,9,73,'',NULL),(7569,1,9,21,'0',0),(7570,1,9,52,'0',0),(7571,1,9,64,'Croatia - Vukovarsko-Srijemska -',NULL),(7572,1,9,27,'0',0),(7573,1,9,32,'true',NULL),(7574,1,9,43,'0',0),(7575,1,9,44,'4000',4000),(7576,1,9,45,'5000',5000),(7577,1,9,46,'',NULL),(7578,1,9,47,'20',20),(7579,1,9,48,'2000',2000),(7580,1,9,9,'0',0),(7581,1,9,12,'',NULL),(7582,1,9,42,'0',0),(7583,2,9,10,'Supernova',NULL),(7584,2,9,8,'Shopping park Supernova na zapadnom ulazu u Varaždin.',NULL),(7585,2,9,17,'Shopping park Supernova&nbsp;<span style=\"font-size: 13.3333px;\">na zapadnom ulazu u Varaždin s više od 20 trgovina i velikim parkingom. Autobusna linija ga povezuje s centrom.</span>',NULL),(7586,2,9,38,'empty',NULL),(7587,2,9,6,'shopping_center',NULL),(7588,2,9,56,'4',4),(7589,2,9,1,'0',0),(7590,2,9,4,'Shopping',NULL),(7591,2,9,2,'Shopping center',NULL),(7592,2,9,5,'Varaždinska',NULL),(7593,2,9,7,'Varazdin',NULL),(7594,2,9,40,'42000',42000),(7595,2,9,3,'Više od 100m2',NULL),(7596,2,9,36,'',NULL),(7597,2,9,37,'',NULL),(7598,2,9,54,'Agent',NULL),(7599,2,9,66,'0',0),(7600,2,9,67,'',NULL),(7601,2,9,68,'',NULL),(7602,2,9,69,'',NULL),(7603,2,9,70,'',NULL),(7604,2,9,71,'',NULL),(7605,2,9,72,'',NULL),(7606,2,9,73,'',NULL),(7607,2,9,21,'0',0),(7608,2,9,52,'0',0),(7609,2,9,64,'Croatia - Vukovarsko-Srijemska -',NULL),(7610,2,9,27,'0',0),(7611,2,9,32,'true',NULL),(7612,2,9,43,'0',0),(7613,2,9,44,'4000',4000),(7614,2,9,45,'5000',5000),(7615,2,9,46,'',NULL),(7616,2,9,47,'20',20),(7617,2,9,48,'2000',2000),(7618,2,9,9,'0',0),(7619,2,9,12,'',NULL),(7620,2,9,42,'0',0),(7621,1,8,10,'Faculty of Organization and Informatics',NULL),(7622,1,8,8,'University of Zagreb School of Medicine',NULL),(7623,1,8,17,'',NULL),(7624,1,8,38,'empty',NULL),(7625,1,8,6,'empty',NULL),(7626,1,8,56,'4',4),(7627,1,8,1,'0',0),(7628,1,8,4,'Learning',NULL),(7629,1,8,2,'School',NULL),(7630,1,8,5,'Varaždinska',NULL),(7631,1,8,7,'Varazdin',NULL),(7632,1,8,40,'42000',42000),(7633,1,8,3,'More than 100m2',NULL),(7634,1,8,36,'',NULL),(7635,1,8,37,'',NULL),(7636,1,8,54,'Agent',NULL),(7637,1,8,66,'0',0),(7638,1,8,67,'',NULL),(7639,1,8,68,'',NULL),(7640,1,8,69,'',NULL),(7641,1,8,70,'',NULL),(7642,1,8,71,'',NULL),(7643,1,8,72,'',NULL),(7644,1,8,73,'',NULL),(7645,1,8,21,'0',0),(7646,1,8,52,'0',0),(7647,1,8,64,'Croatia - Zagrebacka -',NULL),(7648,1,8,27,'0',0),(7649,1,8,32,'0',0),(7650,1,8,43,'0',0),(7651,1,8,44,'1',1),(7652,1,8,45,'1000',1000),(7653,1,8,46,'',NULL),(7654,1,8,47,'1000',1000),(7655,1,8,48,'1500',1500),(7656,1,8,9,'0',0),(7657,1,8,12,'',NULL),(7658,1,8,42,'0',0),(7659,2,8,10,'Fakultet organizacije i informatike',NULL),(7660,2,8,8,'Fakultet organizacije i informatike jedna je od 33 sastavnice Sveučilišta u Zagrebu.',NULL),(7661,2,8,17,'Fakultet informatike i organizacije postoji već 51 godinu. Prvih 12 godine djelovao je kao visoka ekonomska škola, a od 1974. godine djeluje kao fakultet i jedini je koji obrazovnim i znanstvenoistraživačkim programom isključivo pokriva područje informacijskih znanosti, odnosno informatike.',NULL),(7662,2,8,38,'empty',NULL),(7663,2,8,6,'empty',NULL),(7664,2,8,56,'4',4),(7665,2,8,1,'0',0),(7666,2,8,4,'Učenje',NULL),(7667,2,8,2,'Škola',NULL),(7668,2,8,5,'Varaždinska',NULL),(7669,2,8,7,'Varaždin',NULL),(7670,2,8,40,'42000',42000),(7671,2,8,3,'Više od 100m2',NULL),(7672,2,8,36,'',NULL),(7673,2,8,37,'',NULL),(7674,2,8,54,'Agent',NULL),(7675,2,8,66,'0',0),(7676,2,8,67,'',NULL),(7677,2,8,68,'',NULL),(7678,2,8,69,'',NULL),(7679,2,8,70,'',NULL),(7680,2,8,71,'',NULL),(7681,2,8,72,'',NULL),(7682,2,8,73,'',NULL),(7683,2,8,21,'0',0),(7684,2,8,52,'0',0),(7685,2,8,64,'Croatia - Zagrebacka -',NULL),(7686,2,8,27,'0',0),(7687,2,8,32,'0',0),(7688,2,8,43,'0',0),(7689,2,8,44,'1',1),(7690,2,8,45,'1000',1000),(7691,2,8,46,'',NULL),(7692,2,8,47,'1000',1000),(7693,2,8,48,'1500',1500),(7694,2,8,9,'0',0),(7695,2,8,12,'',NULL),(7696,2,8,42,'0',0),(7697,1,7,10,'NK Varteks',NULL),(7698,1,7,8,'<font face=\"Arial, Verdana\"><span style=\"font-size: 13.3333px;\">The stadium NK Varteks held the premier league matches.</span></font>',NULL),(7699,1,7,17,'<font face=\"Arial, Verdana\"><span style=\"font-size: 13.3333px;\">The stadium NK Varteks held the premier league matches.</span></font>',NULL),(7700,1,7,38,'empty',NULL),(7701,1,7,6,'stadium',NULL),(7702,1,7,56,'4',4),(7703,1,7,1,'0',0),(7704,1,7,4,'Sport',NULL),(7705,1,7,2,'Stadium',NULL),(7706,1,7,5,'Varaždinska',NULL),(7707,1,7,7,'Varazdin',NULL),(7708,1,7,40,'42000',42000),(7709,1,7,3,'More than 100m2',NULL),(7710,1,7,36,'',NULL),(7711,1,7,37,'',NULL),(7712,1,7,54,'Agent',NULL),(7713,1,7,66,'0',0),(7714,1,7,67,'',NULL),(7715,1,7,68,'',NULL),(7716,1,7,69,'',NULL),(7717,1,7,70,'',NULL),(7718,1,7,71,'',NULL),(7719,1,7,72,'',NULL),(7720,1,7,73,'',NULL),(7721,1,7,21,'0',0),(7722,1,7,52,'0',0),(7723,1,7,64,'Croatia - Vukovarsko-Srijemska -',NULL),(7724,1,7,27,'0',0),(7725,1,7,32,'true',NULL),(7726,1,7,43,'0',0),(7727,1,7,44,'3000',3000),(7728,1,7,45,'2000',2000),(7729,1,7,46,'',NULL),(7730,1,7,47,'3000',3000),(7731,1,7,48,'3000',3000),(7732,1,7,9,'0',0),(7733,1,7,12,'',NULL),(7734,1,7,42,'0',0),(7735,2,7,10,'NK Varteks',NULL),(7736,2,7,8,'Na stadionu NK Varteks održavaju se prvoligaške utakmice.',NULL),(7737,2,7,17,'<span style=\"font-size: 13.3333px;\">Na stadionu NK Varteks održavaju se prvoligaške utakmice.</span>',NULL),(7738,2,7,38,'empty',NULL),(7739,2,7,6,'stadium',NULL),(7740,2,7,56,'4',4),(7741,2,7,1,'0',0),(7742,2,7,4,'Sport',NULL),(7743,2,7,2,'Stadion',NULL),(7744,2,7,5,'Varaždinska',NULL),(7745,2,7,7,'Varazdin',NULL),(7746,2,7,40,'42000',42000),(7747,2,7,3,'Više od 100m2',NULL),(7748,2,7,36,'',NULL),(7749,2,7,37,'',NULL),(7750,2,7,54,'Agent',NULL),(7751,2,7,66,'0',0),(7752,2,7,67,'',NULL),(7753,2,7,68,'',NULL),(7754,2,7,69,'',NULL),(7755,2,7,70,'',NULL),(7756,2,7,71,'',NULL),(7757,2,7,72,'',NULL),(7758,2,7,73,'',NULL),(7759,2,7,21,'0',0),(7760,2,7,52,'0',0),(7761,2,7,64,'Croatia - Vukovarsko-Srijemska -',NULL),(7762,2,7,27,'0',0),(7763,2,7,32,'true',NULL),(7764,2,7,43,'0',0),(7765,2,7,44,'3000',3000),(7766,2,7,45,'2000',2000),(7767,2,7,46,'',NULL),(7768,2,7,47,'3000',3000),(7769,2,7,48,'3000',3000),(7770,2,7,9,'0',0),(7771,2,7,12,'',NULL),(7772,2,7,42,'0',0),(7773,1,6,10,'Coffeehouse',NULL),(7774,1,6,8,'',NULL),(7775,1,6,17,'Dora Cafe offers daily fresh homemade cookies, cakes and indigenous traditional sweets from Varazdin area.',NULL),(7776,1,6,38,'empty',NULL),(7777,1,6,6,'coffee',NULL),(7778,1,6,56,'5',5),(7779,1,6,1,'0',0),(7780,1,6,4,'Food and drink',NULL),(7781,1,6,2,'Coffee bar',NULL),(7782,1,6,5,'Varaždinska',NULL),(7783,1,6,7,'Varazdin',NULL),(7784,1,6,40,'42000',42000),(7785,1,6,3,'More than 100m2',NULL),(7786,1,6,36,'',NULL),(7787,1,6,37,'',NULL),(7788,1,6,54,'Agent',NULL),(7789,1,6,66,'0',0),(7790,1,6,67,'',NULL),(7791,1,6,68,'',NULL),(7792,1,6,69,'',NULL),(7793,1,6,70,'',NULL),(7794,1,6,71,'',NULL),(7795,1,6,72,'',NULL),(7796,1,6,73,'',NULL),(7797,1,6,21,'0',0),(7798,1,6,52,'0',0),(7799,1,6,64,'Croatia - Licko-Senjska -',NULL),(7800,1,6,27,'0',0),(7801,1,6,32,'0',0),(7802,1,6,43,'0',0),(7803,1,6,44,'100',100),(7804,1,6,45,'2000',2000),(7805,1,6,46,'',NULL),(7806,1,6,47,'600',600),(7807,1,6,48,'1500',1500),(7808,1,6,9,'0',0),(7809,1,6,12,'',NULL),(7810,1,6,42,'0',0),(7811,2,6,10,'Kavana Dora',NULL),(7812,2,6,8,'Kavana Dora nudi doživljaj prave srednjeeuropske kavane.',NULL),(7813,2,6,17,'Kavana Dora nudi dnevno svježe domaće kolače, torte te autohtone tradicionalne slastice varaždinskog kraja.',NULL),(7814,2,6,38,'empty',NULL),(7815,2,6,6,'coffee',NULL),(7816,2,6,56,'5',5),(7817,2,6,1,'0',0),(7818,2,6,4,'Hrana i piće',NULL),(7819,2,6,2,'Kafić',NULL),(7820,2,6,5,'Varaždinska',NULL),(7821,2,6,7,'Varaždin',NULL),(7822,2,6,40,'42000',42000),(7823,2,6,3,'Više od 100m2',NULL),(7824,2,6,36,'',NULL),(7825,2,6,37,'',NULL),(7826,2,6,54,'Agent',NULL),(7827,2,6,66,'0',0),(7828,2,6,67,'',NULL),(7829,2,6,68,'',NULL),(7830,2,6,69,'',NULL),(7831,2,6,70,'',NULL),(7832,2,6,71,'',NULL),(7833,2,6,72,'',NULL),(7834,2,6,73,'',NULL),(7835,2,6,21,'0',0),(7836,2,6,52,'0',0),(7837,2,6,64,'Croatia - Licko-Senjska -',NULL),(7838,2,6,27,'0',0),(7839,2,6,32,'0',0),(7840,2,6,43,'0',0),(7841,2,6,44,'100',100),(7842,2,6,45,'2000',2000),(7843,2,6,46,'',NULL),(7844,2,6,47,'600',600),(7845,2,6,48,'1500',1500),(7846,2,6,9,'0',0),(7847,2,6,12,'',NULL),(7848,2,6,42,'0',0),(7849,1,5,10,'Fountain',NULL),(7850,1,5,8,'<font face=\"Arial, Verdana\"><span style=\"font-size: 13.3333px;\">Bakery Fountain is located near popular park.</span></font>',NULL),(7851,1,5,17,'<font face=\"Arial, Verdana\"><span style=\"font-size: 13.3333px;\">Bakery Fountain offers a variety of ice creams, cakes, clips and a choice of drinks and is located near popular park.</span></font>',NULL),(7852,1,5,38,'empty',NULL),(7853,1,5,6,'bakery',NULL),(7854,1,5,56,'4',4),(7855,1,5,1,'0',0),(7856,1,5,4,'Food and drink',NULL),(7857,1,5,2,'Bakery',NULL),(7858,1,5,5,'Varaždinska',NULL),(7859,1,5,7,'Varazdin',NULL),(7860,1,5,40,'42000',42000),(7861,1,5,3,'50-100m2',NULL),(7862,1,5,36,'',NULL),(7863,1,5,37,'',NULL),(7864,1,5,54,'Agent',NULL),(7865,1,5,66,'0',0),(7866,1,5,67,'',NULL),(7867,1,5,68,'',NULL),(7868,1,5,69,'',NULL),(7869,1,5,70,'',NULL),(7870,1,5,71,'',NULL),(7871,1,5,72,'',NULL),(7872,1,5,73,'',NULL),(7873,1,5,21,'0',0),(7874,1,5,52,'0',0),(7875,1,5,64,'Croatia - Bjelovarska-Bilogorska -',NULL),(7876,1,5,27,'0',0),(7877,1,5,32,'true',NULL),(7878,1,5,43,'0',0),(7879,1,5,44,'500',500),(7880,1,5,45,'1500',1500),(7881,1,5,46,'',NULL),(7882,1,5,47,'500',500),(7883,1,5,48,'1500',1500),(7884,1,5,9,'0',0),(7885,1,5,12,'',NULL),(7886,1,5,42,'0',0),(7887,2,5,10,'Fontana',NULL),(7888,2,5,8,'Slastičarnica Fontana nalazi se preko puta parka.',NULL),(7889,2,5,17,'<span style=\"font-size: 13.3333px;\">Slastičarnica Fontana u ponudi ima razne sladolede, kolače, klipiće te veliku ponudu pića i nalazi se preko puta parka.</span>',NULL),(7890,2,5,38,'empty',NULL),(7891,2,5,6,'bakery',NULL),(7892,2,5,56,'4',4),(7893,2,5,1,'0',0),(7894,2,5,4,'Hrana i piće',NULL),(7895,2,5,2,'Slastičarna',NULL),(7896,2,5,5,'Varaždinska',NULL),(7897,2,5,7,'Varaždin',NULL),(7898,2,5,40,'42000',42000),(7899,2,5,3,'50-100m2',NULL),(7900,2,5,36,'',NULL),(7901,2,5,37,'',NULL),(7902,2,5,54,'Agent',NULL),(7903,2,5,66,'0',0),(7904,2,5,67,'',NULL),(7905,2,5,68,'',NULL),(7906,2,5,69,'',NULL),(7907,2,5,70,'',NULL),(7908,2,5,71,'',NULL),(7909,2,5,72,'',NULL),(7910,2,5,73,'',NULL),(7911,2,5,21,'0',0),(7912,2,5,52,'0',0),(7913,2,5,64,'Croatia - Bjelovarska-Bilogorska -',NULL),(7914,2,5,27,'0',0),(7915,2,5,32,'true',NULL),(7916,2,5,43,'0',0),(7917,2,5,44,'500',500),(7918,2,5,45,'1500',1500),(7919,2,5,46,'',NULL),(7920,2,5,47,'500',500),(7921,2,5,48,'1500',1500),(7922,2,5,9,'0',0),(7923,2,5,12,'',NULL),(7924,2,5,42,'0',0),(7925,1,3,10,'Movie Gallery',NULL),(7926,1,3,8,'<span id=\"result_box\" class=\"\" lang=\"en\"><span class=\"hps\">Movie</span> <span class=\"hps\">Gallery</span> <span class=\"hps\">is located</span> <span class=\"hps\">at the old CInema</span> <span class=\"hps\">Gaj</span> <span class=\"hps\">in the center</span> <span class=\"hps\">of Varazdin</span><span class=\"\">.</span></span>',NULL),(7927,1,3,17,'<span id=\"result_box\" class=\"\" lang=\"en\"><span class=\"hps\">Movie</span> <span class=\"hps\">Gallery</span> <span class=\"hps\">is located</span> <span class=\"hps\">at the old Cinema</span> <span class=\"hps\">Gaj</span> <span class=\"hps\">in the center</span> <span class=\"hps\">of Varazdin</span><span class=\"\">.</span></span>',NULL),(7928,1,3,38,'new',NULL),(7929,1,3,6,'cinema',NULL),(7930,1,3,56,'3',3),(7931,1,3,1,'0',0),(7932,1,3,4,'Fun',NULL),(7933,1,3,2,'Cinema',NULL),(7934,1,3,5,'Varaždinska',NULL),(7935,1,3,7,'Varazdin',NULL),(7936,1,3,40,'42000',42000),(7937,1,3,3,'More than 100m2',NULL),(7938,1,3,36,'',NULL),(7939,1,3,37,'',NULL),(7940,1,3,54,'Agent',NULL),(7941,1,3,66,'0',0),(7942,1,3,67,'',NULL),(7943,1,3,68,'',NULL),(7944,1,3,69,'',NULL),(7945,1,3,70,'',NULL),(7946,1,3,71,'',NULL),(7947,1,3,72,'',NULL),(7948,1,3,73,'',NULL),(7949,1,3,21,'0',0),(7950,1,3,52,'0',0),(7951,1,3,64,'Croatia - Primorsko-Goranska -',NULL),(7952,1,3,27,'0',0),(7953,1,3,32,'0',0),(7954,1,3,43,'0',0),(7955,1,3,44,'1',1),(7956,1,3,45,'1000',1000),(7957,1,3,46,'',NULL),(7958,1,3,47,'1000',1000),(7959,1,3,48,'1500',1500),(7960,1,3,9,'0',0),(7961,1,3,12,'',NULL),(7962,1,3,42,'0',0),(7963,2,3,10,'Kino Galerija',NULL),(7964,2,3,8,'Kino Galerija smješteno je u prostoru bivšeg Kina Gaj u samom centru \r\nVaraždina.',NULL),(7965,2,3,17,'Kino Galerija smješteno je u prostoru bivšeg Kina Gaj u samom centru \r\nVaraždina. Kino raspolaže sa 198 stolica na parteru i 144 na balkonu \r\nkoji nije preuređen, stoga nije u uporabi, osim ako se ne pokaže \r\npotreba. Projekcijska dvorana opremljena je s 35-milimetarskim \r\nprojektorom iz 60-ih godina prošlog stoljeća.',NULL),(7966,2,3,38,'novo',NULL),(7967,2,3,6,'cinema',NULL),(7968,2,3,56,'3',3),(7969,2,3,1,'0',0),(7970,2,3,4,'Zabava',NULL),(7971,2,3,2,'Kino',NULL),(7972,2,3,5,'Varaždinska',NULL),(7973,2,3,7,'Varaždin',NULL),(7974,2,3,40,'42000',42000),(7975,2,3,3,'Više od 100m2',NULL),(7976,2,3,36,'',NULL),(7977,2,3,37,'',NULL),(7978,2,3,54,'Agent',NULL),(7979,2,3,66,'0',0),(7980,2,3,67,'',NULL),(7981,2,3,68,'',NULL),(7982,2,3,69,'',NULL),(7983,2,3,70,'',NULL),(7984,2,3,71,'',NULL),(7985,2,3,72,'',NULL),(7986,2,3,73,'',NULL),(7987,2,3,21,'0',0),(7988,2,3,52,'0',0),(7989,2,3,64,'Croatia - Primorsko-Goranska -',NULL),(7990,2,3,27,'0',0),(7991,2,3,32,'0',0),(7992,2,3,43,'0',0),(7993,2,3,44,'1',1),(7994,2,3,45,'1000',1000),(7995,2,3,46,'',NULL),(7996,2,3,47,'1000',1000),(7997,2,3,48,'1500',1500),(7998,2,3,9,'0',0),(7999,2,3,12,'',NULL),(8000,2,3,42,'0',0);

--
-- Table structure for table `qa`
--

DROP TABLE IF EXISTS `qa`;
/*!40101 SET @saved_cs_client     = @@character_set_client */;
/*!40101 SET character_set_client = utf8 */;
CREATE TABLE `qa` (
  `id` int(11) NOT NULL AUTO_INCREMENT,
  `parent_id` int(11) DEFAULT NULL,
  `order` int(11) DEFAULT NULL,
  `date` datetime DEFAULT NULL,
  `date_modified` datetime DEFAULT NULL,
  `date_publish` datetime DEFAULT NULL,
  `question_user_id` int(11) DEFAULT NULL,
  `type` varchar(45) COLLATE utf8_unicode_ci NOT NULL DEFAULT 'CATEGORY',
  `is_readed` tinyint(1) DEFAULT '0',
  `answer_user_id` int(11) DEFAULT NULL,
  PRIMARY KEY (`id`)
) ENGINE=InnoDB AUTO_INCREMENT=7 DEFAULT CHARSET=utf8 COLLATE=utf8_unicode_ci;
/*!40101 SET character_set_client = @saved_cs_client */;

--
-- Dumping data for table `qa`
--

INSERT INTO `qa` VALUES (1,0,1,'2014-05-08 14:13:45',NULL,NULL,NULL,'CATEGORY',0,NULL),(2,0,2,'2014-05-08 14:14:46',NULL,NULL,NULL,'CATEGORY',0,NULL),(4,1,2,'2014-05-08 22:22:53',NULL,'2014-05-08 22:22:51',NULL,'QUESTION',1,9),(5,2,2,'2014-05-09 19:58:23',NULL,'2014-05-09 19:58:17',NULL,'QUESTION',1,9),(6,1,2,'2014-06-17 15:33:16',NULL,'2014-06-17 15:32:57',NULL,'QUESTION',1,11);

--
-- Table structure for table `qa_lang`
--

DROP TABLE IF EXISTS `qa_lang`;
/*!40101 SET @saved_cs_client     = @@character_set_client */;
/*!40101 SET character_set_client = utf8 */;
CREATE TABLE `qa_lang` (
  `id_qa_lang` int(11) NOT NULL AUTO_INCREMENT,
  `qa_id` int(11) NOT NULL,
  `language_id` int(11) NOT NULL,
  `question` text COLLATE utf8_unicode_ci,
  `answer` text COLLATE utf8_unicode_ci,
  `keywords` varchar(160) COLLATE utf8_unicode_ci DEFAULT NULL,
  PRIMARY KEY (`id_qa_lang`),
  KEY `fk_qa_lang_qa1_idx` (`qa_id`),
  KEY `fk_qa_lang_language1_idx` (`language_id`),
  CONSTRAINT `fk_qa_lang_language1` FOREIGN KEY (`language_id`) REFERENCES `language` (`id`) ON DELETE NO ACTION ON UPDATE NO ACTION,
  CONSTRAINT `fk_qa_lang_qa1` FOREIGN KEY (`qa_id`) REFERENCES `qa` (`id`) ON DELETE NO ACTION ON UPDATE NO ACTION
) ENGINE=InnoDB AUTO_INCREMENT=63 DEFAULT CHARSET=utf8 COLLATE=utf8_unicode_ci;
/*!40101 SET character_set_client = @saved_cs_client */;

--
-- Dumping data for table `qa_lang`
--

INSERT INTO `qa_lang` VALUES (3,2,1,'Landscape Architect',NULL,NULL),(4,2,2,'Ekspert za okućnice',NULL,NULL),(5,1,1,'Properties interior expert',NULL,NULL),(6,1,2,'Ekspert za unutrašnjost nekretnina',NULL,NULL),(55,4,1,'Lorem ipsum dolor sit amet, consectetur adipiscing elit. Sed vulputate nec neque gravida rhoncus. Donec sit amet blandit mauris, sed bibendum risus?','Lorem ipsum dolor sit amet, consectetur adipiscing elit. Sed vulputate nec neque gravida rhoncus. Donec sit amet blandit mauris, sed bibendum risus.','kktest'),(56,4,2,'Lorem ipsum dolor sit amet, consectetur adipiscing elit. Sed vulputate nec neque gravida rhoncus. Donec sit amet blandit mauris, sed bibendum risus?','Lorem ipsum dolor sit amet, consectetur adipiscing elit. Sed vulputate nec neque gravida rhoncus. Donec sit amet blandit mauris, sed bibendum risus.','kk'),(59,6,1,'Test','Test','Test'),(60,6,2,'Test','Test','Test'),(61,5,1,'Lorem ipsum dolor sit amet, consectetur adipiscing elit. Sed vulputate nec neque gravida rhoncus. Donec sit amet blandit mauris, sed bibendum risus?','Lorem ipsum dolor sit amet, consectetur adipiscing elit. Sed vulputate nec neque gravida rhoncus. Donec sit amet blandit mauris, sed bibendum risus.',''),(62,5,2,'Lorem ipsum dolor sit amet, consectetur adipiscing elit. Sed vulputate nec neque gravida rhoncus. Donec sit amet blandit mauris, sed bibendum risus?','Lorem ipsum dolor sit amet, consectetur adipiscing elit. Sed vulputate nec neque gravida rhoncus. Donec sit amet blandit mauris, sed bibendum risus.','');

--
-- Table structure for table `rates`
--

DROP TABLE IF EXISTS `rates`;
/*!40101 SET @saved_cs_client     = @@character_set_client */;
/*!40101 SET character_set_client = utf8 */;
CREATE TABLE `rates` (
  `id` int(11) NOT NULL AUTO_INCREMENT,
  `property_id` int(11) NOT NULL,
  `date_from` datetime NOT NULL,
  `date_to` datetime NOT NULL,
  `min_stay` int(11) DEFAULT '1',
  `changeover_day` int(11) DEFAULT '6',
  PRIMARY KEY (`id`)
) ENGINE=InnoDB AUTO_INCREMENT=4 DEFAULT CHARSET=utf8 COLLATE=utf8_unicode_ci;
/*!40101 SET character_set_client = @saved_cs_client */;

--
-- Dumping data for table `rates`
--

INSERT INTO `rates` VALUES (2,8,'2014-12-30 18:58:29','2015-12-30 18:58:29',7,6),(3,8,'2014-07-01 22:46:21','2014-12-01 22:46:21',7,6);

--
-- Table structure for table `rates_lang`
--

DROP TABLE IF EXISTS `rates_lang`;
/*!40101 SET @saved_cs_client     = @@character_set_client */;
/*!40101 SET character_set_client = utf8 */;
CREATE TABLE `rates_lang` (
  `id` int(11) NOT NULL AUTO_INCREMENT,
  `rates_id` int(11) NOT NULL,
  `language_id` int(11) NOT NULL,
  `rate_nightly` decimal(10,2) DEFAULT NULL,
  `rate_weekly` decimal(10,2) DEFAULT NULL,
  `rate_monthly` decimal(10,2) DEFAULT NULL,
  `currency_code` varchar(10) COLLATE utf8_unicode_ci DEFAULT 'USD' COMMENT 'USD, EUR, HRK...',
  PRIMARY KEY (`id`),
  KEY `fk_raes_lang_rates1_idx` (`rates_id`),
  KEY `fk_raes_lang_language1_idx` (`language_id`),
  CONSTRAINT `fk_raes_lang_language1` FOREIGN KEY (`language_id`) REFERENCES `language` (`id`) ON DELETE NO ACTION ON UPDATE NO ACTION,
  CONSTRAINT `fk_raes_lang_rates1` FOREIGN KEY (`rates_id`) REFERENCES `rates` (`id`) ON DELETE NO ACTION ON UPDATE NO ACTION
) ENGINE=InnoDB AUTO_INCREMENT=23 DEFAULT CHARSET=utf8 COLLATE=utf8_unicode_ci;
/*!40101 SET character_set_client = @saved_cs_client */;

--
-- Dumping data for table `rates_lang`
--

INSERT INTO `rates_lang` VALUES (21,3,1,10.00,100.00,1000.00,'USD'),(22,3,2,50.00,500.00,5000.00,'AUD');

--
-- Table structure for table `removed_listings`
--

DROP TABLE IF EXISTS `removed_listings`;
/*!40101 SET @saved_cs_client     = @@character_set_client */;
/*!40101 SET character_set_client = utf8 */;
CREATE TABLE `removed_listings` (
  `id` int(11) NOT NULL AUTO_INCREMENT,
  `date_removed` datetime DEFAULT NULL,
  `address` text COLLATE utf8_unicode_ci,
  `lat` decimal(9,6) DEFAULT NULL,
  `lng` decimal(9,6) DEFAULT NULL,
  `submission_date` datetime DEFAULT NULL,
  `expire_date` datetime DEFAULT NULL,
  `price_0` int(11) DEFAULT NULL,
  `price_1` int(11) DEFAULT NULL,
  `price_2` int(11) DEFAULT NULL,
  PRIMARY KEY (`id`)
) ENGINE=InnoDB DEFAULT CHARSET=utf8 COLLATE=utf8_unicode_ci;
/*!40101 SET character_set_client = @saved_cs_client */;

--
-- Dumping data for table `removed_listings`
--


--
-- Table structure for table `reports`
--

DROP TABLE IF EXISTS `reports`;
/*!40101 SET @saved_cs_client     = @@character_set_client */;
/*!40101 SET character_set_client = utf8 */;
CREATE TABLE `reports` (
  `id` int(11) NOT NULL AUTO_INCREMENT,
  `date_submit` datetime DEFAULT NULL,
  `name` varchar(45) DEFAULT NULL,
  `phone` varchar(45) DEFAULT NULL,
  `email` varchar(45) DEFAULT NULL,
  `message` text,
  `allow_contact` varchar(45) DEFAULT NULL,
  `agent_id` int(11) DEFAULT NULL,
  `property_id` int(11) DEFAULT NULL,
  PRIMARY KEY (`id`)
) ENGINE=InnoDB DEFAULT CHARSET=utf8;
/*!40101 SET character_set_client = @saved_cs_client */;

--
-- Dumping data for table `reports`
--


--
-- Table structure for table `repository`
--

DROP TABLE IF EXISTS `repository`;
/*!40101 SET @saved_cs_client     = @@character_set_client */;
/*!40101 SET character_set_client = utf8 */;
CREATE TABLE `repository` (
  `id` int(11) NOT NULL AUTO_INCREMENT,
  `name` varchar(45) COLLATE utf8_unicode_ci DEFAULT NULL,
  `is_activated` tinyint(1) DEFAULT '1',
  `date_submit` datetime DEFAULT NULL,
  `date_modified` datetime DEFAULT NULL,
  PRIMARY KEY (`id`)
) ENGINE=InnoDB AUTO_INCREMENT=314 DEFAULT CHARSET=utf8 COLLATE=utf8_unicode_ci;
/*!40101 SET character_set_client = @saved_cs_client */;

--
-- Dumping data for table `repository`
--

INSERT INTO `repository` VALUES (6,'user_m',1,NULL,NULL),(21,'user_m',1,NULL,NULL),(22,'slideshow_m',1,NULL,NULL),(23,'page_m',1,NULL,NULL),(24,'page_m',1,NULL,NULL),(25,'page_m',1,NULL,NULL),(40,'page_m',1,NULL,NULL),(41,'page_m',1,NULL,NULL),(42,'page_m',1,NULL,NULL),(43,'page_m',1,NULL,NULL),(44,'page_m',1,NULL,NULL),(45,'page_m',1,NULL,NULL),(46,'page_m',1,NULL,NULL),(47,'page_m',1,NULL,NULL),(48,'page_m',1,NULL,NULL),(49,'page_m',1,NULL,NULL),(50,'page_m',1,NULL,NULL),(51,'page_m',1,NULL,NULL),(52,'page_m',1,NULL,NULL),(53,'page_m',1,NULL,NULL),(54,'page_m',1,NULL,NULL),(55,'page_m',1,NULL,NULL),(56,'page_m',1,NULL,NULL),(57,'page_m',1,NULL,NULL),(58,'page_m',1,NULL,NULL),(59,'page_m',1,NULL,NULL),(60,'page_m',1,NULL,NULL),(61,'page_m',1,NULL,NULL),(62,'page_m',1,NULL,NULL),(63,'page_m',1,NULL,NULL),(64,'page_m',1,NULL,NULL),(65,'page_m',1,NULL,NULL),(66,'page_m',1,NULL,NULL),(67,'page_m',1,NULL,NULL),(68,'page_m',1,NULL,NULL),(69,'page_m',1,NULL,NULL),(70,'page_m',1,NULL,NULL),(71,'page_m',1,NULL,NULL),(72,'page_m',1,NULL,NULL),(73,'page_m',1,NULL,NULL),(74,'page_m',1,NULL,NULL),(75,'page_m',1,NULL,NULL),(76,'page_m',1,NULL,NULL),(77,'page_m',1,NULL,NULL),(78,'page_m',1,NULL,NULL),(79,'page_m',1,NULL,NULL),(80,'page_m',1,NULL,NULL),(81,'page_m',1,NULL,NULL),(82,'page_m',1,NULL,NULL),(83,'page_m',1,NULL,NULL),(84,'page_m',1,NULL,NULL),(85,'page_m',1,NULL,NULL),(86,'page_m',1,NULL,NULL),(87,'page_m',1,NULL,NULL),(88,'page_m',1,NULL,NULL),(89,'page_m',1,NULL,NULL),(90,'page_m',1,NULL,NULL),(91,'page_m',1,NULL,NULL),(92,'page_m',1,NULL,NULL),(93,'page_m',1,NULL,NULL),(94,'page_m',1,NULL,NULL),(95,'page_m',1,NULL,NULL),(96,'page_m',1,NULL,NULL),(97,'page_m',1,NULL,NULL),(98,'page_m',1,NULL,NULL),(99,'page_m',1,NULL,NULL),(100,'page_m',1,NULL,NULL),(101,'page_m',1,NULL,NULL),(102,'page_m',1,NULL,NULL),(103,'page_m',1,NULL,NULL),(104,'page_m',1,NULL,NULL),(105,'page_m',1,NULL,NULL),(106,'page_m',1,NULL,NULL),(107,'page_m',1,NULL,NULL),(108,'page_m',1,NULL,NULL),(109,'page_m',1,NULL,NULL),(110,'page_m',1,NULL,NULL),(111,'page_m',1,NULL,NULL),(112,'page_m',1,NULL,NULL),(113,'page_m',1,NULL,NULL),(114,'page_m',1,NULL,NULL),(115,'page_m',1,NULL,NULL),(116,'page_m',1,NULL,NULL),(117,'page_m',1,NULL,NULL),(118,'page_m',1,NULL,NULL),(119,'page_m',1,NULL,NULL),(120,'page_m',1,NULL,NULL),(121,'page_m',1,NULL,NULL),(122,'page_m',1,NULL,NULL),(123,'page_m',1,NULL,NULL),(124,'page_m',1,NULL,NULL),(125,'page_m',1,NULL,NULL),(126,'page_m',1,NULL,NULL),(127,'page_m',1,NULL,NULL),(128,'page_m',1,NULL,NULL),(129,'page_m',1,NULL,NULL),(130,'page_m',1,NULL,NULL),(131,'page_m',1,NULL,NULL),(132,'page_m',1,NULL,NULL),(133,'page_m',1,NULL,NULL),(134,'page_m',1,NULL,NULL),(135,'page_m',1,NULL,NULL),(136,'page_m',1,NULL,NULL),(137,'page_m',1,NULL,NULL),(138,'page_m',1,NULL,NULL),(139,'page_m',1,NULL,NULL),(140,'page_m',1,NULL,NULL),(141,'page_m',1,NULL,NULL),(142,'page_m',1,NULL,NULL),(143,'page_m',1,NULL,NULL),(144,'page_m',1,NULL,NULL),(145,'page_m',1,NULL,NULL),(146,'page_m',1,NULL,NULL),(147,'page_m',1,NULL,NULL),(148,'page_m',1,NULL,NULL),(149,'page_m',1,NULL,NULL),(150,'page_m',1,NULL,NULL),(151,'page_m',1,NULL,NULL),(152,'page_m',1,NULL,NULL),(153,'page_m',1,NULL,NULL),(154,'page_m',1,NULL,NULL),(155,'page_m',1,NULL,NULL),(156,'page_m',1,NULL,NULL),(157,'page_m',1,NULL,NULL),(158,'page_m',1,NULL,NULL),(159,'page_m',1,NULL,NULL),(160,'page_m',1,NULL,NULL),(161,'page_m',1,NULL,NULL),(162,'page_m',1,NULL,NULL),(163,'page_m',1,NULL,NULL),(164,'page_m',1,NULL,NULL),(165,'page_m',1,NULL,NULL),(166,'page_m',1,NULL,NULL),(167,'page_m',1,NULL,NULL),(168,'page_m',1,NULL,NULL),(169,'page_m',1,NULL,NULL),(170,'page_m',1,NULL,NULL),(171,'page_m',1,NULL,NULL),(172,'page_m',1,NULL,NULL),(173,'page_m',1,NULL,NULL),(174,'page_m',1,NULL,NULL),(175,'page_m',1,NULL,NULL),(176,'page_m',1,NULL,NULL),(177,'page_m',1,NULL,NULL),(178,'page_m',1,NULL,NULL),(179,'page_m',1,NULL,NULL),(180,'page_m',1,NULL,NULL),(181,'page_m',1,NULL,NULL),(182,'page_m',1,NULL,NULL),(183,'page_m',1,NULL,NULL),(184,'user_m',1,NULL,NULL),(185,'user_m',1,NULL,NULL),(186,'user_m',1,NULL,NULL),(196,'user_m',1,NULL,NULL),(199,'page_m',1,NULL,NULL),(201,'page_m',1,NULL,NULL),(202,'page_m',1,NULL,NULL),(203,'page_m',1,NULL,NULL),(207,'page_m',1,NULL,NULL),(208,'page_m',1,NULL,NULL),(209,'page_m',1,NULL,NULL),(210,'page_m',1,NULL,NULL),(211,'page_m',1,NULL,NULL),(212,'ads_m',1,NULL,NULL),(213,'ads_m',1,NULL,NULL),(214,'ads_m',1,NULL,NULL),(215,'ads_m',1,NULL,NULL),(216,'ads_m',1,NULL,NULL),(217,'ads_m',1,NULL,NULL),(218,'ads_m',1,NULL,NULL),(219,'ads_m',1,NULL,NULL),(220,'ads_m',1,NULL,NULL),(221,'ads_m',1,NULL,NULL),(222,'ads_m',1,NULL,NULL),(223,'ads_m',1,NULL,NULL),(224,'ads_m',1,NULL,NULL),(225,'ads_m',1,NULL,NULL),(226,'ads_m',1,NULL,NULL),(227,'ads_m',1,NULL,NULL),(228,'ads_m',1,NULL,NULL),(229,'ads_m',1,NULL,NULL),(230,'ads_m',1,NULL,NULL),(231,'ads_m',1,NULL,NULL),(232,'ads_m',1,NULL,NULL),(233,'ads_m',1,NULL,NULL),(234,'ads_m',1,NULL,NULL),(235,'ads_m',1,NULL,NULL),(238,'ads_m',1,NULL,NULL),(239,'ads_m',1,NULL,NULL),(240,'page_m',1,NULL,NULL),(241,'showroom_m',1,NULL,NULL),(243,'showroom_m',1,NULL,NULL),(244,'showroom_m',1,NULL,NULL),(246,'page_m',1,NULL,NULL),(247,'user_m',1,NULL,NULL),(248,'page_m',1,NULL,NULL),(249,'page_m',1,NULL,NULL),(250,'page_m',1,NULL,NULL),(251,'page_m',1,NULL,NULL),(252,'page_m',1,NULL,NULL),(253,'page_m',1,NULL,NULL),(254,'user_m',1,NULL,NULL),(255,'page_m',1,NULL,NULL),(262,'option_m_val',1,NULL,NULL),(263,'option_m_val',1,NULL,NULL),(264,'option_m_val',1,NULL,NULL),(265,'option_m_val',1,NULL,NULL),(267,'option_m_val',1,NULL,NULL),(268,'option_m_val',1,NULL,NULL),(269,'option_m_val',1,NULL,NULL),(270,'option_m_val',1,NULL,NULL),(272,'option_m_val',1,NULL,NULL),(273,'option_m_val',1,NULL,NULL),(274,'option_m_val',1,NULL,NULL),(275,'option_m_val',1,NULL,NULL),(276,'option_m_val',1,NULL,NULL),(277,'page_m',1,NULL,NULL),(278,'page_m',1,NULL,NULL),(280,'showroom_m',1,NULL,NULL),(281,'showroom_m',1,NULL,NULL),(282,'user_m',1,NULL,NULL),(284,'settings_m',1,NULL,NULL),(285,'settings_m',1,NULL,NULL),(286,'option_m_val',1,NULL,NULL),(287,'option_m_val',1,NULL,NULL),(288,'estate_m',1,NULL,NULL),(289,'estate_m',1,NULL,NULL),(290,'estate_m',1,NULL,NULL),(291,'estate_m',1,NULL,NULL),(292,'estate_m',1,NULL,NULL),(293,'estate_m',1,NULL,NULL),(294,'estate_m',1,NULL,NULL),(295,'estate_m',1,NULL,NULL),(296,'estate_m',1,NULL,NULL),(297,'estate_m',1,NULL,NULL),(298,'estate_m',1,NULL,NULL),(299,'estate_m',1,NULL,NULL),(300,'estate_m',1,NULL,NULL),(301,'estate_m',1,NULL,NULL),(302,'estate_m',1,NULL,NULL),(303,'estate_m',1,NULL,NULL),(304,'estate_m',1,NULL,NULL),(305,'estate_m',1,NULL,NULL),(306,'estate_m',1,NULL,NULL),(307,'estate_m',1,NULL,NULL),(308,'settings_m',1,NULL,NULL),(309,'option_m',1,NULL,NULL),(310,'option_m',1,NULL,NULL),(311,'option_m',1,NULL,NULL),(312,'treefield_m',1,'2017-06-20 17:13:31','2017-06-20 17:13:31'),(313,'treefield_m',1,'2017-06-20 17:13:52','2017-06-20 17:13:52');

--
-- Table structure for table `reservations`
--

DROP TABLE IF EXISTS `reservations`;
/*!40101 SET @saved_cs_client     = @@character_set_client */;
/*!40101 SET character_set_client = utf8 */;
CREATE TABLE `reservations` (
  `id` int(11) NOT NULL AUTO_INCREMENT,
  `user_id` int(11) NOT NULL,
  `property_id` int(11) NOT NULL,
  `date_from` datetime NOT NULL,
  `date_to` datetime NOT NULL,
  `total_price` decimal(10,2) DEFAULT NULL,
  `currency_code` varchar(10) COLLATE utf8_unicode_ci DEFAULT 'USD',
  `date_paid_advance` datetime DEFAULT NULL,
  `date_paid_total` datetime DEFAULT NULL,
  `total_paid` decimal(10,2) DEFAULT NULL,
  `is_confirmed` tinyint(1) DEFAULT '0',
  `saller_id` int(11) DEFAULT NULL,
  `booking_fee` int(11) DEFAULT '0',
  PRIMARY KEY (`id`),
  KEY `fk_reservations_user1_idx` (`user_id`),
  CONSTRAINT `fk_reservations_user1` FOREIGN KEY (`user_id`) REFERENCES `user` (`id`) ON DELETE NO ACTION ON UPDATE NO ACTION
) ENGINE=InnoDB AUTO_INCREMENT=17 DEFAULT CHARSET=utf8 COLLATE=utf8_unicode_ci;
/*!40101 SET character_set_client = @saved_cs_client */;

--
-- Dumping data for table `reservations`
--

INSERT INTO `reservations` VALUES (9,18,30,'2014-12-02 11:31:21','2014-12-05 11:31:21',100.00,'USD',NULL,NULL,10.00,0,18,10),(11,18,30,'2015-04-01 11:31:21','2015-04-04 11:31:21',100.00,'EUR',NULL,NULL,10.00,0,18,10),(12,11,30,'2014-12-20 11:31:21','2014-12-30 11:31:21',100.00,'USD',NULL,NULL,10.00,0,NULL,10),(13,18,30,'2015-01-01 11:31:21','2015-01-07 11:31:21',100.00,'USD',NULL,NULL,10.00,0,18,10),(16,18,30,'2015-07-15 12:00:00','2015-07-22 12:00:00',50.00,'USD',NULL,NULL,0.00,0,18,10);

--
-- Table structure for table `reviews`
--

DROP TABLE IF EXISTS `reviews`;
/*!40101 SET @saved_cs_client     = @@character_set_client */;
/*!40101 SET character_set_client = utf8 */;
CREATE TABLE `reviews` (
  `id` int(11) NOT NULL AUTO_INCREMENT,
  `listing_id` int(11) DEFAULT NULL,
  `user_id` int(11) DEFAULT NULL,
  `stars` int(11) DEFAULT NULL,
  `message` text COLLATE utf8_unicode_ci,
  `is_visible` tinyint(1) DEFAULT NULL,
  `date_publish` datetime DEFAULT NULL,
  `user_mail` varchar(45) COLLATE utf8_unicode_ci DEFAULT NULL,
  PRIMARY KEY (`id`)
) ENGINE=InnoDB AUTO_INCREMENT=5 DEFAULT CHARSET=utf8 COLLATE=utf8_unicode_ci;
/*!40101 SET character_set_client = @saved_cs_client */;

--
-- Dumping data for table `reviews`
--

INSERT INTO `reviews` VALUES (2,14,8,4,'Maecenas id efficitur augue. Nulla nec urna congue, accumsan tellus eget, varius nulla. ',1,'2014-09-15 22:55:00',NULL),(3,14,9,2,'Lorem ipsum dolor sit amet, consectetur adipiscing elit. Donec ultrices, quam vitae volutpat rutrum, dui tellus posuere velit, vitae porta lectus orci sed lectus.',1,'2014-09-18 23:29:26',NULL),(4,9,8,4,'Test message',1,'2014-09-28 19:48:17',NULL);

--
-- Table structure for table `saved_search`
--

DROP TABLE IF EXISTS `saved_search`;
/*!40101 SET @saved_cs_client     = @@character_set_client */;
/*!40101 SET character_set_client = utf8 */;
CREATE TABLE `saved_search` (
  `id` int(11) NOT NULL AUTO_INCREMENT,
  `user_id` int(11) DEFAULT NULL,
  `lang_code` varchar(45) COLLATE utf8_unicode_ci DEFAULT NULL,
  `activated` tinyint(1) DEFAULT '1',
  `date_created` datetime DEFAULT NULL,
  `date_last_informed` datetime DEFAULT NULL,
  `parameters` text COLLATE utf8_unicode_ci COMMENT 'parameters saved in JSON format',
  `delivery_frequency_h` int(11) DEFAULT '24',
  PRIMARY KEY (`id`)
) ENGINE=InnoDB DEFAULT CHARSET=utf8 COLLATE=utf8_unicode_ci;
/*!40101 SET character_set_client = @saved_cs_client */;

--
-- Dumping data for table `saved_search`
--


--
-- Table structure for table `settings`
--

DROP TABLE IF EXISTS `settings`;
/*!40101 SET @saved_cs_client     = @@character_set_client */;
/*!40101 SET character_set_client = utf8 */;
CREATE TABLE `settings` (
  `id` int(11) NOT NULL AUTO_INCREMENT,
  `field` varchar(100) COLLATE utf8_unicode_ci DEFAULT NULL,
  `value` text COLLATE utf8_unicode_ci,
  PRIMARY KEY (`id`)
) ENGINE=InnoDB AUTO_INCREMENT=3430 DEFAULT CHARSET=utf8 COLLATE=utf8_unicode_ci;
/*!40101 SET character_set_client = @saved_cs_client */;

--
-- Dumping data for table `settings`
--

INSERT INTO `settings` VALUES (653,'rating_enabled','1'),(3163,'address','Varaždin, Trg Kralja TOmislava'),(3164,'websitetitle','City Guide Varaždin'),(3165,'gps','46.30790229999999, 16.33786090000001'),(3166,'email','info@my-website.com'),(3167,'email_alert','0'),(3168,'phone','+385 (0)1 123 321'),(3169,'fax','+385 (0)1 123 322'),(3170,'address_footer','<b>City</b>Guide<br />\r\nMap Kiosk from Croatia<br />\r\nIlica 345<br />\r\nHR-10000 Zagreb'),(3323,'noreply','webform@my-website.com'),(3324,'zoom','16'),(3325,'paypal_email','sandi.winter@gmail.com'),(3326,'payments_enabled','1'),(3327,'walkscore_enabled','0'),(3328,'property_subm_disabled','0'),(3329,'maps_api_key','AIzaSyB0lxCRSHcNPBu5hq3wsmY1KhcBq5Tlwi8'),(3330,'listing_expiry_days','0'),(3331,'activation_price','5'),(3332,'featured_price','10'),(3333,'default_currency','USD'),(3334,'authorize_api_login_id','0'),(3335,'authorize_api_hash_secret','0'),(3336,'authorize_api_transaction_key','0'),(3337,'payu_api_pos_id',''),(3338,'payu_api_key_1',''),(3339,'payu_api_key_2',''),(3340,'payu_api_auth_key',''),(3341,'adsense728_90','<script async src=\"//pagead2.googlesyndication.com/pagead/js/adsbygoogle.js\"></script>\r\n<!-- Real estate responsive -->\r\n<ins class=\"adsbygoogle\"\r\n     style=\"display:block\"\r\n     data-ad-client=\"ca-pub-6994200887384132\"\r\n     data-ad-slot=\"6454101571\"\r\n     data-ad-format=\"auto\"></ins>\r\n<script>\r\n(adsbygoogle = window.adsbygoogle || []).push({});\r\n</script>'),(3342,'adsense160_600','<script async src=\"//pagead2.googlesyndication.com/pagead/js/adsbygoogle.js\"></script>\r\n<!-- Real estate right -->\r\n<ins class=\"adsbygoogle\"\r\n     style=\"display:inline-block;width:160px;height:600px\"\r\n     data-ad-client=\"ca-pub-6994200887384132\"\r\n     data-ad-slot=\"7090863570\"></ins>\r\n<script>\r\n(adsbygoogle = window.adsbygoogle || []).push({});\r\n</script>'),(3343,'reviews_enabled','1'),(3344,'reviews_public_visible_enabled','1'),(3345,'showroom_slideshow_enabled','1'),(3346,'withdrawal_details','IBAN: HR43 2340009 3207462177<br/>\r\nSWIFT: PBZGHR2X'),(3347,'booking_fee','0'),(3416,'template','realsite'),(3417,'tracking','<script type=\"text/javascript\">  var _gaq = _gaq || [];  _gaq.push([\'_setAccount\', \'UA-683342-5\']);  _gaq.push([\'_trackPageview\']);  (function() {    var ga = document.createElement(\'script\'); ga.type = \'text/javascript\'; ga.async = true;    ga.src = (\'https:\' == document.location.protocol ? \'https://ssl\' : \'http://www\') + \'.google-analytics.com/ga.js\';    var s = document.getElementsByTagName(\'script\')[0]; s.parentNode.insertBefore(ga, s);  })();</script>'),(3418,'facebook','<!-- AddThis Button BEGIN -->\r\n<div class=\"addthis_toolbox addthis_default_style addthis_32x32_style\">\r\n<a class=\"addthis_button_facebook\">\r\n    <div class=\"custom-icon at15t_facebook\"> </div>\r\n</a>\r\n<a class=\"addthis_button_twitter\">\r\n    <div class=\"custom-icon at15t_twitter\"> </div>\r\n</a>\r\n<a class=\"addthis_button_google_plusone_share\">\r\n    <div class=\"custom-icon at15t_google_plusone_share\"> </div>\r\n</a>\r\n</div>\r\n<script type=\"text/javascript\">var addthis_config = {\"data_track_addressbar\":false};</script>\r\n<script type=\"text/javascript\" src=\"//s7.addthis.com/js/300/addthis_widget.js#pubid=sandiwinter\"></script>\r\n<!-- AddThis Button END -->'),(3419,'facebook_top','<!-- Go to www.addthis.com/dashboard to customize your tools -->\r\n<div class=\"addthis_sharing_toolbox\"></div>'),(3420,'facebook_jsdk',''),(3421,'facebook_comments',''),(3422,'useful_links','<ul class=\"menu nav\">\r\n                            <li class=\"first leaf\"><a href=\"#\">404 page</a></li>\r\n                            <li class=\"leaf\"><a href=\"#\">About us</a></li>\r\n                            <li class=\"leaf\"><a href=\"#\">Contact us</a></li>\r\n                            <li class=\"leaf\"><a href=\"#\">FAQ</a></li>\r\n                            <li class=\"leaf\"><a href=\"#\">Grid system</a></li>\r\n                            <li class=\"leaf\"><a href=\"#\">Our agents</a></li>\r\n                            <li class=\"last leaf\"><a href=\"#\">Typography</a></li>\r\n                        </ul>'),(3423,'website_logo','284'),(3424,'website_favicon','308'),(3425,'watermark_img','SKIP_ON_EMPTY'),(3426,'search_background','285'),(3427,'color',''),(3428,'design_parameters',''),(3429,'css_variant','');

--
-- Table structure for table `showroom`
--

DROP TABLE IF EXISTS `showroom`;
/*!40101 SET @saved_cs_client     = @@character_set_client */;
/*!40101 SET character_set_client = utf8 */;
CREATE TABLE `showroom` (
  `id` int(11) NOT NULL AUTO_INCREMENT,
  `parent_id` int(11) DEFAULT NULL,
  `order` int(11) DEFAULT NULL,
  `type` varchar(45) COLLATE utf8_unicode_ci NOT NULL DEFAULT 'CATEGORY',
  `date` datetime DEFAULT NULL,
  `date_modified` datetime DEFAULT NULL,
  `date_publish` datetime DEFAULT NULL,
  `template` varchar(100) COLLATE utf8_unicode_ci DEFAULT NULL,
  `slug` varchar(160) COLLATE utf8_unicode_ci DEFAULT NULL,
  `repository_id` int(11) DEFAULT NULL,
  `gps` varchar(100) COLLATE utf8_unicode_ci DEFAULT NULL,
  `address` varchar(200) COLLATE utf8_unicode_ci DEFAULT NULL,
  `contact_email` varchar(100) COLLATE utf8_unicode_ci DEFAULT NULL,
  `image_filename` varchar(200) COLLATE utf8_unicode_ci DEFAULT NULL,
  PRIMARY KEY (`id`)
) ENGINE=InnoDB AUTO_INCREMENT=7 DEFAULT CHARSET=utf8 COLLATE=utf8_unicode_ci;
/*!40101 SET character_set_client = @saved_cs_client */;

--
-- Dumping data for table `showroom`
--

INSERT INTO `showroom` VALUES (1,0,1,'CATEGORY','2014-04-26 14:15:16',NULL,NULL,NULL,NULL,280,NULL,NULL,NULL,NULL),(2,0,3,'CATEGORY','2014-04-26 14:17:59',NULL,NULL,NULL,NULL,281,NULL,NULL,NULL,NULL),(3,1,2,'CATEGORY','2014-04-26 14:22:01',NULL,NULL,NULL,NULL,NULL,NULL,NULL,NULL,NULL),(4,3,2,'COMPANY','2014-04-26 20:20:17',NULL,'2014-04-26 20:16:59','showroom_company',NULL,241,'46.36667726352153, 16.1281658000305','Cestica, Croatia','tire-repair@mydomain.com','wap-logo v2.png'),(5,1,2,'COMPANY','2014-04-28 20:36:54',NULL,'2014-04-28 20:35:41','showroom_company',NULL,243,'45.8020205655489, 16.156422732031274','Zagreb, Croatia','sandi.winter@gmail.com','logo-350.png'),(6,2,3,'COMPANY','2014-04-28 20:40:48',NULL,'2014-04-28 20:39:54','showroom_company',NULL,244,'46.38895474076167, 16.0408969904297','zavrč, slovenia','zavrc@mydomain.com','cropped-logo2.png');

--
-- Table structure for table `showroom_lang`
--

DROP TABLE IF EXISTS `showroom_lang`;
/*!40101 SET @saved_cs_client     = @@character_set_client */;
/*!40101 SET character_set_client = utf8 */;
CREATE TABLE `showroom_lang` (
  `id_showroom_lang` int(11) NOT NULL AUTO_INCREMENT,
  `showroom_id` int(11) NOT NULL,
  `language_id` int(11) NOT NULL,
  `title` varchar(160) COLLATE utf8_unicode_ci DEFAULT NULL,
  `window_title` varchar(160) COLLATE utf8_unicode_ci DEFAULT NULL,
  `body` text COLLATE utf8_unicode_ci NOT NULL,
  `description` text COLLATE utf8_unicode_ci,
  `keywords` varchar(200) COLLATE utf8_unicode_ci DEFAULT NULL,
  PRIMARY KEY (`id_showroom_lang`),
  KEY `fk_showroom_lang_showroom1_idx` (`showroom_id`),
  KEY `fk_showroom_lang_language1_idx` (`language_id`),
  CONSTRAINT `fk_showroom_lang_language1` FOREIGN KEY (`language_id`) REFERENCES `language` (`id`) ON DELETE NO ACTION ON UPDATE NO ACTION,
  CONSTRAINT `fk_showroom_lang_showroom1` FOREIGN KEY (`showroom_id`) REFERENCES `showroom` (`id`) ON DELETE NO ACTION ON UPDATE NO ACTION
) ENGINE=InnoDB AUTO_INCREMENT=19 DEFAULT CHARSET=utf8 COLLATE=utf8_unicode_ci;
/*!40101 SET character_set_client = @saved_cs_client */;

--
-- Dumping data for table `showroom_lang`
--

INSERT INTO `showroom_lang` VALUES (1,1,1,'Car services','Car services','','Car services','Car services'),(2,1,2,'Car services','Car services','','Car services','Car services'),(3,2,1,'Real estate services','Real estate services','','','Real estate services'),(4,2,2,'Real estate services','Real estate services','','','Real estate services'),(5,3,1,'Tire repairs','Tire repairs','','','Tire repairs'),(6,3,2,'Vulkanizer','Vulkanizer','','','Vulkanizer'),(13,6,1,'Estate sellers','Estate sellers','<p>\r\nLorem ipsum dolor sit amet, consectetur adipiscing elit. Sed vulputate \r\nnec neque gravida rhoncus. Donec sit amet blandit mauris, sed bibendum \r\nrisus. Cras ut urna semper, facilisis augue sed, imperdiet nulla. Duis \r\ntristique tellus tortor, dapibus gravida sem sodales id. Nullam quis \r\nconvallis libero, vitae pulvinar nisi.</p><p><span style=\"font-weight: bold;\">Nam eget est facilisis, porta mi \r\nac, ultricies enim. Proin nisi diam, eleifend ac eleifend in, dapibus in\r\n orci. Vestibulum elementum lectus non nisl venenatis, tempus molestie \r\nnisi tempus. Pellentesque facilisis nibh nec purus blandit, id aliquam \r\nlorem fermentum.\r\n</span></p>\r\n<p>\r\n<span style=\"font-style: italic;\">Ut erat lacus, sagittis ac leo eu, molestie mattis libero. Nam sit amet \r\nmassa et magna porttitor eleifend a aliquam nunc. Pellentesque a est a \r\naugue dignissim tristique eu nec augue. Integer pretium sollicitudin \r\ntellus, quis hendrerit nunc accumsan et. Fusce bibendum a neque vel \r\nfringilla. Vivamus viverra enim at purus gravida, in elementum neque \r\neleifend. Curabitur sodales dapibus urna, at mattis lacus eleifend non. \r\nDonec ultricies porta orci eu congue. Nulla sodales arcu a libero \r\naliquet, nec aliquam ante sagittis.</span></p>','Lorem ipsum dolor sit amet, consectetur adipiscing elit. Sed vulputate nec neque gravida rhoncus. Donec sit amet blandit mauris, sed bibendum risus.','Estate sellers'),(14,6,2,'Estate sellers','Estate sellers','<p>\r\nLorem ipsum dolor sit amet, consectetur adipiscing elit. Sed vulputate \r\nnec neque gravida rhoncus. Donec sit amet blandit mauris, sed bibendum \r\nrisus. Cras ut urna semper, facilisis augue sed, imperdiet nulla. Duis \r\ntristique tellus tortor, dapibus gravida sem sodales id. Nullam quis \r\nconvallis libero, vitae pulvinar nisi.</p><p><span style=\"font-weight: bold;\">Nam eget est facilisis, porta mi \r\nac, ultricies enim. Proin nisi diam, eleifend ac eleifend in, dapibus in\r\n orci. Vestibulum elementum lectus non nisl venenatis, tempus molestie \r\nnisi tempus. Pellentesque facilisis nibh nec purus blandit, id aliquam \r\nlorem fermentum.\r\n</span></p>\r\n<p>\r\n<span style=\"font-style: italic;\">Ut erat lacus, sagittis ac leo eu, molestie mattis libero. Nam sit amet \r\nmassa et magna porttitor eleifend a aliquam nunc. Pellentesque a est a \r\naugue dignissim tristique eu nec augue. Integer pretium sollicitudin \r\ntellus, quis hendrerit nunc accumsan et. Fusce bibendum a neque vel \r\nfringilla. Vivamus viverra enim at purus gravida, in elementum neque \r\neleifend. Curabitur sodales dapibus urna, at mattis lacus eleifend non. \r\nDonec ultricies porta orci eu congue. Nulla sodales arcu a libero \r\naliquet, nec aliquam ante sagittis.</span></p>','Lorem ipsum dolor sit amet, consectetur adipiscing elit. Sed vulputate nec neque gravida rhoncus. Donec sit amet blandit mauris, sed bibendum risus.','Estate sellers'),(15,4,1,'Vulkanizer d.o.o.','Vulkanizer d.o.o.','<p>\r\nLorem ipsum dolor sit amet, consectetur adipiscing elit. Sed vulputate \r\nnec neque gravida rhoncus. Donec sit amet blandit mauris, sed bibendum \r\nrisus. Cras ut urna semper, facilisis augue sed, imperdiet nulla. Duis \r\ntristique tellus tortor, dapibus gravida sem sodales id. Nullam quis \r\nconvallis libero, vitae pulvinar nisi.</p><p><span style=\"font-weight: bold;\">Nam eget est facilisis, porta mi \r\nac, ultricies enim. Proin nisi diam, eleifend ac eleifend in, dapibus in\r\n orci. Vestibulum elementum lectus non nisl venenatis, tempus molestie \r\nnisi tempus. Pellentesque facilisis nibh nec purus blandit, id aliquam \r\nlorem fermentum.\r\n</span></p>\r\n<p>\r\n<span style=\"font-style: italic;\">Ut erat lacus, sagittis ac leo eu, molestie mattis libero. Nam sit amet \r\nmassa et magna porttitor eleifend a aliquam nunc. Pellentesque a est a \r\naugue dignissim tristique eu nec augue. Integer pretium sollicitudin \r\ntellus, quis hendrerit nunc accumsan et. Fusce bibendum a neque vel \r\nfringilla. Vivamus viverra enim at purus gravida, in elementum neque \r\neleifend. Curabitur sodales dapibus urna, at mattis lacus eleifend non. \r\nDonec ultricies porta orci eu congue. Nulla sodales arcu a libero \r\naliquet, nec aliquam ante sagittis.</span></p>','Lorem ipsum dolor sit amet, consectetur adipiscing elit. Sed vulputate nec neque gravida rhoncus. Donec sit amet blandit mauris, sed bibendum risus.','tire repair, cestica, company,car'),(16,4,2,'Vulkanizer d.o.o.','Vulkanizer d.o.o.','<p>\r\nLorem ipsum dolor sit amet, consectetur adipiscing elit. Sed vulputate \r\nnec neque gravida rhoncus. Donec sit amet blandit mauris, sed bibendum \r\nrisus. Cras ut urna semper, facilisis augue sed, imperdiet nulla. Duis \r\ntristique tellus tortor, dapibus gravida sem sodales id. Nullam quis \r\nconvallis libero, vitae pulvinar nisi.</p><p><span style=\"font-weight: bold;\">Nam eget est facilisis, porta mi \r\nac, ultricies enim. Proin nisi diam, eleifend ac eleifend in, dapibus in\r\n orci. Vestibulum elementum lectus non nisl venenatis, tempus molestie \r\nnisi tempus. Pellentesque facilisis nibh nec purus blandit, id aliquam \r\nlorem fermentum.\r\n</span></p>\r\n<p>\r\n<span style=\"font-style: italic;\">Ut erat lacus, sagittis ac leo eu, molestie mattis libero. Nam sit amet \r\nmassa et magna porttitor eleifend a aliquam nunc. Pellentesque a est a \r\naugue dignissim tristique eu nec augue. Integer pretium sollicitudin \r\ntellus, quis hendrerit nunc accumsan et. Fusce bibendum a neque vel \r\nfringilla. Vivamus viverra enim at purus gravida, in elementum neque \r\neleifend. Curabitur sodales dapibus urna, at mattis lacus eleifend non. \r\nDonec ultricies porta orci eu congue. Nulla sodales arcu a libero \r\naliquet, nec aliquam ante sagittis.</span></p>','Lorem ipsum dolor sit amet, consectetur adipiscing elit. Sed vulputate nec neque gravida rhoncus. Donec sit amet blandit mauris, sed bibendum risus.','vulkanizer, cestica,car'),(17,5,1,'Towing service ltd','Towing service ltd','<p>\r\nLorem ipsum dolor sit amet, consectetur adipiscing elit. Sed vulputate \r\nnec neque gravida rhoncus. Donec sit amet blandit mauris, sed bibendum \r\nrisus. Cras ut urna semper, facilisis augue sed, imperdiet nulla. Duis \r\ntristique tellus tortor, dapibus gravida sem sodales id. Nullam quis \r\nconvallis libero, vitae pulvinar nisi.</p><p><span style=\"font-weight: bold;\">Nam eget est facilisis, porta mi \r\nac, ultricies enim. Proin nisi diam, eleifend ac eleifend in, dapibus in\r\n orci. Vestibulum elementum lectus non nisl venenatis, tempus molestie \r\nnisi tempus. Pellentesque facilisis nibh nec purus blandit, id aliquam \r\nlorem fermentum.\r\n</span></p>\r\n<p>\r\n<span style=\"font-style: italic;\">Ut erat lacus, sagittis ac leo eu, molestie mattis libero. Nam sit amet \r\nmassa et magna porttitor eleifend a aliquam nunc. Pellentesque a est a \r\naugue dignissim tristique eu nec augue. Integer pretium sollicitudin \r\ntellus, quis hendrerit nunc accumsan et. Fusce bibendum a neque vel \r\nfringilla. Vivamus viverra enim at purus gravida, in elementum neque \r\neleifend. Curabitur sodales dapibus urna, at mattis lacus eleifend non. \r\nDonec ultricies porta orci eu congue. Nulla sodales arcu a libero \r\naliquet, nec aliquam ante sagittis.</span></p>','Lorem ipsum dolor sit amet, consectetur adipiscing elit. Sed vulputate nec neque gravida rhoncus. Donec sit amet blandit mauris, sed bibendum risus.','towing,car,service'),(18,5,2,'Towing service ltd','Towing service ltd','<p>\r\nLorem ipsum dolor sit amet, consectetur adipiscing elit. Sed vulputate \r\nnec neque gravida rhoncus. Donec sit amet blandit mauris, sed bibendum \r\nrisus. Cras ut urna semper, facilisis augue sed, imperdiet nulla. Duis \r\ntristique tellus tortor, dapibus gravida sem sodales id. Nullam quis \r\nconvallis libero, vitae pulvinar nisi.</p><p><span style=\"font-weight: bold;\">Nam eget est facilisis, porta mi \r\nac, ultricies enim. Proin nisi diam, eleifend ac eleifend in, dapibus in\r\n orci. Vestibulum elementum lectus non nisl venenatis, tempus molestie \r\nnisi tempus. Pellentesque facilisis nibh nec purus blandit, id aliquam \r\nlorem fermentum.\r\n</span></p>\r\n<p>\r\n<span style=\"font-style: italic;\">Ut erat lacus, sagittis ac leo eu, molestie mattis libero. Nam sit amet \r\nmassa et magna porttitor eleifend a aliquam nunc. Pellentesque a est a \r\naugue dignissim tristique eu nec augue. Integer pretium sollicitudin \r\ntellus, quis hendrerit nunc accumsan et. Fusce bibendum a neque vel \r\nfringilla. Vivamus viverra enim at purus gravida, in elementum neque \r\neleifend. Curabitur sodales dapibus urna, at mattis lacus eleifend non. \r\nDonec ultricies porta orci eu congue. Nulla sodales arcu a libero \r\naliquet, nec aliquam ante sagittis.</span></p>','Lorem ipsum dolor sit amet, consectetur adipiscing elit. Sed vulputate nec neque gravida rhoncus. Donec sit amet blandit mauris, sed bibendum risus.','towing,car,service');

--
-- Table structure for table `slideshow`
--

DROP TABLE IF EXISTS `slideshow`;
/*!40101 SET @saved_cs_client     = @@character_set_client */;
/*!40101 SET character_set_client = utf8 */;
CREATE TABLE `slideshow` (
  `id` int(11) NOT NULL AUTO_INCREMENT,
  `repository_id` int(11) DEFAULT NULL,
  `date` datetime DEFAULT NULL,
  PRIMARY KEY (`id`)
) ENGINE=InnoDB AUTO_INCREMENT=3 DEFAULT CHARSET=utf8 COLLATE=utf8_unicode_ci;
/*!40101 SET character_set_client = @saved_cs_client */;

--
-- Dumping data for table `slideshow`
--

INSERT INTO `slideshow` VALUES (2,22,'2013-12-29 11:53:16');

--
-- Table structure for table `slugs`
--

DROP TABLE IF EXISTS `slugs`;
/*!40101 SET @saved_cs_client     = @@character_set_client */;
/*!40101 SET character_set_client = utf8 */;
CREATE TABLE `slugs` (
  `id` int(11) NOT NULL AUTO_INCREMENT,
  `model_name` varchar(45) COLLATE utf8_unicode_ci DEFAULT 'page_m',
  `model_id` int(11) DEFAULT NULL,
  `model_lang_code` varchar(15) COLLATE utf8_unicode_ci DEFAULT 'en',
  `model_lang_id` int(11) DEFAULT '1',
  `slug` varchar(100) COLLATE utf8_unicode_ci DEFAULT NULL,
  `real_url` text COLLATE utf8_unicode_ci,
  PRIMARY KEY (`id`)
) ENGINE=InnoDB AUTO_INCREMENT=413 DEFAULT CHARSET=utf8 COLLATE=utf8_unicode_ci;
/*!40101 SET character_set_client = @saved_cs_client */;

--
-- Dumping data for table `slugs`
--

INSERT INTO `slugs` VALUES (21,'page_m',169,'en',1,'agents',NULL),(22,'page_m',169,'hr',2,'agenti',NULL),(23,'page_m',147,'en',1,'featured',NULL),(24,'page_m',147,'hr',2,'izdvojene',NULL),(27,'page_m',142,'en',1,'test-page',NULL),(28,'page_m',142,'hr',2,'test-stranica',NULL),(29,'page_m',145,'en',1,'fullscreen',NULL),(30,'page_m',145,'hr',2,'puni-zaslon',NULL),(31,'page_m',143,'en',1,'custom-search',NULL),(32,'page_m',143,'hr',2,'prilagodeni-pretrazivac',NULL),(43,'page_m',4,'en',1,'contact',NULL),(44,'page_m',4,'hr',2,'kontakt',NULL),(223,'treefield_m',22,'en',1,'winnipeg',NULL),(224,'treefield_m',22,'hr',2,'winnipeg1',NULL),(225,'custom',NULL,'en',1,'winnipeg-test','winnipeg.htm?search={\"search_option_smart\": \"zagreb\",\"test\":\"test2\"}'),(226,'custom',NULL,'en',1,'winnipeg-test-2','map.htm'),(227,'custom',NULL,'en',1,'winnipeg-test-3','index.php/en/6/map'),(312,'page_m',5,'en',1,'about-us',NULL),(313,'page_m',5,'hr',2,'o-nama',NULL),(328,'page_m',6,'en',1,'map',NULL),(329,'page_m',6,'hr',2,'karta',NULL),(340,'custom',NULL,'en',1,'test-fabian','index.php/en?search={ \"search_option_2\":\"Apartment\", \"search_option_4\":\"Rent\", \"search_option_22\":\"true\",\"search_option_11\":\"true\"}'),(357,'estate_m',30,'en',1,'bjelovar-estate',NULL),(358,'estate_m',30,'hr',2,'bjelovar-nekretnina',NULL),(367,'estate_m',18,'en',1,'small-beauty',NULL),(368,'estate_m',18,'hr',2,'malena-ljepotica',NULL),(369,'estate_m',11,'en',1,'center-korzo',NULL),(370,'estate_m',11,'hr',2,'korzo',NULL),(371,'estate_m',4,'en',1,'domenico',NULL),(372,'estate_m',4,'hr',2,'domenico1',NULL),(373,'estate_m',2,'en',1,'the-old-town',NULL),(374,'estate_m',2,'hr',2,'stari-grad',NULL),(375,'estate_m',1,'en',1,'promenade-vatroslava-jagica',NULL),(376,'estate_m',1,'hr',2,'setaliste-vatroslava-jagica',NULL),(377,'estate_m',20,'en',1,'six',NULL),(378,'estate_m',20,'hr',2,'slasticarnica-sest',NULL),(379,'estate_m',19,'en',1,'retro-old',NULL),(380,'estate_m',19,'hr',2,'stari-retro',NULL),(381,'estate_m',17,'en',1,'hz-putnicki-prijevoz',NULL),(382,'estate_m',17,'hr',2,'hz-putnicki-prijevoz1',NULL),(383,'estate_m',16,'en',1,'ap-varazdin',NULL),(384,'estate_m',16,'hr',2,'ap-varazdin1',NULL),(385,'estate_m',15,'en',1,'round-towers',NULL),(386,'estate_m',15,'hr',2,'okrugle-kule',NULL),(387,'estate_m',14,'en',1,'opca-bolnica-varazdin',NULL),(388,'estate_m',14,'hr',2,'opca-bolnica-varazdin1',NULL),(389,'estate_m',13,'en',1,'hotel-turist',NULL),(390,'estate_m',13,'hr',2,'hotel-turist1',NULL),(391,'estate_m',12,'en',1,'franjevacki-trg',NULL),(392,'estate_m',12,'hr',2,'franjevacki-trg1',NULL),(393,'estate_m',10,'en',1,'mea-culpa-bar',NULL),(394,'estate_m',10,'hr',2,'mea-culpa-bar1',NULL),(395,'estate_m',9,'en',1,'supernova',NULL),(396,'estate_m',9,'hr',2,'supernova1',NULL),(397,'estate_m',8,'en',1,'ozalj-apartment',NULL),(398,'estate_m',8,'hr',2,'ozalj-apartman',NULL),(399,'estate_m',7,'en',1,'nk-varteks',NULL),(400,'estate_m',7,'hr',2,'nk-varteks1',NULL),(401,'estate_m',6,'en',1,'coffeehouse',NULL),(402,'estate_m',6,'hr',2,'kavana-dora',NULL),(403,'estate_m',5,'en',1,'fountain',NULL),(404,'estate_m',5,'hr',2,'fontana',NULL),(405,'estate_m',3,'en',1,'movie-gallery',NULL),(406,'estate_m',3,'hr',2,'kino-galerija',NULL),(411,'page_m',1,'en',1,'categories',NULL),(412,'page_m',1,'hr',2,'kategorije',NULL);

--
-- Table structure for table `stats`
--

DROP TABLE IF EXISTS `stats`;
/*!40101 SET @saved_cs_client     = @@character_set_client */;
/*!40101 SET character_set_client = utf8 */;
CREATE TABLE `stats` (
  `id` int(11) NOT NULL AUTO_INCREMENT,
  `property_id` int(11) DEFAULT NULL,
  `time_part_5min` datetime DEFAULT NULL,
  `views` int(11) DEFAULT NULL,
  PRIMARY KEY (`id`)
) ENGINE=InnoDB AUTO_INCREMENT=215 DEFAULT CHARSET=utf8 COLLATE=utf8_unicode_ci;
/*!40101 SET character_set_client = @saved_cs_client */;

--
-- Dumping data for table `stats`
--

INSERT INTO `stats` VALUES (1,14,'2015-03-01 19:15:00',3),(2,14,'2015-03-01 19:20:00',3),(3,14,'2015-03-01 19:40:00',3),(4,14,'2015-03-01 19:45:00',4),(5,14,'2015-03-01 19:50:00',1),(6,14,'2015-03-01 19:55:00',1),(7,9,'2015-03-01 19:55:00',2),(8,8,'2015-03-01 19:55:00',2),(9,14,'2015-03-02 09:35:00',1),(10,14,'2015-03-02 09:45:00',1),(11,14,'2015-03-02 10:00:00',2),(12,14,'2015-03-02 19:45:00',1),(13,14,'2015-03-02 19:55:00',4),(14,14,'2015-03-02 20:30:00',3),(15,14,'2015-03-02 21:10:00',1),(16,14,'2015-03-02 21:15:00',4),(17,14,'2015-03-02 21:30:00',2),(18,14,'2015-03-02 21:35:00',3),(19,14,'2015-03-02 21:40:00',3),(20,14,'2015-03-02 21:45:00',1),(21,14,'2015-03-02 21:50:00',5),(22,14,'2015-03-02 21:55:00',3),(23,14,'2015-03-02 22:00:00',1),(24,14,'2015-03-03 17:10:00',1),(25,14,'2015-03-03 18:10:00',2),(26,14,'2015-03-03 21:00:00',1),(27,14,'2015-03-03 21:15:00',2),(28,14,'2015-03-03 21:25:00',4),(29,14,'2015-03-03 21:50:00',1),(30,14,'2015-03-03 21:55:00',5),(31,14,'2015-03-03 22:00:00',1),(32,14,'2015-03-05 09:25:00',2),(33,12,'2015-03-05 09:25:00',2),(34,12,'2015-03-05 09:30:00',1),(35,14,'2015-03-05 16:45:00',1),(36,14,'2015-03-05 16:50:00',1),(37,14,'2015-03-05 17:20:00',2),(38,14,'2015-03-05 17:25:00',5),(39,14,'2015-03-07 13:45:00',1),(40,14,'2015-03-08 23:00:00',1),(41,14,'2015-03-09 20:05:00',1),(42,16,'2015-03-13 09:20:00',1),(43,30,'2015-03-13 09:25:00',1),(44,12,'2015-03-17 22:15:00',1),(45,8,'2015-03-17 23:10:00',1),(46,30,'2015-03-17 23:10:00',1),(47,14,'2015-03-18 09:15:00',1),(48,30,'2015-03-19 18:45:00',32),(49,14,'2015-03-24 21:35:00',2),(50,14,'2015-03-24 21:50:00',2),(51,14,'2015-03-24 21:55:00',8),(52,14,'2015-03-24 22:00:00',16),(53,14,'2015-03-24 22:05:00',2),(54,14,'2015-03-24 22:15:00',2),(55,14,'2015-03-27 21:35:00',2),(56,14,'2015-03-27 21:55:00',1),(57,14,'2015-03-27 22:00:00',1),(58,14,'2015-03-29 18:25:00',2),(59,14,'2015-03-29 19:00:00',59),(60,14,'2015-03-29 19:25:00',7),(61,14,'2015-03-29 19:05:00',1),(62,14,'2015-03-29 19:50:00',1),(63,14,'2015-03-29 19:55:00',5),(64,14,'2015-03-29 20:00:00',4),(65,14,'2015-03-29 20:05:00',45),(66,14,'2015-03-29 20:10:00',2),(67,14,'2015-03-29 20:15:00',7),(68,14,'2015-03-29 20:20:00',46),(69,14,'2015-03-29 20:25:00',4),(70,14,'2015-03-29 20:30:00',5),(71,14,'2015-03-29 20:35:00',1),(72,19,'2015-04-07 11:10:00',2),(73,19,'2015-04-08 11:25:00',1),(74,19,'2015-04-08 11:30:00',2),(75,8,'2015-04-10 18:55:00',1),(76,8,'2015-04-10 19:05:00',1),(77,8,'2015-04-10 19:45:00',1),(78,14,'2015-04-12 15:30:00',2),(79,14,'2015-04-12 15:35:00',1),(80,30,'2015-04-26 19:55:00',2),(81,8,'2015-05-25 21:10:00',1),(82,8,'2015-05-29 15:30:00',1),(83,8,'2015-05-29 15:50:00',1),(84,14,'2015-06-06 12:10:00',1),(85,14,'2015-06-06 17:45:00',2),(86,14,'2015-06-06 17:50:00',3),(87,14,'2015-06-06 17:55:00',2),(88,14,'2015-06-06 18:00:00',8),(89,14,'2015-06-06 18:05:00',2),(90,14,'2015-06-06 18:10:00',2),(91,30,'2015-06-07 15:15:00',1),(92,14,'2015-06-07 15:20:00',1),(93,14,'2015-06-08 19:45:00',2),(94,8,'2015-06-08 20:00:00',5),(95,14,'2015-06-09 08:30:00',1),(96,12,'2015-06-09 08:30:00',1),(97,14,'2015-06-09 14:45:00',5),(98,14,'2015-06-09 14:50:00',1),(99,14,'2015-06-09 14:55:00',6),(100,14,'2015-06-09 15:00:00',1),(101,14,'2015-06-09 15:05:00',1),(102,14,'2015-06-09 15:10:00',3),(103,12,'2015-06-09 15:10:00',6),(104,12,'2015-06-09 15:15:00',4),(105,12,'2015-06-09 15:20:00',4),(106,12,'2015-06-09 15:25:00',5),(107,12,'2015-06-09 15:30:00',7),(108,12,'2015-06-09 15:35:00',1),(109,12,'2015-06-09 16:10:00',1),(110,12,'2015-06-09 19:15:00',1),(111,12,'2015-06-09 19:20:00',1),(112,12,'2015-06-09 19:45:00',1),(113,12,'2015-06-09 19:50:00',4),(114,12,'2015-06-09 19:55:00',3),(115,12,'2015-06-09 20:00:00',6),(116,14,'2015-06-09 20:05:00',2),(117,14,'2015-06-09 20:10:00',1),(118,14,'2015-06-09 20:15:00',4),(119,13,'2015-06-09 20:20:00',5),(120,30,'2015-06-09 20:20:00',6),(121,7,'2015-06-09 20:20:00',6),(122,7,'2015-06-09 20:25:00',1),(123,7,'2015-06-09 20:30:00',1),(124,30,'2015-06-09 20:40:00',4),(125,30,'2015-06-09 20:45:00',5),(126,12,'2015-06-09 20:55:00',4),(127,12,'2015-06-09 21:00:00',1),(128,30,'2015-06-09 21:00:00',1),(129,8,'2015-06-09 21:00:00',6),(130,30,'2015-06-10 16:20:00',1),(131,30,'2015-06-10 16:25:00',1),(132,30,'2015-06-10 16:30:00',4),(133,30,'2015-06-10 16:35:00',5),(134,30,'2015-06-10 17:45:00',6),(135,30,'2015-06-10 17:50:00',7),(136,30,'2015-06-10 17:55:00',4),(137,30,'2015-06-10 18:00:00',2),(138,12,'2015-06-10 19:15:00',5),(139,7,'2015-06-13 09:45:00',5),(140,7,'2015-06-13 10:00:00',5),(141,30,'2015-06-13 10:00:00',5),(142,30,'2015-06-13 10:05:00',6),(143,30,'2015-06-13 10:10:00',4),(144,30,'2015-06-13 10:15:00',4),(145,30,'2015-06-13 10:20:00',1),(146,8,'2015-06-13 10:20:00',5),(147,7,'2015-06-19 14:10:00',5),(148,30,'2015-06-19 14:10:00',5),(149,14,'2015-06-20 15:30:00',5),(150,7,'2015-06-20 19:10:00',4),(151,30,'2015-06-20 19:10:00',3),(152,30,'2015-06-20 19:25:00',3),(153,30,'2015-06-20 19:30:00',2),(154,30,'2015-06-20 19:35:00',2),(155,12,'2015-06-20 20:10:00',4),(156,12,'2015-06-20 20:15:00',4),(157,12,'2015-06-20 20:20:00',4),(158,30,'2015-06-23 23:50:00',4),(159,7,'2015-06-23 23:50:00',2),(160,8,'2015-06-23 23:50:00',2),(161,30,'2015-06-23 23:55:00',8),(162,14,'2015-06-24 21:40:00',3),(163,12,'2015-06-24 21:40:00',3),(164,8,'2015-06-24 21:40:00',5),(165,30,'2015-06-24 21:40:00',7),(166,19,'2015-06-24 21:40:00',5),(167,18,'2015-06-24 21:40:00',5),(168,8,'2015-06-24 21:45:00',3),(169,8,'2015-07-05 12:05:00',4),(170,30,'2015-07-05 12:05:00',2),(171,8,'2015-07-05 13:40:00',2),(172,30,'2015-07-05 13:40:00',2),(173,9,'2015-07-05 13:55:00',4),(174,30,'2015-07-05 14:05:00',2),(175,14,'2015-07-07 21:40:00',5),(176,14,'2015-07-09 20:00:00',4),(177,19,'2015-07-14 22:00:00',5),(178,14,'2015-07-18 17:20:00',5),(179,14,'2015-07-21 19:40:00',5),(180,14,'2015-07-23 15:20:00',5),(181,13,'2015-07-23 15:20:00',5),(182,30,'2015-07-23 15:20:00',5),(183,14,'2015-07-27 18:50:00',4),(184,18,'2015-07-27 19:00:00',4),(185,14,'2015-07-28 14:30:00',11),(186,14,'2015-07-28 14:40:00',3),(187,14,'2015-07-28 14:55:00',2),(188,14,'2015-07-28 15:00:00',2),(189,14,'2015-07-28 15:05:00',1),(190,30,'2015-07-30 17:10:00',2),(191,19,'2015-07-30 17:15:00',2),(192,7,'2015-07-30 17:30:00',3),(193,2,'2016-03-04 16:30:00',1),(194,2,'2016-03-04 16:35:00',1),(195,1,'2016-03-04 21:05:00',1),(196,1,'2016-03-04 21:15:00',2),(197,1,'2016-03-04 21:20:00',1),(198,21,'2016-03-04 21:25:00',1),(199,21,'2016-03-04 21:30:00',1),(200,18,'2016-03-06 11:55:00',1),(201,11,'2016-03-07 17:35:00',1),(202,19,'2016-03-07 17:40:00',2),(203,19,'2016-03-07 19:35:00',1),(204,18,'2016-03-08 13:20:00',1),(205,18,'2016-03-08 15:40:00',1),(206,18,'2016-03-11 16:20:00',1),(207,4,'2016-03-11 16:20:00',1),(208,5,'2016-03-11 16:30:00',1),(209,18,'2016-03-11 16:30:00',1),(210,18,'2016-03-11 16:45:00',1),(211,18,'2016-03-11 17:20:00',1),(212,18,'2016-09-29 17:10:00',1),(213,2,'2017-01-30 11:50:00',1),(214,18,'2017-06-20 11:00:00',1);

--
-- Table structure for table `stats_periods`
--

DROP TABLE IF EXISTS `stats_periods`;
/*!40101 SET @saved_cs_client     = @@character_set_client */;
/*!40101 SET character_set_client = utf8 */;
CREATE TABLE `stats_periods` (
  `id` int(11) NOT NULL AUTO_INCREMENT,
  `property_id` int(11) DEFAULT NULL,
  `period` varchar(45) COLLATE utf8_unicode_ci DEFAULT 'WEEK' COMMENT 'WEEK\nDAY\nMONTH',
  `views` int(11) DEFAULT '0',
  `date` datetime DEFAULT NULL,
  PRIMARY KEY (`id`)
) ENGINE=InnoDB AUTO_INCREMENT=199 DEFAULT CHARSET=utf8 COLLATE=utf8_unicode_ci;
/*!40101 SET character_set_client = @saved_cs_client */;

--
-- Dumping data for table `stats_periods`
--

INSERT INTO `stats_periods` VALUES (1,14,'WEEK',5,'2015-03-02 00:00:00'),(2,14,'DAY',3,'2015-03-05 00:00:00'),(3,14,'MONTH',232,'2015-03-01 00:00:00'),(4,14,'YEAR',338,'2015-01-01 00:00:00'),(5,14,'DAY',1,'2015-03-07 00:00:00'),(6,14,'DAY',1,'2015-03-08 00:00:00'),(7,14,'WEEK',1,'2015-03-09 00:00:00'),(8,14,'DAY',1,'2015-03-09 00:00:00'),(9,16,'WEEK',1,'2015-03-09 00:00:00'),(10,16,'DAY',1,'2015-03-13 00:00:00'),(11,16,'MONTH',1,'2015-03-01 00:00:00'),(12,16,'YEAR',1,'2015-01-01 00:00:00'),(13,30,'WEEK',1,'2015-03-09 00:00:00'),(14,30,'DAY',1,'2015-03-13 00:00:00'),(15,30,'MONTH',34,'2015-03-01 00:00:00'),(16,30,'YEAR',150,'2015-01-01 00:00:00'),(17,12,'WEEK',1,'2015-03-16 00:00:00'),(18,12,'DAY',1,'2015-03-17 00:00:00'),(19,12,'MONTH',1,'2015-03-01 00:00:00'),(20,12,'YEAR',71,'2015-01-01 00:00:00'),(21,8,'WEEK',1,'2015-03-16 00:00:00'),(22,8,'DAY',1,'2015-03-17 00:00:00'),(23,8,'MONTH',1,'2015-03-01 00:00:00'),(24,8,'YEAR',39,'2015-01-01 00:00:00'),(25,30,'WEEK',33,'2015-03-16 00:00:00'),(26,30,'DAY',1,'2015-03-17 00:00:00'),(27,14,'WEEK',1,'2015-03-16 00:00:00'),(28,14,'DAY',1,'2015-03-18 00:00:00'),(29,30,'DAY',32,'2015-03-19 00:00:00'),(30,14,'WEEK',225,'2015-03-23 00:00:00'),(31,14,'DAY',32,'2015-03-24 00:00:00'),(32,14,'DAY',4,'2015-03-27 00:00:00'),(33,14,'DAY',189,'2015-03-29 00:00:00'),(34,19,'WEEK',5,'2015-04-06 00:00:00'),(35,19,'DAY',2,'2015-04-07 00:00:00'),(36,19,'MONTH',5,'2015-04-01 00:00:00'),(37,19,'YEAR',17,'2015-01-01 00:00:00'),(38,19,'DAY',3,'2015-04-08 00:00:00'),(39,8,'WEEK',3,'2015-04-06 00:00:00'),(40,8,'DAY',3,'2015-04-10 00:00:00'),(41,8,'MONTH',3,'2015-04-01 00:00:00'),(42,14,'WEEK',3,'2015-04-06 00:00:00'),(43,14,'DAY',3,'2015-04-12 00:00:00'),(44,14,'MONTH',3,'2015-04-01 00:00:00'),(45,30,'WEEK',2,'2015-04-20 00:00:00'),(46,30,'DAY',2,'2015-04-26 00:00:00'),(47,30,'MONTH',2,'2015-04-01 00:00:00'),(48,8,'WEEK',3,'2015-05-25 00:00:00'),(49,8,'DAY',1,'2015-05-25 00:00:00'),(50,8,'MONTH',3,'2015-05-01 00:00:00'),(51,8,'DAY',2,'2015-05-29 00:00:00'),(52,14,'WEEK',21,'2015-06-01 00:00:00'),(53,14,'DAY',20,'2015-06-06 00:00:00'),(54,14,'MONTH',56,'2015-06-01 00:00:00'),(55,30,'WEEK',1,'2015-06-01 00:00:00'),(56,30,'DAY',1,'2015-06-07 00:00:00'),(57,30,'MONTH',101,'2015-06-01 00:00:00'),(58,14,'DAY',1,'2015-06-07 00:00:00'),(59,14,'WEEK',27,'2015-06-08 00:00:00'),(60,14,'DAY',2,'2015-06-08 00:00:00'),(61,8,'WEEK',16,'2015-06-08 00:00:00'),(62,8,'DAY',5,'2015-06-08 00:00:00'),(63,8,'MONTH',26,'2015-06-01 00:00:00'),(64,14,'DAY',25,'2015-06-09 00:00:00'),(65,12,'WEEK',55,'2015-06-08 00:00:00'),(66,12,'DAY',50,'2015-06-09 00:00:00'),(67,12,'MONTH',70,'2015-06-01 00:00:00'),(68,13,'WEEK',5,'2015-06-08 00:00:00'),(69,13,'DAY',5,'2015-06-09 00:00:00'),(70,13,'MONTH',5,'2015-06-01 00:00:00'),(71,13,'YEAR',10,'2015-01-01 00:00:00'),(72,30,'WEEK',66,'2015-06-08 00:00:00'),(73,30,'DAY',16,'2015-06-09 00:00:00'),(74,7,'WEEK',18,'2015-06-08 00:00:00'),(75,7,'DAY',8,'2015-06-09 00:00:00'),(76,7,'MONTH',29,'2015-06-01 00:00:00'),(77,7,'YEAR',32,'2015-01-01 00:00:00'),(78,8,'DAY',6,'2015-06-09 00:00:00'),(79,30,'DAY',30,'2015-06-10 00:00:00'),(80,12,'DAY',5,'2015-06-10 00:00:00'),(81,7,'DAY',10,'2015-06-13 00:00:00'),(82,30,'DAY',20,'2015-06-13 00:00:00'),(83,8,'DAY',5,'2015-06-13 00:00:00'),(84,7,'WEEK',9,'2015-06-15 00:00:00'),(85,7,'DAY',5,'2015-06-19 00:00:00'),(86,30,'WEEK',15,'2015-06-15 00:00:00'),(87,30,'DAY',5,'2015-06-19 00:00:00'),(88,14,'WEEK',5,'2015-06-15 00:00:00'),(89,14,'DAY',5,'2015-06-20 00:00:00'),(90,7,'DAY',4,'2015-06-20 00:00:00'),(91,30,'DAY',10,'2015-06-20 00:00:00'),(92,12,'WEEK',12,'2015-06-15 00:00:00'),(93,12,'DAY',12,'2015-06-20 00:00:00'),(94,30,'WEEK',19,'2015-06-22 00:00:00'),(95,30,'DAY',12,'2015-06-23 00:00:00'),(96,7,'WEEK',2,'2015-06-22 00:00:00'),(97,7,'DAY',2,'2015-06-23 00:00:00'),(98,8,'WEEK',10,'2015-06-22 00:00:00'),(99,8,'DAY',2,'2015-06-23 00:00:00'),(100,14,'WEEK',3,'2015-06-22 00:00:00'),(101,14,'DAY',3,'2015-06-24 00:00:00'),(102,12,'WEEK',3,'2015-06-22 00:00:00'),(103,12,'DAY',3,'2015-06-24 00:00:00'),(104,8,'DAY',8,'2015-06-24 00:00:00'),(105,30,'DAY',7,'2015-06-24 00:00:00'),(106,19,'WEEK',5,'2015-06-22 00:00:00'),(107,19,'DAY',5,'2015-06-24 00:00:00'),(108,19,'MONTH',5,'2015-06-01 00:00:00'),(109,18,'WEEK',5,'2015-06-22 00:00:00'),(110,18,'DAY',5,'2015-06-24 00:00:00'),(111,18,'MONTH',5,'2015-06-01 00:00:00'),(112,18,'YEAR',9,'2015-01-01 00:00:00'),(113,8,'WEEK',6,'2015-06-29 00:00:00'),(114,8,'DAY',6,'2015-07-05 00:00:00'),(115,8,'MONTH',6,'2015-07-01 00:00:00'),(116,30,'WEEK',6,'2015-06-29 00:00:00'),(117,30,'DAY',6,'2015-07-05 00:00:00'),(118,30,'MONTH',13,'2015-07-01 00:00:00'),(119,9,'WEEK',4,'2015-06-29 00:00:00'),(120,9,'DAY',4,'2015-07-05 00:00:00'),(121,9,'MONTH',4,'2015-07-01 00:00:00'),(122,9,'YEAR',4,'2015-01-01 00:00:00'),(123,14,'WEEK',9,'2015-07-06 00:00:00'),(124,14,'DAY',5,'2015-07-07 00:00:00'),(125,14,'MONTH',47,'2015-07-01 00:00:00'),(126,14,'DAY',4,'2015-07-09 00:00:00'),(127,19,'WEEK',5,'2015-07-13 00:00:00'),(128,19,'DAY',5,'2015-07-14 00:00:00'),(129,19,'MONTH',7,'2015-07-01 00:00:00'),(130,14,'WEEK',5,'2015-07-13 00:00:00'),(131,14,'DAY',5,'2015-07-18 00:00:00'),(132,14,'WEEK',10,'2015-07-20 00:00:00'),(133,14,'DAY',5,'2015-07-21 00:00:00'),(134,14,'DAY',5,'2015-07-23 00:00:00'),(135,13,'WEEK',5,'2015-07-20 00:00:00'),(136,13,'DAY',5,'2015-07-23 00:00:00'),(137,13,'MONTH',5,'2015-07-01 00:00:00'),(138,30,'WEEK',5,'2015-07-20 00:00:00'),(139,30,'DAY',5,'2015-07-23 00:00:00'),(140,14,'WEEK',23,'2015-07-27 00:00:00'),(141,14,'DAY',4,'2015-07-27 00:00:00'),(142,18,'WEEK',4,'2015-07-27 00:00:00'),(143,18,'DAY',4,'2015-07-27 00:00:00'),(144,18,'MONTH',4,'2015-07-01 00:00:00'),(145,14,'DAY',19,'2015-07-28 00:00:00'),(146,30,'WEEK',2,'2015-07-27 00:00:00'),(147,30,'DAY',2,'2015-07-30 00:00:00'),(148,19,'WEEK',2,'2015-07-27 00:00:00'),(149,19,'DAY',2,'2015-07-30 00:00:00'),(150,7,'WEEK',3,'2015-07-27 00:00:00'),(151,7,'DAY',3,'2015-07-30 00:00:00'),(152,7,'MONTH',3,'2015-07-01 00:00:00'),(153,2,'WEEK',2,'2016-02-29 00:00:00'),(154,2,'DAY',2,'2016-03-04 00:00:00'),(155,2,'MONTH',2,'2016-03-01 00:00:00'),(156,2,'YEAR',2,'2016-01-01 00:00:00'),(157,1,'WEEK',4,'2016-02-29 00:00:00'),(158,1,'DAY',4,'2016-03-04 00:00:00'),(159,1,'MONTH',4,'2016-03-01 00:00:00'),(160,1,'YEAR',4,'2016-01-01 00:00:00'),(161,21,'WEEK',2,'2016-02-29 00:00:00'),(162,21,'DAY',2,'2016-03-04 00:00:00'),(163,21,'MONTH',2,'2016-03-01 00:00:00'),(164,21,'YEAR',2,'2016-01-01 00:00:00'),(165,18,'WEEK',1,'2016-02-29 00:00:00'),(166,18,'DAY',1,'2016-03-06 00:00:00'),(167,18,'MONTH',7,'2016-03-01 00:00:00'),(168,18,'YEAR',8,'2016-01-01 00:00:00'),(169,11,'WEEK',1,'2016-03-07 00:00:00'),(170,11,'DAY',1,'2016-03-07 00:00:00'),(171,11,'MONTH',1,'2016-03-01 00:00:00'),(172,11,'YEAR',1,'2016-01-01 00:00:00'),(173,19,'WEEK',3,'2016-03-07 00:00:00'),(174,19,'DAY',3,'2016-03-07 00:00:00'),(175,19,'MONTH',3,'2016-03-01 00:00:00'),(176,19,'YEAR',3,'2016-01-01 00:00:00'),(177,18,'WEEK',6,'2016-03-07 00:00:00'),(178,18,'DAY',2,'2016-03-08 00:00:00'),(179,18,'DAY',4,'2016-03-11 00:00:00'),(180,4,'WEEK',1,'2016-03-07 00:00:00'),(181,4,'DAY',1,'2016-03-11 00:00:00'),(182,4,'MONTH',1,'2016-03-01 00:00:00'),(183,4,'YEAR',1,'2016-01-01 00:00:00'),(184,5,'WEEK',1,'2016-03-07 00:00:00'),(185,5,'DAY',1,'2016-03-11 00:00:00'),(186,5,'MONTH',1,'2016-03-01 00:00:00'),(187,5,'YEAR',1,'2016-01-01 00:00:00'),(188,18,'WEEK',1,'2016-09-26 00:00:00'),(189,18,'DAY',1,'2016-09-29 00:00:00'),(190,18,'MONTH',1,'2016-09-01 00:00:00'),(191,2,'WEEK',1,'2017-01-30 00:00:00'),(192,2,'DAY',1,'2017-01-30 00:00:00'),(193,2,'MONTH',1,'2017-01-01 00:00:00'),(194,2,'YEAR',1,'2017-01-01 00:00:00'),(195,18,'WEEK',1,'2017-06-19 00:00:00'),(196,18,'DAY',1,'2017-06-20 00:00:00'),(197,18,'MONTH',1,'2017-06-01 00:00:00'),(198,18,'YEAR',1,'2017-01-01 00:00:00');

--
-- Table structure for table `token_api`
--

DROP TABLE IF EXISTS `token_api`;
/*!40101 SET @saved_cs_client     = @@character_set_client */;
/*!40101 SET character_set_client = utf8 */;
CREATE TABLE `token_api` (
  `id` int(11) NOT NULL,
  `date_last_access` datetime NOT NULL,
  `ip` varchar(50) COLLATE utf8_unicode_ci NOT NULL,
  `username` varchar(50) COLLATE utf8_unicode_ci NOT NULL,
  `user_id` int(11) NOT NULL,
  `token` varchar(50) COLLATE utf8_unicode_ci NOT NULL,
  `other` text COLLATE utf8_unicode_ci NOT NULL
) ENGINE=InnoDB DEFAULT CHARSET=utf8 COLLATE=utf8_unicode_ci;
/*!40101 SET character_set_client = @saved_cs_client */;

--
-- Dumping data for table `token_api`
--


--
-- Table structure for table `trates`
--

DROP TABLE IF EXISTS `trates`;
/*!40101 SET @saved_cs_client     = @@character_set_client */;
/*!40101 SET character_set_client = utf8 */;
CREATE TABLE `trates` (
  `id` int(11) NOT NULL AUTO_INCREMENT,
  `property_id` int(11) NOT NULL,
  `date_from` datetime DEFAULT NULL,
  `date_to` datetime DEFAULT NULL,
  `min_stay` int(11) DEFAULT '1',
  `changeover_day` int(11) DEFAULT '6',
  `table_row_index` int(11) DEFAULT NULL,
  `dates` text COLLATE utf8_unicode_ci,
  `rates` text COLLATE utf8_unicode_ci,
  PRIMARY KEY (`id`)
) ENGINE=InnoDB DEFAULT CHARSET=utf8 COLLATE=utf8_unicode_ci;
/*!40101 SET character_set_client = @saved_cs_client */;

--
-- Dumping data for table `trates`
--


--
-- Table structure for table `treefield`
--

DROP TABLE IF EXISTS `treefield`;
/*!40101 SET @saved_cs_client     = @@character_set_client */;
/*!40101 SET character_set_client = utf8 */;
CREATE TABLE `treefield` (
  `id` int(11) NOT NULL AUTO_INCREMENT,
  `field_id` int(11) DEFAULT NULL,
  `root_id` int(11) DEFAULT NULL,
  `parent_id` int(11) DEFAULT NULL,
  `order` int(11) DEFAULT NULL,
  `level` int(11) DEFAULT NULL,
  `field_name` varchar(100) COLLATE utf8_unicode_ci DEFAULT NULL,
  `template` varchar(100) COLLATE utf8_unicode_ci DEFAULT 'treefield',
  `repository_id` int(11) DEFAULT NULL,
  `image_filename` varchar(200) COLLATE utf8_unicode_ci DEFAULT NULL,
  `affilate_price` decimal(10,2) DEFAULT NULL,
  `notifications_sent` tinyint(1) DEFAULT '1',
  PRIMARY KEY (`id`)
) ENGINE=InnoDB AUTO_INCREMENT=60 DEFAULT CHARSET=utf8 COLLATE=utf8_unicode_ci;
/*!40101 SET character_set_client = @saved_cs_client */;

--
-- Dumping data for table `treefield`
--

INSERT INTO `treefield` VALUES (36,64,NULL,0,NULL,0,NULL,'treefield_treefield',NULL,NULL,NULL,1),(37,64,NULL,36,NULL,1,NULL,'treefield_treefield',NULL,NULL,NULL,1),(38,64,NULL,36,NULL,1,NULL,'treefield_treefield',NULL,NULL,NULL,1),(39,64,NULL,36,NULL,1,NULL,'treefield_treefield',NULL,NULL,NULL,1),(40,64,NULL,36,NULL,1,NULL,'treefield_treefield',NULL,NULL,NULL,1),(41,64,NULL,36,NULL,1,NULL,'treefield_treefield',NULL,NULL,NULL,1),(42,64,NULL,36,NULL,1,NULL,'treefield_treefield',NULL,NULL,NULL,1),(43,64,NULL,36,NULL,1,NULL,'treefield_treefield',NULL,NULL,NULL,1),(44,64,NULL,36,NULL,1,NULL,'treefield_treefield',NULL,NULL,NULL,1),(45,64,NULL,36,NULL,1,NULL,'treefield_treefield',NULL,NULL,NULL,1),(46,64,NULL,36,NULL,1,NULL,'treefield_treefield',NULL,NULL,NULL,1),(47,64,NULL,36,NULL,1,NULL,'treefield_treefield',NULL,NULL,NULL,1),(48,64,NULL,36,NULL,1,NULL,'treefield_treefield',NULL,NULL,NULL,1),(49,64,NULL,36,NULL,1,NULL,'treefield_treefield',NULL,NULL,NULL,1),(50,64,NULL,36,NULL,1,NULL,'treefield_treefield',NULL,NULL,NULL,1),(51,64,NULL,36,NULL,1,NULL,'treefield_treefield',NULL,NULL,NULL,1),(52,64,NULL,36,NULL,1,NULL,'treefield_treefield',NULL,NULL,NULL,1),(53,64,NULL,36,NULL,1,NULL,'treefield_treefield',NULL,NULL,NULL,1),(54,64,NULL,36,NULL,1,NULL,'treefield_treefield',NULL,NULL,NULL,1),(55,64,NULL,36,NULL,1,NULL,'treefield_treefield',NULL,NULL,NULL,1),(56,64,NULL,36,NULL,1,NULL,'treefield_treefield',NULL,NULL,NULL,1),(57,64,NULL,36,NULL,1,NULL,'treefield_treefield',NULL,NULL,NULL,1),(58,64,NULL,42,0,2,NULL,'0',312,NULL,NULL,1),(59,64,NULL,58,0,3,NULL,'0',313,NULL,NULL,1);

--
-- Table structure for table `treefield_lang`
--

DROP TABLE IF EXISTS `treefield_lang`;
/*!40101 SET @saved_cs_client     = @@character_set_client */;
/*!40101 SET character_set_client = utf8 */;
CREATE TABLE `treefield_lang` (
  `id` int(11) NOT NULL AUTO_INCREMENT,
  `treefield_id` int(11) DEFAULT NULL,
  `language_id` int(11) DEFAULT NULL,
  `value` text COLLATE utf8_unicode_ci,
  `value_path` text COLLATE utf8_unicode_ci,
  `title` varchar(160) COLLATE utf8_unicode_ci DEFAULT NULL,
  `path_title` varchar(160) COLLATE utf8_unicode_ci DEFAULT NULL,
  `address` varchar(160) COLLATE utf8_unicode_ci DEFAULT NULL,
  `body` text COLLATE utf8_unicode_ci,
  `keywords` varchar(160) COLLATE utf8_unicode_ci DEFAULT NULL,
  `description` varchar(160) COLLATE utf8_unicode_ci DEFAULT NULL,
  `slug` varchar(100) COLLATE utf8_unicode_ci DEFAULT NULL,
  `adcode1` text COLLATE utf8_unicode_ci,
  `adcode2` text COLLATE utf8_unicode_ci,
  `adcode3` text COLLATE utf8_unicode_ci,
  `adcode4` text COLLATE utf8_unicode_ci,
  `adcode5` text COLLATE utf8_unicode_ci,
  `adcode6` text COLLATE utf8_unicode_ci,
  PRIMARY KEY (`id`)
) ENGINE=InnoDB AUTO_INCREMENT=361 DEFAULT CHARSET=utf8 COLLATE=utf8_unicode_ci;
/*!40101 SET character_set_client = @saved_cs_client */;

--
-- Dumping data for table `treefield_lang`
--

INSERT INTO `treefield_lang` VALUES (313,36,1,'Croatia','Croatia',NULL,NULL,NULL,NULL,NULL,NULL,NULL,NULL,NULL,NULL,NULL,NULL,NULL),(314,36,2,'Croatia','Croatia',NULL,NULL,NULL,NULL,NULL,NULL,NULL,NULL,NULL,NULL,NULL,NULL,NULL),(315,37,1,'Dubrovacko-Neretvanska','Croatia - Dubrovacko-Neretvanska',NULL,NULL,NULL,NULL,NULL,NULL,NULL,NULL,NULL,NULL,NULL,NULL,NULL),(316,37,2,'Dubrovacko-Neretvanska','Croatia - Dubrovacko-Neretvanska',NULL,NULL,NULL,NULL,NULL,NULL,NULL,NULL,NULL,NULL,NULL,NULL,NULL),(317,38,1,'Šibensko-Kninska','Croatia - Šibensko-Kninska',NULL,NULL,NULL,NULL,NULL,NULL,NULL,NULL,NULL,NULL,NULL,NULL,NULL),(318,38,2,'Šibensko-Kninska','Croatia - Šibensko-Kninska',NULL,NULL,NULL,NULL,NULL,NULL,NULL,NULL,NULL,NULL,NULL,NULL,NULL),(319,39,1,'Splitsko-Dalmatinska','Croatia - Splitsko-Dalmatinska',NULL,NULL,NULL,NULL,NULL,NULL,NULL,NULL,NULL,NULL,NULL,NULL,NULL),(320,39,2,'Splitsko-Dalmatinska','Croatia - Splitsko-Dalmatinska',NULL,NULL,NULL,NULL,NULL,NULL,NULL,NULL,NULL,NULL,NULL,NULL,NULL),(321,40,1,'Zadarska','Croatia - Zadarska',NULL,NULL,NULL,NULL,NULL,NULL,NULL,NULL,NULL,NULL,NULL,NULL,NULL),(322,40,2,'Zadarska','Croatia - Zadarska',NULL,NULL,NULL,NULL,NULL,NULL,NULL,NULL,NULL,NULL,NULL,NULL,NULL),(323,41,1,'Krapinsko-Zagorska','Croatia - Krapinsko-Zagorska',NULL,NULL,NULL,NULL,NULL,NULL,NULL,NULL,NULL,NULL,NULL,NULL,NULL),(324,41,2,'Krapinsko-Zagorska','Croatia - Krapinsko-Zagorska',NULL,NULL,NULL,NULL,NULL,NULL,NULL,NULL,NULL,NULL,NULL,NULL,NULL),(325,42,1,'Karlovacka','Croatia - Karlovacka',NULL,NULL,NULL,NULL,NULL,NULL,NULL,NULL,NULL,NULL,NULL,NULL,NULL),(326,42,2,'Karlovacka','Croatia - Karlovacka',NULL,NULL,NULL,NULL,NULL,NULL,NULL,NULL,NULL,NULL,NULL,NULL,NULL),(327,43,1,'Licko-Senjska','Croatia - Licko-Senjska',NULL,NULL,NULL,NULL,NULL,NULL,NULL,NULL,NULL,NULL,NULL,NULL,NULL),(328,43,2,'Licko-Senjska','Croatia - Licko-Senjska',NULL,NULL,NULL,NULL,NULL,NULL,NULL,NULL,NULL,NULL,NULL,NULL,NULL),(329,44,1,'Primorsko-Goranska','Croatia - Primorsko-Goranska',NULL,NULL,NULL,NULL,NULL,NULL,NULL,NULL,NULL,NULL,NULL,NULL,NULL),(330,44,2,'Primorsko-Goranska','Croatia - Primorsko-Goranska',NULL,NULL,NULL,NULL,NULL,NULL,NULL,NULL,NULL,NULL,NULL,NULL,NULL),(331,45,1,'Sisacko-Moslavacka','Croatia - Sisacko-Moslavacka',NULL,NULL,NULL,NULL,NULL,NULL,NULL,NULL,NULL,NULL,NULL,NULL,NULL),(332,45,2,'Sisacko-Moslavacka','Croatia - Sisacko-Moslavacka',NULL,NULL,NULL,NULL,NULL,NULL,NULL,NULL,NULL,NULL,NULL,NULL,NULL),(333,46,1,'Zagrebacka','Croatia - Zagrebacka',NULL,NULL,NULL,NULL,NULL,NULL,NULL,NULL,NULL,NULL,NULL,NULL,NULL),(334,46,2,'Zagrebacka','Croatia - Zagrebacka',NULL,NULL,NULL,NULL,NULL,NULL,NULL,NULL,NULL,NULL,NULL,NULL,NULL),(335,47,1,'Grad Zagreb','Croatia - Grad Zagreb',NULL,NULL,NULL,NULL,NULL,NULL,NULL,NULL,NULL,NULL,NULL,NULL,NULL),(336,47,2,'Grad Zagreb','Croatia - Grad Zagreb',NULL,NULL,NULL,NULL,NULL,NULL,NULL,NULL,NULL,NULL,NULL,NULL,NULL),(337,48,1,'Istarska','Croatia - Istarska',NULL,NULL,NULL,NULL,NULL,NULL,NULL,NULL,NULL,NULL,NULL,NULL,NULL),(338,48,2,'Istarska','Croatia - Istarska',NULL,NULL,NULL,NULL,NULL,NULL,NULL,NULL,NULL,NULL,NULL,NULL,NULL),(339,49,1,'Brodsko-Posavska','Croatia - Brodsko-Posavska',NULL,NULL,NULL,NULL,NULL,NULL,NULL,NULL,NULL,NULL,NULL,NULL,NULL),(340,49,2,'Brodsko-Posavska','Croatia - Brodsko-Posavska',NULL,NULL,NULL,NULL,NULL,NULL,NULL,NULL,NULL,NULL,NULL,NULL,NULL),(341,50,1,'Osjecko-Baranjska','Croatia - Osjecko-Baranjska',NULL,NULL,NULL,NULL,NULL,NULL,NULL,NULL,NULL,NULL,NULL,NULL,NULL),(342,50,2,'Osjecko-Baranjska','Croatia - Osjecko-Baranjska',NULL,NULL,NULL,NULL,NULL,NULL,NULL,NULL,NULL,NULL,NULL,NULL,NULL),(343,51,1,'Pozesko-Slavonska','Croatia - Pozesko-Slavonska',NULL,NULL,NULL,NULL,NULL,NULL,NULL,NULL,NULL,NULL,NULL,NULL,NULL),(344,51,2,'Pozesko-Slavonska','Croatia - Pozesko-Slavonska',NULL,NULL,NULL,NULL,NULL,NULL,NULL,NULL,NULL,NULL,NULL,NULL,NULL),(345,52,1,'Vukovarsko-Srijemska','Croatia - Vukovarsko-Srijemska',NULL,NULL,NULL,NULL,NULL,NULL,NULL,NULL,NULL,NULL,NULL,NULL,NULL),(346,52,2,'Vukovarsko-Srijemska','Croatia - Vukovarsko-Srijemska',NULL,NULL,NULL,NULL,NULL,NULL,NULL,NULL,NULL,NULL,NULL,NULL,NULL),(347,53,1,'Viroviticko-Podravska','Croatia - Viroviticko-Podravska',NULL,NULL,NULL,NULL,NULL,NULL,NULL,NULL,NULL,NULL,NULL,NULL,NULL),(348,53,2,'Viroviticko-Podravska','Croatia - Viroviticko-Podravska',NULL,NULL,NULL,NULL,NULL,NULL,NULL,NULL,NULL,NULL,NULL,NULL,NULL),(349,54,1,'Bjelovarska-Bilogorska','Croatia - Bjelovarska-Bilogorska',NULL,NULL,NULL,NULL,NULL,NULL,NULL,NULL,NULL,NULL,NULL,NULL,NULL),(350,54,2,'Bjelovarska-Bilogorska','Croatia - Bjelovarska-Bilogorska',NULL,NULL,NULL,NULL,NULL,NULL,NULL,NULL,NULL,NULL,NULL,NULL,NULL),(351,55,1,'Koprivničko-Križevačka','Croatia - Koprivničko-Križevačka',NULL,NULL,NULL,NULL,NULL,NULL,NULL,NULL,NULL,NULL,NULL,NULL,NULL),(352,55,2,'Koprivničko-Križevačka','Croatia - Koprivničko-Križevačka',NULL,NULL,NULL,NULL,NULL,NULL,NULL,NULL,NULL,NULL,NULL,NULL,NULL),(353,56,1,'Medimurska','Croatia - Medimurska',NULL,NULL,NULL,NULL,NULL,NULL,NULL,NULL,NULL,NULL,NULL,NULL,NULL),(354,56,2,'Medimurska','Croatia - Medimurska',NULL,NULL,NULL,NULL,NULL,NULL,NULL,NULL,NULL,NULL,NULL,NULL,NULL),(355,57,1,'Varaždinska','Croatia - Varaždinska',NULL,NULL,NULL,NULL,NULL,NULL,NULL,NULL,NULL,NULL,NULL,NULL,NULL),(356,57,2,'Varaždinska','Croatia - Varaždinska',NULL,NULL,NULL,NULL,NULL,NULL,NULL,NULL,NULL,NULL,NULL,NULL,NULL),(357,58,1,'test a','Croatia - Karlovacka - test a','0','0','0','0','0','0','','0','0','0','0','0','0'),(358,58,2,'test a','Croatia - Karlovacka - test a','0','0','0','0','0','0','','0','0','0','0','0','0'),(359,59,1,'test b','Croatia - Karlovacka - test a - test b','0','0','0','0','0','0','','0','0','0','0','0','0'),(360,59,2,'test b','Croatia - Karlovacka - test a - test b','0','0','0','0','0','0','','0','0','0','0','0','0');

--
-- Table structure for table `treelevel`
--

DROP TABLE IF EXISTS `treelevel`;
/*!40101 SET @saved_cs_client     = @@character_set_client */;
/*!40101 SET character_set_client = utf8 */;
CREATE TABLE `treelevel` (
  `id` int(11) NOT NULL AUTO_INCREMENT,
  `root_id` int(11) DEFAULT NULL,
  `level` int(11) DEFAULT NULL,
  `language_id` int(11) DEFAULT NULL,
  `level_name` text COLLATE utf8_unicode_ci,
  PRIMARY KEY (`id`)
) ENGINE=InnoDB DEFAULT CHARSET=utf8 COLLATE=utf8_unicode_ci;
/*!40101 SET character_set_client = @saved_cs_client */;

--
-- Dumping data for table `treelevel`
--


--
-- Table structure for table `update_debug`
--

DROP TABLE IF EXISTS `update_debug`;
/*!40101 SET @saved_cs_client     = @@character_set_client */;
/*!40101 SET character_set_client = utf8 */;
CREATE TABLE `update_debug` (
  `id` int(11) NOT NULL AUTO_INCREMENT,
  `version` varchar(45) COLLATE utf8_unicode_ci DEFAULT NULL,
  `message` text COLLATE utf8_unicode_ci,
  PRIMARY KEY (`id`)
) ENGINE=InnoDB AUTO_INCREMENT=2 DEFAULT CHARSET=utf8 COLLATE=utf8_unicode_ci;
/*!40101 SET character_set_client = @saved_cs_client */;

--
-- Dumping data for table `update_debug`
--

INSERT INTO `update_debug` VALUES (1,'1.5.1','initial update_debug message');

--
-- Table structure for table `user`
--

DROP TABLE IF EXISTS `user`;
/*!40101 SET @saved_cs_client     = @@character_set_client */;
/*!40101 SET character_set_client = utf8 */;
CREATE TABLE `user` (
  `id` int(11) NOT NULL AUTO_INCREMENT,
  `username` varchar(45) COLLATE utf8_unicode_ci DEFAULT NULL,
  `password` varchar(45) COLLATE utf8_unicode_ci DEFAULT NULL,
  `name_surname` varchar(100) COLLATE utf8_unicode_ci DEFAULT NULL,
  `address` text COLLATE utf8_unicode_ci,
  `description` text COLLATE utf8_unicode_ci,
  `phone` varchar(45) COLLATE utf8_unicode_ci DEFAULT NULL,
  `phone2` varchar(45) COLLATE utf8_unicode_ci DEFAULT NULL,
  `mail` varchar(100) COLLATE utf8_unicode_ci DEFAULT NULL,
  `last_login` datetime DEFAULT NULL,
  `registration_date` datetime DEFAULT NULL,
  `type` varchar(30) COLLATE utf8_unicode_ci DEFAULT NULL COMMENT 'ADMIN\nAGENT\nUSER',
  `language` varchar(20) COLLATE utf8_unicode_ci DEFAULT NULL,
  `repository_id` int(11) DEFAULT NULL,
  `activated` tinyint(1) DEFAULT '0',
  `qa_id` int(11) DEFAULT NULL,
  `package_id` int(11) DEFAULT '0',
  `package_last_payment` datetime DEFAULT NULL,
  `facebook_id` varchar(160) COLLATE utf8_unicode_ci DEFAULT NULL,
  `mail_verified` tinyint(1) DEFAULT '0',
  `phone_verified` tinyint(1) DEFAULT '0',
  `image_user_filename` varchar(200) COLLATE utf8_unicode_ci DEFAULT NULL,
  `image_agency_filename` varchar(200) COLLATE utf8_unicode_ci DEFAULT NULL,
  `company_name` varchar(200) COLLATE utf8_unicode_ci DEFAULT NULL,
  `zip_city` varchar(100) COLLATE utf8_unicode_ci DEFAULT NULL,
  `prename_name` varchar(100) COLLATE utf8_unicode_ci DEFAULT NULL,
  `vat_number` varchar(100) COLLATE utf8_unicode_ci DEFAULT NULL,
  `facebook_link` varchar(150) COLLATE utf8_unicode_ci DEFAULT NULL,
  `gplus_link` varchar(150) COLLATE utf8_unicode_ci DEFAULT NULL,
  `youtube_link` varchar(150) COLLATE utf8_unicode_ci DEFAULT NULL,
  `twitter_link` varchar(150) COLLATE utf8_unicode_ci DEFAULT NULL,
  `linkedin_link` varchar(150) COLLATE utf8_unicode_ci DEFAULT NULL,
  `county_affiliate_values` text COLLATE utf8_unicode_ci,
  `embed_video_code` text COLLATE utf8_unicode_ci,
  `payment_details` text COLLATE utf8_unicode_ci,
  `custom_fields` text COLLATE utf8_unicode_ci,
  `research_sms_notifications` tinyint(1) DEFAULT '0',
  `research_mail_notifications` tinyint(1) DEFAULT '1',
  `agency_id` int(11) DEFAULT NULL,
  `last_edit_ip` varchar(32) COLLATE utf8_unicode_ci DEFAULT NULL,
  PRIMARY KEY (`id`)
) ENGINE=InnoDB AUTO_INCREMENT=29 DEFAULT CHARSET=utf8 COLLATE=utf8_unicode_ci;
/*!40101 SET character_set_client = @saved_cs_client */;

--
-- Dumping data for table `user`
--

INSERT INTO `user` VALUES (1,'sandi.winter','4ffab','Sandi Winter','Vinogradska 15','','+385 (0)98 734 513',NULL,'sandi@winter.hr','2014-06-14 16:44:09','2013-11-21 11:17:27','ADMIN','english',6,1,0,0,NULL,'',0,0,'sandi.winter.jpg',NULL,NULL,NULL,NULL,NULL,NULL,NULL,NULL,NULL,NULL,NULL,NULL,NULL,NULL,0,1,NULL,NULL),(8,'admin','a114285c9e','Admin','','','+385 (0)91 234 654',NULL,'admin@admin.admin','2017-11-15 18:13:36','2013-12-29 11:39:04','ADMIN','english',186,1,0,0,NULL,'',0,0,NULL,NULL,NULL,NULL,NULL,NULL,NULL,NULL,NULL,NULL,NULL,NULL,NULL,NULL,NULL,0,1,NULL,NULL),(9,'agent','782c9a0f0c','Kety Springs','Vinogradska 14','Lorem ipsum dolor sit amet, consectetur adipiscing elit. Donec auctor diam in quam molestie ullamcorper. Praesent a tellus massa. Nulla laoreet tempus congue. Praesent ut ultrices nunc. Etiam at libero sed turpis tempor placerat in eget lectus. Curabitur pretium, ante vel aliquam lacinia, ipsum felis hendrerit leo, ut aliquet neque odio at nisl.','+385 (0)91 123 321',NULL,'kety@estatepoint.com','2015-07-27 19:03:07','2013-12-29 11:40:16','AGENT','english',21,1,0,0,NULL,'',0,0,'agent.jpg','remax.png',NULL,NULL,NULL,NULL,'#','#','#','#','#',NULL,NULL,NULL,NULL,0,1,NULL,NULL),(10,'lazobiskup','4ffab','Lazo Biškup','Ilica 234, Zagreb','Lorem ipsum dolor sit amet, consectetur adipiscing elit. Donec auctor diam in quam molestie ullamcorper. Praesent a tellus massa. Nulla laoreet tempus congue. Praesent ut ultrices nunc. Etiam at libero sed turpis tempor placerat in eget lectus. Curabitur pretium, ante vel aliquam lacinia, ipsum felis hendrerit leo, ut aliquet neque odio at nisl.','+385 (0)98 676 565',NULL,'lazo@estatepoint.com',NULL,'2014-01-05 14:44:11','AGENT','english',184,1,0,0,NULL,'',0,0,'agent-lazo.jpg','alogo4.png',NULL,NULL,NULL,NULL,NULL,NULL,NULL,NULL,NULL,NULL,NULL,NULL,NULL,0,1,NULL,NULL),(11,'peropetric','4ffab','Pero Petrić','Varaždinska 34, Varaždin','Lorem ipsum dolor sit amet, consectetur adipiscing elit. Donec auctor diam in quam molestie ullamcorper. Praesent a tellus massa. Nulla laoreet tempus congue. Praesent ut ultrices nunc. Etiam at libero sed turpis tempor placerat in eget lectus. Curabitur pretium, ante vel aliquam lacinia, ipsum felis hendrerit leo, ut aliquet neque odio at nisl.','+385 (0)92 123 321',NULL,'pero@estatepoint.com',NULL,'2014-01-05 14:47:58','AGENT','english',185,1,1,0,NULL,'',0,0,'pero-agent.jpg','alogo3.png',NULL,NULL,NULL,NULL,NULL,NULL,NULL,NULL,NULL,NULL,NULL,NULL,NULL,0,1,NULL,NULL),(18,'user','f341be9a30','Test user','Cyro trento 23','My description 2','+385959055516','0','sanljiljan@geniuscript.com','2017-02-06 17:47:38','2014-01-26 12:23:26','USER','english',196,1,0,3,'2017-11-02 15:15:55','0',0,0,'zoom.jpg',NULL,'My real estate ltd','21000','Prename','0945621378','','','','','','0','','','[]',0,1,NULL,'::1'),(21,'user007','4ffab','Imenko Gubić','','','',NULL,'user007@gemail.com','2014-06-03 18:45:48','2014-06-03 18:45:48','USER','croatian',247,1,0,0,NULL,NULL,0,0,'cute-baby-wallpapers-4.jpg',NULL,NULL,NULL,NULL,NULL,NULL,NULL,NULL,NULL,NULL,NULL,NULL,NULL,NULL,0,1,NULL,NULL),(22,'tagent2','4ffab','test agent 2','Vinogradska 567','Lorem ipsum dolor sit amet, consectetur adipiscing elit. Donec auctor diam in quam molestie ullamcorper. Praesent a tellus massa. Nulla laoreet tempus congue. Praesent ut ultrices nunc. Etiam at libero sed turpis tempor placerat in eget lectus. Curabitur pretium, ante vel aliquam lacinia, ipsum felis hendrerit leo, ut aliquet neque odio at nisl.','',NULL,'agent@ppoint.com',NULL,'2014-07-11 20:52:32','AGENT','croatian',254,0,1,0,NULL,'',0,0,NULL,NULL,NULL,NULL,NULL,NULL,NULL,NULL,NULL,NULL,NULL,NULL,NULL,NULL,NULL,0,1,NULL,NULL),(24,'sandi@winter.hr','4ffab','Sandi Winter',NULL,'',NULL,NULL,'info@winter.hr','2014-08-12 15:23:53','2014-08-12 15:23:53','USER','',NULL,1,NULL,1,NULL,'https://www.facebook.com/app_scoped_user_id/1',0,0,NULL,NULL,NULL,NULL,NULL,NULL,NULL,NULL,NULL,NULL,NULL,NULL,NULL,NULL,NULL,0,1,NULL,NULL),(28,'sandi@geniuscript.com','4ffab','sandi@geniuscript.com','0','','0',NULL,'sandi@geniuscript.com','2014-12-17 12:16:26','2014-12-17 12:14:15','USER','',282,1,NULL,1,NULL,NULL,0,0,NULL,NULL,NULL,NULL,NULL,NULL,NULL,NULL,NULL,NULL,NULL,NULL,NULL,NULL,NULL,0,1,NULL,NULL);

--
-- Table structure for table `user_attend_listing`
--

DROP TABLE IF EXISTS `user_attend_listing`;
/*!40101 SET @saved_cs_client     = @@character_set_client */;
/*!40101 SET character_set_client = utf8 */;
CREATE TABLE `user_attend_listing` (
  `id` int(11) NOT NULL AUTO_INCREMENT,
  `user_id` int(11) DEFAULT NULL,
  `listing_id` int(11) DEFAULT NULL,
  `date` datetime DEFAULT NULL,
  `ip` varchar(45) COLLATE utf8_unicode_ci DEFAULT NULL,
  PRIMARY KEY (`id`)
) ENGINE=InnoDB DEFAULT CHARSET=utf8 COLLATE=utf8_unicode_ci;
/*!40101 SET character_set_client = @saved_cs_client */;

--
-- Dumping data for table `user_attend_listing`
--


--
-- Table structure for table `weather_cacher`
--

DROP TABLE IF EXISTS `weather_cacher`;
/*!40101 SET @saved_cs_client     = @@character_set_client */;
/*!40101 SET character_set_client = utf8 */;
CREATE TABLE `weather_cacher` (
  `id` int(11) NOT NULL AUTO_INCREMENT,
  `property_id` int(11) DEFAULT NULL,
  `lang_id` int(11) DEFAULT NULL,
  `weather_api` varchar(32) DEFAULT NULL,
  `value` text,
  `expire_date` datetime DEFAULT NULL,
  PRIMARY KEY (`id`)
) ENGINE=InnoDB AUTO_INCREMENT=3 DEFAULT CHARSET=utf8;
/*!40101 SET character_set_client = @saved_cs_client */;

--
-- Dumping data for table `weather_cacher`
--

INSERT INTO `weather_cacher` VALUES (1,18,1,'openweathermap','{\"city\":{\"id\":3188383,\"name\":\"Varazdin\",\"coord\":{\"lon\":16.3378,\"lat\":46.3044},\"country\":\"HR\",\"population\":41808},\"cod\":\"200\",\"message\":0.0738007,\"cnt\":8,\"list\":[{\"dt\":1497952800,\"temp\":{\"day\":29.23,\"min\":20.4,\"max\":30.34,\"night\":20.4,\"eve\":30.21,\"morn\":26},\"pressure\":1005.09,\"humidity\":64,\"weather\":[{\"id\":800,\"main\":\"Clear\",\"description\":\"sky is clear\",\"icon\":\"01d\"}],\"speed\":2.77,\"deg\":208,\"clouds\":0},{\"dt\":1498039200,\"temp\":{\"day\":28.19,\"min\":17.26,\"max\":29.16,\"night\":21.01,\"eve\":29.16,\"morn\":17.26},\"pressure\":1000.96,\"humidity\":68,\"weather\":[{\"id\":800,\"main\":\"Clear\",\"description\":\"sky is clear\",\"icon\":\"02d\"}],\"speed\":1.5,\"deg\":29,\"clouds\":8},{\"dt\":1498125600,\"temp\":{\"day\":28.92,\"min\":17.59,\"max\":31.37,\"night\":25.47,\"eve\":31.37,\"morn\":17.59},\"pressure\":1001.55,\"humidity\":65,\"weather\":[{\"id\":800,\"main\":\"Clear\",\"description\":\"sky is clear\",\"icon\":\"01d\"}],\"speed\":2.36,\"deg\":201,\"clouds\":0},{\"dt\":1498212000,\"temp\":{\"day\":28.65,\"min\":18.58,\"max\":28.65,\"night\":18.58,\"eve\":26.3,\"morn\":22.3},\"pressure\":1001.95,\"humidity\":0,\"weather\":[{\"id\":500,\"main\":\"Rain\",\"description\":\"light rain\",\"icon\":\"10d\"}],\"speed\":1.12,\"deg\":282,\"clouds\":0},{\"dt\":1498298400,\"temp\":{\"day\":30.63,\"min\":20.49,\"max\":30.63,\"night\":20.49,\"eve\":27.61,\"morn\":24.42},\"pressure\":1001.23,\"humidity\":0,\"weather\":[{\"id\":800,\"main\":\"Clear\",\"description\":\"sky is clear\",\"icon\":\"01d\"}],\"speed\":0.77,\"deg\":123,\"clouds\":0},{\"dt\":1498384800,\"temp\":{\"day\":31.16,\"min\":20.94,\"max\":31.16,\"night\":20.94,\"eve\":28.42,\"morn\":24.95},\"pressure\":999.33,\"humidity\":0,\"weather\":[{\"id\":800,\"main\":\"Clear\",\"description\":\"sky is clear\",\"icon\":\"01d\"}],\"speed\":1.65,\"deg\":178,\"clouds\":1},{\"dt\":1498471200,\"temp\":{\"day\":30.83,\"min\":20.43,\"max\":30.83,\"night\":20.43,\"eve\":27.97,\"morn\":25.17},\"pressure\":997.39,\"humidity\":0,\"weather\":[{\"id\":800,\"main\":\"Clear\",\"description\":\"sky is clear\",\"icon\":\"01d\"}],\"speed\":1.72,\"deg\":146,\"clouds\":0},{\"dt\":1498557600,\"temp\":{\"day\":32.02,\"min\":22.94,\"max\":32.02,\"night\":22.94,\"eve\":29.44,\"morn\":26.06},\"pressure\":992.97,\"humidity\":0,\"weather\":[{\"id\":800,\"main\":\"Clear\",\"description\":\"sky is clear\",\"icon\":\"01d\"}],\"speed\":2.73,\"deg\":208,\"clouds\":0}]}','2017-06-20 15:02:27'),(2,2,1,'openweathermap','{\"city\":{\"id\":3188383,\"name\":\"Varazdin\",\"coord\":{\"lon\":16.33778,\"lat\":46.30444},\"country\":\"HR\",\"population\":0},\"cod\":\"200\",\"message\":0.021,\"cnt\":8,\"list\":[{\"dt\":1485774000,\"temp\":{\"day\":-5.24,\"min\":-15.4,\"max\":-5.24,\"night\":-14.95,\"eve\":-12.95,\"morn\":-7},\"pressure\":1011.11,\"humidity\":87,\"weather\":[{\"id\":800,\"main\":\"Clear\",\"description\":\"clear sky\",\"icon\":\"01d\"}],\"speed\":1.61,\"deg\":184,\"clouds\":24,\"snow\":0.03},{\"dt\":1485860400,\"temp\":{\"day\":-1.89,\"min\":-8.8,\"max\":0.01,\"night\":-1.93,\"eve\":0.01,\"morn\":-8.8},\"pressure\":1006.18,\"humidity\":97,\"weather\":[{\"id\":800,\"main\":\"Clear\",\"description\":\"clear sky\",\"icon\":\"01d\"}],\"speed\":1.11,\"deg\":131,\"clouds\":80,\"rain\":1.22,\"snow\":0.01},{\"dt\":1485946800,\"temp\":{\"day\":-0.23,\"min\":-2.26,\"max\":0.09,\"night\":0.04,\"eve\":0.02,\"morn\":-2.26},\"pressure\":1008.41,\"humidity\":100,\"weather\":[{\"id\":800,\"main\":\"Clear\",\"description\":\"clear sky\",\"icon\":\"01d\"}],\"speed\":1.58,\"deg\":356,\"clouds\":92,\"rain\":1.31},{\"dt\":1486033200,\"temp\":{\"day\":0.45,\"min\":-6.11,\"max\":0.45,\"night\":-2.53,\"eve\":-2.58,\"morn\":-6.11},\"pressure\":1007.63,\"humidity\":0,\"weather\":[{\"id\":800,\"main\":\"Clear\",\"description\":\"clear sky\",\"icon\":\"01d\"}],\"speed\":1.27,\"deg\":210,\"clouds\":66},{\"dt\":1486119600,\"temp\":{\"day\":8.96,\"min\":1.7,\"max\":8.96,\"night\":1.7,\"eve\":4.54,\"morn\":3.05},\"pressure\":1002.87,\"humidity\":0,\"weather\":[{\"id\":800,\"main\":\"Clear\",\"description\":\"clear sky\",\"icon\":\"01d\"}],\"speed\":2.02,\"deg\":238,\"clouds\":27},{\"dt\":1486206000,\"temp\":{\"day\":9.05,\"min\":0.73,\"max\":9.05,\"night\":0.73,\"eve\":2.73,\"morn\":1.07},\"pressure\":1003.16,\"humidity\":0,\"weather\":[{\"id\":500,\"main\":\"Rain\",\"description\":\"light rain\",\"icon\":\"10d\"}],\"speed\":1.69,\"deg\":194,\"clouds\":70,\"rain\":0.25},{\"dt\":1486292400,\"temp\":{\"day\":9.6,\"min\":-0.34,\"max\":9.6,\"night\":5.66,\"eve\":6.92,\"morn\":-0.34},\"pressure\":999.7,\"humidity\":0,\"weather\":[{\"id\":500,\"main\":\"Rain\",\"description\":\"light rain\",\"icon\":\"10d\"}],\"speed\":2.31,\"deg\":197,\"clouds\":16,\"rain\":0.53},{\"dt\":1486378800,\"temp\":{\"day\":8.24,\"min\":3.84,\"max\":8.24,\"night\":3.84,\"eve\":4.98,\"morn\":6.08},\"pressure\":994.09,\"humidity\":0,\"weather\":[{\"id\":502,\"main\":\"Rain\",\"description\":\"heavy intensity rain\",\"icon\":\"10d\"}],\"speed\":1.2,\"deg\":86,\"clouds\":92,\"rain\":29.76}]}','2017-01-30 15:51:28');

--
-- Table structure for table `withdrawal`
--

DROP TABLE IF EXISTS `withdrawal`;
/*!40101 SET @saved_cs_client     = @@character_set_client */;
/*!40101 SET character_set_client = utf8 */;
CREATE TABLE `withdrawal` (
  `id_withdrawal` int(11) NOT NULL AUTO_INCREMENT,
  `user_id` int(11) DEFAULT NULL,
  `amount` decimal(10,2) DEFAULT NULL,
  `currency` varchar(45) COLLATE utf8_unicode_ci DEFAULT NULL,
  `completed` tinyint(1) DEFAULT '0',
  `date_requested` datetime DEFAULT NULL,
  `date_completed` datetime DEFAULT NULL,
  `withdrawal_email` varchar(160) COLLATE utf8_unicode_ci DEFAULT NULL,
  PRIMARY KEY (`id_withdrawal`)
) ENGINE=InnoDB AUTO_INCREMENT=5 DEFAULT CHARSET=utf8 COLLATE=utf8_unicode_ci;
/*!40101 SET character_set_client = @saved_cs_client */;

--
-- Dumping data for table `withdrawal`
--

INSERT INTO `withdrawal` VALUES (3,18,10.00,'USD',0,'2015-03-11 16:20:47',NULL,'sandi.winter@gmail.com'),(4,18,8.00,'USD',0,'2015-03-13 18:12:13',NULL,'sandi.winter@gmail.com');
/*!40103 SET TIME_ZONE=@OLD_TIME_ZONE */;

/*!40101 SET SQL_MODE=@OLD_SQL_MODE */;
/*!40014 SET FOREIGN_KEY_CHECKS=@OLD_FOREIGN_KEY_CHECKS */;
/*!40014 SET UNIQUE_CHECKS=@OLD_UNIQUE_CHECKS */;
/*!40101 SET CHARACTER_SET_CLIENT=@OLD_CHARACTER_SET_CLIENT */;
/*!40101 SET CHARACTER_SET_RESULTS=@OLD_CHARACTER_SET_RESULTS */;
/*!40101 SET COLLATION_CONNECTION=@OLD_COLLATION_CONNECTION */;
/*!40111 SET SQL_NOTES=@OLD_SQL_NOTES */;

-- Dump completed on 2017-11-15 18:13:49
